shipment_id,order_date,origin_hub,destination_zone,carrier,vehicle_type,priority,weather,distance_km,weight_kg,volume_m3,num_stops,traffic_index,planned_hours,actual_hours,shipping_cost
SH100000,2025-02-02,Hub_North,1,RoadRunner,Van,Standard,Storm,24.8,40.3,0.354,2,2.1,4.65,4.7,215.37
SH100001,2025-10-10,Hub_East,5,RoadRunner,Bike,Express,Storm,42.3,6.8,0.038,2,8.4,6.49,7.54,313.56
SH100002,2025-08-27,Hub_West,5,swiftline,Van,Standard,Rain,81.9,25.9,0.133,6,2.4,8.03,5.4,503.8
SH100003,2025-06-10,Hub_West,6,SwiftLine,Truck,Standard,Clear,42.0,32.4,0.309,6,4.7,6.8,4.01,459.31
SH100004,2025-06-08,Hub_North,5,SwiftLine,Van,Standard,Clear,115.8,35.8,0.294,5,4.8,9.02,6.05,727.96
SH100005,2025-11-10,Hub_North,2,SwiftLine,Bike,Standard,Clear,124.4,23.8,0.162,3,5.8,12.2,9.03,486.5
SH100006,2025-02-01,Hub_West,3,SwiftLine,Van,Standard,Clear,121.1,40.9,0.461,7,3.8,9.82,8.24,773.18
SH100007,2025-09-12,Hub_West,4,CargoPlus,Truck,Standard,Rain,28.1,24.7,0.19,7,,6.47,6.55,278.3
SH100008,2025-03-15,Hub_South,8,SwiftLine,Van,Standard,Clear,79.1,13.9,0.092,1,5.8,6.42,5.78,546.88
SH100009,2025-02-04,Hub_East,5,SwiftLine,Van,Standard,,74.7,14.6,0.084,5,5.5,7.45,5.91,438.59
SH100010,2025-07-12,Hub_South,6,RoadRunner,Bike,Standard,Clear,119.5,36.9,0.243,6,4.2,12.78,12.01,536.19
SH100011,2025-12-23,Hub_South,6,roadrunner,Van,Express,Clear,31.5,15.1,0.093,3,6.6,5.2,2.92,300.38
SH100012,2025-09-26,Hub_North,3,swiftline,Truck,Standard,Rain,74.3,43.1,0.471,6,8.3,8.27,8.0,733.59
SH100013,2025-10-05,Hub_North,8,SwiftLine,Truck,Standard,Clear,31.1,15.0,0.167,7,10.0,6.61,4.2,290.16
SH100014,2025-09-19,Hub_North,6,CargoPlus,Van,Standard,Clear,111.1,10.6,0.077,8,3.6,9.74,7.94,706.28
SH100015,2025-10-14,Hub_West,7,SwiftLine,Truck,Standard,Clear,18.8,85.1,0.518,7,5.2,6.05,5.67,293.58
SH100016,2025-07-07,Hub_North,6,RoadRunner,Van,Standard,Rain,169.0,62.0,0.313,6,1.7,11.35,9.75,1028.93
SH100017,2025-02-16,Hub_North,5,CargoPlus,Truck,Standard,Clear,91.1,29.4,0.286,4,6.9,8.43,7.6,856.36
SH100018,2025-11-03,Hub_South,1,SwiftLine,Bike,Standard,Clear,69.3,18.7,0.206,1,2.8,7.97,5.42,323.7
SH100019,2025-06-14,Hub_North,5,RoadRunner,Van,Standard,Rain,50.8,,0.318,4,6.1,6.24,6.05,411.26
SH100020,2025-07-02,Hub_North,2,SwiftLine,Truck,Express,Rain,122.1,97.2,1.069,7,8.0,10.73,10.37,1328.36
SH100021,2025-05-16,Hub_East,5,SwiftLine,Truck,Express,Clear,31.9,20.4,0.122,4,4.7,5.75,4.05,451.7
SH100022,2025-03-08,Hub_South,6,SwiftLine,Truck,Standard,Rain,18.7,82.9,0.735,8,3.6,6.35,5.37,328.05
SH100023,2025-12-05,Hub_East,5,CargoPlus,Van,Standard,Clear,88.7,18.6,0.086,5,8.1,7.98,7.22,552.43
SH100024,2025-10-13,Hub_West,3,SwiftLine,Truck,Express,Rain,66.9,8.0,0.068,1,6.9,6.43,4.92,741.87
SH100025,2025-08-24,Hub_North,1,SwiftLine,Van,Standard,Clear,81.8,28.3,0.258,7,,8.32,5.54,525.98
SH100026,2025-05-27,Hub_West,6,CargoPlus,Van,Standard,Rain,76.2,6.7,0.061,4,5.8,7.21,6.64,483.74
SH100027,2025-10-28,Hub_West,6,SwiftLine,Van,Standard,Rain,94.9,42.1,0.431,1,3.8,7.02,6.32,632.16
SH100028,2025-07-19,Hub_West,4,CargoPlus,Van,Standard,Clear,69.5,9.9,0.047,6,7.6,7.55,6.19,474.15
SH100029,2025-06-11,Hub_East,6,RoadRunner,Van,Standard,Clear,,38.1,0.237,4,5.7,6.49,6.98,393.67
SH100030,2025-06-14,Hub_East,7,RoadRunner,Truck,Standard,Rain,70.6,48.5,0.463,7,8.6,8.4,9.46,691.85
SH100031,2025-03-24,Hub_East,5,CargoPlus,Van,Standard,Clear,102.2,78.0,0.681,7,3.6,9.1,8.31,708.98
SH100032,2025-02-03,Hub_East,1,RoadRunner,Bike,Standard,Clear,105.7,8.0,0.093,8,6.0,12.47,11.19,384.38
SH100033,2025-07-22,Hub_North,7,SwiftLine,Bike,Standard,Clear,83.6,16.6,0.171,8,5.5,11.01,9.33,352.33
SH100034,2025-11-21,Hub_West,4,CargoPlus,Truck,Standard,Clear,21.7,21.2,0.165,7,6.0,6.18,5.57,227.76
SH100035,2025-01-24,Hub_East,6,CargoPlus,Bike,Standard,Clear,79.1,39.6,0.327,2,4.4,8.91,7.82,380.31
SH100036,2025-11-10,Hub_East,8,CargoPlus,Truck,Standard,Clear,29.1,24.7,0.229,7,1.0,6.52,6.93,314.82
SH100037,2025-10-30,Hub_South ,3,roadrunner,Bike,Standard,Rain,108.3,12.2,0.05,1,6.9,10.54,9.77,433.17
SH100038,2025-04-12,Hub_North,5,RoadRunner,Van,Standard,Clear,101.3,,0.128,4,5.6,8.17,6.48,686.33
SH100039,2025-08-19,Hub_South,1,RoadRunner,Truck,Standard,Clear,44.1,31.8,0.158,7,3.8,7.2,5.77,485.03
SH100040,2025-03-02,Hub_South,8,SwiftLine,Van,Express,Clear,93.3,20.2,0.119,8,4.5,9.06,6.66,717.05
SH100041,2025-10-04,Hub_South,1,RoadRunner,Truck,Standard,Clear,73.0,71.0,0.755,8,3.2,8.81,8.65,787.79
SH100042,2025-09-13,Hub_South,5,RoadRunner,Bike,Express,Clear,48.4,35.6,0.299,2,1.8,6.89,4.49,357.36
SH100043,2025-05-10,Hub_North,3,RoadRunner,Van,Standard,Clear,92.5,12.2,0.133,6,7.6,8.43,7.58,572.4
SH100044,2025-01-25,Hub_South,1,SwiftLine,Van,Standard,Clear,139.1,26.5,0.294,1,6.6,8.71,7.33,825.34
SH100045,2025-12-21,Hub_South,4,RoadRunner,Truck,Standard,Storm,56.4,41.2,0.43,5,2.8,7.16,7.97,561.86
SH100046,2025-06-12,Hub_West,8,RoadRunner,Bike,Express,Clear,84.1,33.4,0.337,3,10.0,9.54,9.52,483.59
SH100047,22/11/2025,Hub_North,2,RoadRunner,Van,Standard,Clear,42.6,19.3,0.103,2,3.2,5.33,4.08,303.71
SH100048,2025-09-05,Hub_South ,3,CargoPlus,Van,Standard,Rain,50.7,23.6,0.145,6,6.9,6.83,7.39,362.68
SH100049,2025-10-12,Hub_North,2,RoadRunner,Truck,Standard,Clear,71.1,26.0,0.25,8,5.5,8.72,7.1,684.11
SH100050,05/10/2025,Hub_South,1,SwiftLine,Truck,Standard,Clear,47.3,52.1,0.334,3,3.0,6.14,4.03,507.93
SH100051,2025-03-13,Hub_South,2,SwiftLine,Truck,Standard,Storm,45.7,42.0,0.294,6,6.2,6.97,7.54,510.34
SH100052,2025-05-13,Hub_East,5,RoadRunner,Van,Express,Clear,39.4,7.8,0.09,7,5.1,6.7,4.72,372.18
SH100053,2025-06-20,Hub_West,7,RoadRunner,Van,Standard,Clear,124.2,68.7,0.663,6,,9.64,8.97,825.56
SH100054,2025-07-01,Hub_North,6,CargoPlus,Truck,Express,Clear,103.2,82.6,0.401,3,8.1,8.68,9.48,1181.53
SH100055,2025-01-16,Hub_East,7,SwiftLine,Truck,Standard,Storm,70.1,20.7,0.202,8,6.7,8.68,9.37,682.57
SH100056,2025-07-19,Hub_North,6,SwiftLine,Truck,Express,Clear,106.7,38.2,0.395,6,,9.73,8.72,1119.71
SH100057,2025-02-26,Hub_North,4,SwiftLine,Truck,Express,Rain,110.8,120.4,1.361,8,5.1,10.52,9.92,1225.46
SH100058,2025-09-29,Hub_South,8,RoadRunner,Truck,Standard,Clear,64.6,27.5,0.261,2,6.2,6.63,5.03,619.1
SH100059,2025-09-07,Hub_North,2,CargoPlus,Bike,Express,Clear,41.5,31.8,0.152,1,5.4,6.14,4.77,390.43
SH100060,2025-12-03,Hub_East,6,CargoPlus,Van,Express,Rain,84.5,44.0,0.445,6,6.5,8.12,8.12,680.15
SH100061,2025-09-29,Hub_East,1,RoadRunner,Truck,Standard,Storm,124.8,63.0,0.583,1,3.6,9.06,10.4,1188.87
SH100062,2025-05-14,Hub_East,7,CargoPlus,Van,Standard,Clear,99.1,,0.044,2,1.0,7.48,5.22,597.41
SH100063,2025-12-20,Hub_South,1,SwiftLine,Bike,Standard,Clear,136.2,27.0,0.272,2,8.2,12.68,11.56,524.32
SH100064,2025-05-30,Hub_East,2,RoadRunner,Van,Standard,Rain,110.1,62.9,0.516,2,5.5,7.9,7.5,717.23
SH100065,2025-04-29,Hub_South,4,CargoPlus,Van,Standard,Clear,178.4,45.0,0.516,8,6.6,12.31,11.54,1103.15
SH100066,2025-11-27,Hub_North,6,SwiftLine,Truck,Standard,Clear,87.0,35.7,0.409,7,4.1,9.14,7.2,839.7
SH100067,2025-05-16,Hub_North,1,CargoPlus,Truck,Standard,Clear,61.1,31.9,0.185,5,5.1,7.37,7.54,560.95
SH100068,2025-01-28,Hub_East,3,SwiftLine,Bike,Standard,Storm,102.4,60.9,0.458,6,8.5,11.65,13.06,389.34
SH100069,2025-06-21,Hub_West,3,swiftline,Van,Standard,Clear,127.2,41.5,0.232,6,6.2,9.75,7.11,784.28
SH100070,2025-10-18,Hub_North,6,RoadRunner,Bike,Standard,Clear,79.4,78.6,0.522,7,9.9,10.43,9.53,373.85
SH100071,2025-03-11,Hub_East,8,CargoPlus,Truck,Express,Clear,111.3,24.5,0.142,3,7.3,9.04,8.33,1148.08
SH100072,2025-06-18,Hub_East,5,SwiftLine,Bike,Standard,Clear,58.0,3.8,0.031,6,4.2,8.72,6.0,221.56
SH100073,2025-02-17,Hub_West,5,CargoPlus,Van,Standard,Clear,109.9,56.1,0.225,4,6.4,8.49,8.13,734.74
SH100074,2025-09-08,Hub_South,3,SwiftLine,Van,Standard,Clear,218.8,22.7,0.235,5,8.9,12.95,11.75,1287.26
SH100075,2025-06-23,Hub_East,7,RoadRunner,Van,Express,Clear,58.3,28.9,0.152,3,,6.22,4.31,495.97
SH100076,2025-05-01,Hub_East,1,RoadRunner,Van,Standard,Clear,82.0,33.3,0.206,7,6.8,8.33,6.98,528.51
SH100077,24/03/2025,Hub_West,2,SwiftLine,Van,Standard,Clear,96.1,18.9,0.102,8,8.3,9.17,7.22,581.18
SH100078,2025-07-26,Hub_North,2,RoadRunner,Van,Standard,Rain,68.4,9.6,0.066,8,1.0,8.11,7.5,452.97
SH100079,2025-09-02,Hub_West,3,RoadRunner,Bike,Standard,Clear,60.2,53.7,0.248,4,6.9,8.27,8.2,303.43
SH100080,2025-12-10,Hub_North,4,RoadRunner,Van,Standard,Clear,74.4,1.5,0.016,1,8.2,6.24,5.46,482.57
SH100081,2025-06-09,Hub_West,8,SwiftLine,Van,Standard,Clear,119.2,99.4,0.728,7,4.0,9.75,9.4,867.43
SH100082,2025-02-28,Hub_North,6,SwiftLine,Van,Standard,Clear,32.5,29.4,0.335,1,7.6,4.64,2.29,256.52
SH100083,2025-10-31,Hub_North,4,CargoPlus,Truck,Standard,,46.4,3.8,0.017,2,5.5,5.8,5.38,424.91
SH100084,2025-08-18,Hub_North,2,RoadRunner,Van,Express,Clear,67.4,59.1,0.318,8,2.1,8.07,5.76,591.55
SH100085,2025-09-13,Hub_South,6,CargoPlus,Truck,Standard,Rain,112.8,5.7,0.061,3,7.1,9.11,9.5,1024.53
SH100086,2025-02-05,Hub_South,3,roadrunner,Bike,Express,Clear,74.1,18.4,0.142,5,5.5,9.48,6.59,420.37
SH100087,2025-04-25,Hub_North,8,CargoPlus,Truck,Standard,Storm,53.1,84.2,0.377,2,5.4,6.11,8.59,591.01
SH100088,2025-10-08,Hub_South,4,SwiftLine,Bike,Standard,Clear,142.8,39.3,0.172,3,6.8,13.41,11.15,574.41
SH100089,2025-10-31,Hub_South,5,RoadRunner,Van,Standard,Clear,80.9,35.4,0.395,3,3.6,7.09,6.01,557.39
SH100090,2025-06-08,Hub_East,8,RoadRunner,Van,Standard,Clear,59.6,38.7,0.236,2,7.0,5.97,5.68,398.27
SH100091,2025-10-21,Hub_West,3,SwiftLine,Van,Standard,Clear,95.4,13.8,0.101,6,3.7,8.54,5.5,593.06
SH100092,2025-11-04,Hub_East,4,SwiftLine,Bike,Standard,Clear,93.2,40.2,0.449,6,8.5,11.04,9.82,409.24
SH100093,2025-05-22,Hub_North,5,RoadRunner,Truck,Standard,Clear,81.9,,0.343,2,7.8,7.41,7.3,830.07
SH100094,2025-11-24,Hub_North,3,CargoPlus,Van,Standard,Rain,51.6,25.7,0.261,8,8.6,7.47,8.41,355.65
SH100095,2025-04-16,Hub_West,1,RoadRunner,Truck,Standard,Rain,111.8,69.3,0.539,5,6.4,9.67,8.8,1087.32
SH100096,2025-03-29,Hub_North,3,SwiftLine,Van,Express,Clear,154.8,48.7,0.466,6,,10.81,8.41,1096.11
SH100097,2025-09-07,Hub_South,1,CargoPlus,Van,Standard,Clear,88.2,11.0,0.095,1,4.1,6.77,5.87,572.22
SH100098,2025-08-21,Hub_West,6,SwiftLine,Truck,Standard,Clear,34.9,21.3,0.114,4,3.9,5.88,3.92,376.49
SH100099,2025-02-21,Hub_West,1,SwiftLine,Bike,Standard,Rain,191.7,18.2,0.156,8,5.2,18.13,17.17,684.56
SH100100,2025-10-31,Hub_South,3,CargoPlus,Van,Standard,Clear,95.0,14.2,0.162,7,4.1,8.82,7.09,568.35
SH100101,2025-03-14,Hub_East,8,CargoPlus,Van,Express,,43.8,63.9,0.432,1,6.1,5.07,3.81,482.27
SH100102,2025-10-21,Hub_South,5,CargoPlus,Van,Standard,Clear,109.0,21.2,0.169,6,3.9,9.06,7.25,665.46
SH100103,2025-01-03,Hub_East,6,CargoPlus,Bike,Express,,125.0,49.3,0.361,7,4.3,13.44,11.49,646.55
SH100104,2025-10-18,Hub_North,6,RoadRunner,Van,Standard,Clear,75.5,40.9,0.389,2,4.7,6.58,5.15,523.73
SH100105,2025-10-15,Hub_North,3,SwiftLine,Van,Standard,,29.5,10.8,0.097,7,3.9,6.33,4.78,200.14
SH100106,2025-10-12,Hub_East,6,SwiftLine,Van,Standard,Rain,83.8,63.9,0.499,2,4.8,6.9,5.94,611.6
SH100107,2025-08-31,Hub_North,2,CargoPlus,Bike,Standard,Storm,43.1,27.6,0.121,8,6.7,8.34,9.79,212.33
SH100108,2025-06-22,Hub_East,6,CargoPlus,Van,Standard,Clear,96.4,21.2,0.13,1,3.7,7.08,5.94,596.01
SH100109,2025-09-15,Hub_South ,6,SwiftLine,Truck,Standard,Clear,52.6,8.4,0.055,6,3.1,7.28,4.5,518.06
SH100110,2025-04-12,Hub_West,8,SwiftLine,Bike,Express,Rain,91.2,14.9,0.147,2,5.1,9.71,8.38,495.02
SH100111,2025-10-12,Hub_West,8,SwiftLine,Van,Standard,Clear,60.7,12.3,0.088,5,3.2,6.92,5.12,399.72
SH100112,2025-07-22,Hub_South,1,SwiftLine,Truck,Standard,Clear,85.7,6.6,0.046,7,8.2,9.08,7.87,824.48
SH100113,2025-06-17,Hub_East,3,CargoPlus,Truck,Standard,Clear,110.5,38.9,0.294,5,4.1,9.61,7.75,986.84
SH100114,2025-07-04,Hub_North,5,SwiftLine,Bike,Standard,Clear,112.0,12.8,0.095,6,5.6,12.28,11.05,440.46
SH100115,2025-07-27,Hub_South,3,RoadRunner,Van,Standard,Clear,49.2,30.7,0.299,7,6.4,7.08,4.76,328.6
SH100116,2025-01-14,Hub_North,5,CargoPlus,Bike,Standard,Clear,64.3,59.6,0.558,3,3.0,8.24,7.55,328.78
SH100117,2025-02-21,Hub_West,7,RoadRunner,Truck,Standard,Clear,65.7,45.6,0.461,7,3.8,8.18,6.83,662.9
SH100118,2025-03-31,Hub_West,3,RoadRunner,Van,Standard,Clear,831.0,34.1,0.193,1,4.2,6.57,5.58,543.55
SH100119,2025-02-11,Hub_West,8,swiftline,Van,Standard,Clear,129.2,4.2,0.042,5,7.1,9.53,7.64,733.92
SH100120,2025-06-10,Hub_West,8,SwiftLine,Van,Express,Clear,69.5,6.6,0.042,7,9.2,7.85,5.72,517.75
SH100121,2025-09-01,Hub_West,8,SwiftLine,Van,Standard,Rain,91.9,17.5,0.07,6,9.2,8.41,8.28,522.1
SH100122,2025-08-27,Hub_North,1,SwiftLine,Bike,Express,Rain,67.9,36.0,0.328,3,8.0,8.48,7.45,422.7
SH100123,2025-06-21,Hub_West ,3,SwiftLine,Truck,Standard,Rain,52.8,12.6,0.052,8,3.0,7.89,6.53,510.03
SH100124,2025-11-09,Hub_East,1,SwiftLine,Van,Standard,Rain,33.7,12.3,0.059,8,3.7,6.79,5.66,257.64
SH100125,2025-07-26,Hub_South,1,SwiftLine,Van,Express,Clear,58.9,57.7,0.25,1,8.3,5.65,5.26,593.98
SH100126,2025-01-29,Hub_East,1,SwiftLine,Truck,Standard,Clear,40.0,23.4,0.207,1,8.6,5.21,2.79,433.98
SH100127,2025-10-07,Hub_South,4,CargoPlus,Bike,Standard,Clear,41.1,6.9,0.039,5,7.1,7.31,7.18,206.1
SH100128,2025-07-29,Hub_North,1,SwiftLine,Bike,Standard,Clear,86.5,36.6,0.383,2,7.1,9.4,8.32,343.24
SH100129,2025-08-20,Hub_North,3,SwiftLine,Van,Standard,Rain,91.4,9.4,0.064,1,4.6,6.89,5.78,583.68
SH100130,2025-07-26,Hub_North,8,CargoPlus,Truck,Standard,Clear,114.4,36.0,0.241,7,8.9,10.38,9.49,1072.37
SH100131,2025-07-22,Hub_South,8,SwiftLine,Bike,Standard,Rain,26.8,20.7,0.168,4,4.0,6.07,5.61,122.48
SH100132,2025-02-03,Hub_West,8,RoadRunner,Truck,Express,Clear,105.3,28.8,0.294,7,2.3,9.97,6.52,1122.36
SH100133,2025-07-24,Hub_East,1,CargoPlus,Van,Standard,Clear,17.8,12.0,0.115,6,7.1,5.58,5.52,132.86
SH100134,2025-10-18,Hub_South,6,RoadRunner,Van,Standard,Rain,52.9,19.7,0.111,6,4.3,6.92,5.9,332.85
SH100135,2025-04-21,Hub_South,6,SwiftLine,Van,Standard,Clear,68.0,17.6,0.178,4,2.9,6.89,5.57,477.42
SH100136,2025-08-09,Hub_South,2,RoadRunner,Bike,Standard,Rain,52.8,13.3,0.107,6,7.3,8.38,7.55,233.78
SH100137,2025-01-12,Hub_North,8,RoadRunner,Bike,Standard,Rain,73.0,,0.242,1,1.8,8.21,6.19,276.16
SH100138,2025-05-07,Hub_West,4,SwiftLine,Truck,Standard,Rain,80.5,4.3,0.035,3,6.4,7.65,6.5,717.03
SH100139,2025-06-09,Hub_North,8,SwiftLine,Van,Standard,Rain,15.9,,0.275,7,4.6,5.81,4.54,215.29
SH100140,2025-12-25,Hub_East,1,SwiftLine,Van,Standard,Clear,92.8,42.0,0.424,6,8.7,8.44,7.12,579.39
SH100141,2025-03-20,Hub_East,6,CargoPlus,Truck,Standard,Clear,56.9,,0.09,2,6.4,6.28,6.49,550.0
SH100142,2025-04-11,Hub_East ,2,SwiftLine,Bike,Standard,Rain,103.5,21.7,0.213,7,,12.02,11.08,398.23
SH100143,2025-05-30,Hub_West,8,SwiftLine,Van,Express,Clear,105.3,19.7,0.164,5,3.3,8.62,5.74,835.0
SH100144,2025-12-29,Hub_North,5,RoadRunner,Van,Standard,Clear,77.0,43.6,0.236,6,2.1,7.84,7.13,488.3
SH100145,2025-11-08,Hub_West,1,CargoPlus,Bike,Standard,,111.9,,0.071,2,4.8,11.08,9.8,386.53
SH100146,2025-01-13,Hub_East,2,SwiftLine,Truck,Standard,Clear,46.8,50.6,0.221,2,6.7,5.82,5.12,494.66
SH100147,2025-03-27,Hub_East,3,SwiftLine,Truck,Standard,Clear,53.3,8.6,0.04,8,5.6,7.92,6.21,489.29
SH100148,2025-10-27,Hub_East,1,RoadRunner,Van,Standard,Storm,26.4,50.8,0.401,8,7.8,6.51,8.55,257.39
SH100149,2025-01-22,Hub_West,1,RoadRunner,Truck,Express,Clear,94.4,3.1,0.03,4,6.6,8.58,6.56,955.15
SH100150,2025-11-09,Hub_West,8,RoadRunner,Bike,Standard,Clear,73.6,,0.097,8,3.4,10.35,8.65,323.63
SH100151,2025-04-13,Hub_South,8,CargoPlus,Truck,Standard,Clear,67.6,44.2,0.233,7,6.4,8.26,8.68,678.87
SH100152,2025-12-01,Hub_West,5,SwiftLine,Truck,Express,Clear,,48.9,0.514,3,5.8,6.97,4.64,761.27
SH100153,2025-04-18,Hub_East,8,SwiftLine,Bike,Express,Clear,60.9,8.9,0.052,4,8.0,8.31,6.41,361.6
SH100154,2025-06-08,Hub_South,6,SwiftLine,Van,Standard,Clear,41.3,37.3,0.396,5,3.6,6.18,3.96,312.82
SH100155,2025-08-30,Hub_West,1,SwiftLine,Truck,Express,Clear,37.1,,0.165,3,4.2,5.68,3.94,552.6
SH100156,2025-02-16,Hub_South,6,RoadRunner,Van,Standard,Clear,155.3,38.7,0.414,3,6.3,9.93,7.85,970.18
SH100157,2025-07-23,Hub_East,1,CargoPlus,Van,Standard,Clear,90.2,111.9,1.103,2,,7.14,7.39,710.83
SH100158,2025-07-04,Hub_North,7,SwiftLine,Van,Standard,Clear,66.7,119.7,0.62,6,5.1,7.45,7.09,556.49
SH100159,2025-10-14,Hub_North,3,RoadRunner,Bike,Express,Rain,62.6,59.3,0.398,4,6.7,8.43,7.73,451.41
SH100160,2025-12-30,Hub_West,2,SwiftLine,Bike,Standard,Rain,,12.8,0.085,8,5.6,11.13,8.73,302.66
SH100161,2025-08-31,Hub_South,3,RoadRunner,Bike,Standard,Rain,122.6,18.3,0.093,8,5.4,13.58,12.17,474.5
SH100162,2025-05-30,Hub_South,6,SwiftLine,Van,Standard,Rain,77.8,,0.208,1,7.8,6.37,5.36,540.0
SH100163,2025-05-29,Hub_North,7,RoadRunner,Van,Standard,,183.3,19.2,0.181,6,5.7,11.89,11.3,1023.11
SH100164,2025-06-02,Hub_South,5,SwiftLine,Van,Standard,Rain,961.0,12.9,0.127,6,4.6,8.57,7.66,584.76
SH100165,2025-10-25,Hub_West,2,CargoPlus,Bike,Standard,Clear,57.0,49.5,0.278,1,4.5,7.16,6.85,289.82
SH100166,2025-04-28,Hub_West,8,CargoPlus,Bike,Standard,Rain,36.7,8.8,0.086,7,4.9,7.62,6.48,192.81
SH100167,2025-03-02,Hub_North,7,CargoPlus,Van,Standard,Clear,119.6,,0.021,5,4.1,9.16,7.62,688.2
SH100168,2025-05-03,Hub_East,4,CargoPlus,Bike,Standard,Clear,44.2,42.1,0.183,7,5.0,8.11,8.16,225.67
SH100169,2025-01-09,Hub_South,5,SwiftLine,Van,Standard,Clear,103.7,,0.228,4,5.6,8.26,7.1,672.36
SH100170,2025-02-08,Hub_East,8,RoadRunner,Van,Standard,Clear,86.2,6.9,0.046,4,6.1,7.59,5.85,539.43
SH100171,2025-02-02,Hub_South,4,SwiftLine,Van,Express,Clear,32.8,6.7,0.029,6,3.5,6.15,3.92,355.41
SH100172,09/10/2025,Hub_South,1,CargoPlus,Van,Standard,Clear,84.4,24.8,0.118,7,4.7,8.42,6.52,561.44
SH100173,2025-09-21,Hub_South,2,SwiftLine,Truck,Standard,Storm,92.1,31.2,0.214,7,4.8,9.37,9.23,884.25
SH100174,2025-09-12,Hub_East,5,SwiftLine,Bike,Standard,Clear,61.3,19.7,0.225,4,4.0,8.34,4.98,251.31
SH100175,2025-06-18,Hub_South,8,RoadRunner,Truck,Express,Clear,59.5,16.6,0.151,5,4.3,7.3,5.05,690.09
SH100176,19/09/2025,Hub_South ,6,SwiftLine,Van,Standard,Clear,63.1,23.8,0.273,8,7.3,7.91,6.6,434.62
SH100177,2025-02-28,Hub_West,5,RoadRunner,Bike,Express,Clear,118.1,39.9,0.171,8,8.2,13.28,11.64,574.5
SH100178,2025-11-25,Hub_East,3,SwiftLine,Van,Standard,Clear,57.9,7.2,0.079,4,4.9,6.51,4.41,352.08
SH100179,2025-07-02,Hub_South,4,RoadRunner,Bike,Standard,Clear,27.6,27.8,0.141,6,4.1,6.72,4.8,131.31
SH100180,2025-12-09,Hub_West,1,CargoPlus,Van,Standard,Clear,73.8,12.9,0.076,2,5.3,6.52,5.13,494.02
SH100181,2025-02-25,Hub_West,3,RoadRunner,Truck,Standard,Clear,25.8,102.7,0.493,3,5.7,5.17,4.1,457.84
SH100182,2025-07-01,Hub_North,5,SwiftLine,Truck,Express,Clear,83.1,29.0,0.211,5,6.9,8.37,6.92,890.6
SH100183,2025-09-12,Hub_East,8,SwiftLine,Van,Express,Clear,42.4,66.8,0.375,4,4.7,5.92,3.49,501.69
SH100184,2025-06-30,Hub_North,8,SwiftLine,Truck,Standard,Rain,65.0,38.4,0.381,8,4.4,8.45,7.16,678.08
SH100185,2025-06-12,Hub_East,7,SwiftLine,Van,Express,Rain,42.8,83.2,0.835,7,10.0,6.83,5.82,483.3
SH100186,2025-03-02,Hub_North,1,RoadRunner,Bike,Standard,Clear,137.9,,0.152,1,2.9,12.49,9.98,524.34
SH100187,2025-05-20,Hub_East,7,SwiftLine,Truck,Standard,Clear,85.9,26.6,0.277,3,7.3,7.89,7.89,841.21
SH100188,2025-03-29,Hub_North,2,SwiftLine,Bike,Standard,Rain,41.6,21.5,0.114,2,8.5,6.44,7.49,197.3
SH100189,2025-04-21,Hub_South,5,SwiftLine,Bike,Standard,Clear,77.6,14.3,0.062,2,5.0,8.81,6.56,307.07
SH100190,2025-09-07,Hub_West,8,CargoPlus,Bike,Standard,Clear,37.8,7.6,0.04,5,6.4,7.09,6.34,206.9
SH100191,2025-08-19,Hub_South,8,SwiftLine,Van,Standard,Clear,64.6,31.4,0.187,7,2.1,7.66,6.03,429.46
SH100192,2025-08-10,Hub_West,6,SwiftLine,Van,Standard,Clear,122.5,48.3,0.213,6,5.5,9.57,8.61,767.83
SH100193,13/05/2025,Hub_West,3,RoadRunner,Van,Standard,Rain,86.7,23.0,0.112,4,7.8,7.61,7.79,545.27
SH100194,2025-12-17,Hub_West,5,SwiftLine,Van,Standard,Rain,44.1,17.4,0.112,4,5.7,5.98,5.61,353.31
SH100195,2025-02-01,Hub_North,6,CargoPlus,Truck,Standard,Clear,34.5,65.3,0.707,2,5.6,5.26,5.09,445.54
SH100196,2025-05-06,Hub_West,5,SwiftLine,Truck,Standard,Clear,92.5,10.5,0.114,7,9.0,9.39,7.63,855.38
SH100197,2025-02-13,Hub_North,4,RoadRunner,Bike,Standard,Rain,150.2,,0.307,7,7.1,15.1,15.63,570.79
SH100198,2025-05-04,Hub_South,4,RoadRunner,Bike,Standard,Clear,66.4,42.5,0.203,3,6.9,8.38,7.56,285.12
SH100199,2025-12-18,Hub_West,5,CargoPlus,Van,Standard,Clear,119.6,12.6,0.051,2,3.9,8.26,7.02,730.61
SH100200,2025-05-14,Hub_East,1,RoadRunner,Bike,Standard,Clear,87.4,25.9,0.221,4,1.0,10.06,6.55,346.54
SH100201,2025-11-28,Hub_South ,8,CargoPlus,Van,Standard,,91.8,49.5,0.437,6,6.2,8.4,8.11,610.7
SH100202,2025-06-30,Hub_South,1,RoadRunner,Van,Express,Rain,37.3,12.5,0.074,3,5.5,5.42,4.03,377.87
SH100203,2025-09-13,Hub_West,8,RoadRunner,Truck,Express,Clear,64.3,39.1,0.406,3,7.0,6.91,5.67,786.32
SH100204,2025-06-16,Hub_East,1,RoadRunner,Bike,Standard,Rain,66.6,5.7,0.066,2,5.7,8.09,8.46,-308.38
SH100205,2025-04-08,Hub_South,5,RoadRunner,Van,Standard,Clear,21.7,22.7,0.151,6,5.6,5.73,4.9,169.87
SH100206,2025-10-06,Hub_West,4,RoadRunner,Van,Express,Clear,50.7,55.1,0.637,8,5.6,7.43,5.67,544.39
SH100207,2025-12-20,Hub_North,5,SwiftLine,Truck,Standard,Rain,53.6,40.2,0.194,7,3.3,7.63,5.86,549.87
SH100208,2025-04-07,Hub_North,4,SwiftLine,Van,Standard,Rain,43.6,57.4,0.448,7,1.8,6.86,6.61,381.7
SH100209,2025-10-12,Hub_East,8,SwiftLine,Truck,Standard,Clear,63.1,,0.014,2,3.7,6.56,4.49,589.95
SH100210,2025-04-06,Hub_West,1,swiftline,Truck,Express,Clear,101.2,23.4,0.203,7,3.3,9.79,4.8,1040.22
SH100211,2025-09-19,Hub_North,8,RoadRunner,Bike,Standard,Storm,102.7,13.5,0.062,7,5.4,11.97,13.28,374.42
SH100212,2025-10-15,Hub_North,6,SwiftLine,Van,Standard,Clear,130.1,24.3,0.195,3,2.2,8.96,6.49,786.9
SH100213,2025-06-14,Hub_North,7,RoadRunner,Van,Express,Clear,109.8,51.1,0.275,5,4.5,8.79,5.55,847.11
SH100214,2025-09-26,Hub_West,2,RoadRunner,Van,Standard,Clear,80.5,70.9,0.52,1,9.4,6.47,6.61,597.15
SH100215,2025-04-10,Hub_North,1,RoadRunner,Van,Standard,Clear,,92.9,0.883,7,5.4,10.24,9.46,973.06
SH100216,29/01/2025,Hub_South,4,RoadRunner,Van,Express,Clear,55.7,17.8,0.119,1,5.6,5.53,2.84,507.69
SH100217,2025-02-05,Hub_West,3,SwiftLine,Truck,Standard,Clear,69.8,4.9,0.041,1,5.5,6.56,5.8,610.54
SH100218,2025-06-13,Hub_North,7,SwiftLine,Bike,Express,Clear,155.9,,0.044,5,5.9,14.88,12.34,698.36
SH100219,2025-11-26,Hub_East,8,RoadRunner,Van,Express,Clear,54.8,8.6,0.095,7,4.4,7.29,4.77,491.21
SH100220,2025-02-16,Hub_South,4,CargoPlus,Bike,Standard,Clear,19.4,47.7,0.571,7,5.2,6.48,5.3,167.68
SH100221,2025-06-16,Hub_West,7,RoadRunner,Van,Standard,Clear,34.9,35.4,0.192,8,4.4,6.83,5.41,256.7
SH100222,2025-09-14,Hub_South ,1,RoadRunner,Van,Standard,Clear,66.1,37.0,0.294,1,2.5,5.92,4.33,451.29
SH100223,2025-03-15,Hub_South,6,RoadRunner,Van,Express,Clear,43.4,,0.246,6,7.8,6.56,5.16,464.34
SH100224,2025-09-21,Hub_North,1,RoadRunner,Van,Express,Rain,33.1,17.7,0.202,3,3.7,5.26,3.9,382.22
SH100225,2025-04-22,Hub_East,6,RoadRunner,Van,Express,Storm,104.0,64.6,0.383,8,8.7,9.47,10.57,859.29
SH100226,2025-10-23,Hub_East,4,RoadRunner,Van,Standard,Clear,87.5,2.4,0.029,3,4.0,7.34,5.64,560.13
SH100227,2025-07-31,Hub_North,4,SwiftLine,Van,Standard,Clear,22.5,9.2,0.069,4,2.8,5.16,2.89,184.7
SH100228,2025-07-19,Hub_South,3,SwiftLine,Bike,Standard,Rain,114.1,41.4,0.421,3,9.4,11.52,11.81,387.26
SH100229,2025-03-06,Hub_West,4,SwiftLine,Truck,Standard,Clear,176.0,19.2,0.156,6,2.5,12.88,10.39,1543.23
SH100230,2025-06-19,Hub_North,7,RoadRunner,Van,Standard,Rain,50.2,46.4,0.296,8,1.0,7.42,6.36,345.43
SH100231,2025-11-09,Hub_North,7,cargoplus,Truck,Express,Clear,88.3,43.2,0.21,5,2.6,8.6,6.52,1009.37
SH100232,2025-01-08,Hub_East,3,SwiftLine,Van,Standard,Clear,40.8,39.9,0.211,3,5.2,5.56,3.45,336.01
SH100233,2025-10-04,Hub_South ,3,SwiftLine,Van,Standard,Clear,75.7,38.4,0.352,3,2.8,6.89,5.47,507.59
SH100234,2025-06-29,Hub_North,5,CargoPlus,Bike,Standard,Clear,,49.6,0.418,6,4.4,10.81,8.6,386.32
SH100235,2025-09-20,Hub_South,6,SwiftLine,Truck,Standard,Rain,66.3,49.6,0.37,5,1.4,7.6,5.67,702.95
SH100236,2025-08-31,Hub_North,2,CargoPlus,Van,Standard,Rain,46.6,26.2,0.236,2,7.7,5.48,6.04,313.36
SH100237,2025-06-07,Hub_South,6,SwiftLine,Van,Express,Clear,54.5,21.3,0.172,3,6.3,6.08,3.63,460.14
SH100238,2025-04-23,Hub_East,8,SwiftLine,Van,Express,Clear,25.2,33.5,0.172,8,3.0,6.46,4.51,313.92
SH100239,2025-08-17,Hub_East,7,RoadRunner,Van,Standard,Storm,71.6,58.9,0.359,8,1.0,8.23,8.83,521.78
SH100240,2025-02-21,Hub_North,5,SwiftLine,Van,Express,Rain,143.9,13.6,0.101,4,3.7,9.79,7.02,952.93
SH100241,2025-08-02,Hub_West,3,SwiftLine,Truck,Standard,Clear,34.8,22.7,0.163,7,6.8,6.78,4.92,395.31
SH100242,2025-02-04,Hub_North,3,SwiftLine,Bike,Standard,Clear,129.6,17.1,0.192,1,7.7,11.94,9.94,481.03
SH100243,2025-08-26,Hub_East,6,SwiftLine,Truck,Standard,Clear,60.5,11.6,0.134,7,5.0,7.94,5.33,538.06
SH100244,2025-08-18,Hub_South,4,SwiftLine,Truck,Standard,Clear,24.9,18.4,0.152,3,4.5,5.13,3.79,273.73
SH100245,2025-01-31,Hub_East,1,cargoplus,Truck,Standard,Rain,104.6,8.1,0.05,6,4.3,9.64,8.76,918.27
SH100246,2025-10-04,Hub_North,6,SwiftLine,Truck,Standard,Rain,72.1,7.1,0.074,5,6.1,7.87,6.67,661.75
SH100247,2025-06-01,Hub_North,2,SwiftLine,Van,Standard,Rain,39.1,76.2,0.416,7,7.3,6.69,6.35,391.0
SH100248,2025-10-15,Hub_South,8,SwiftLine,Van,Standard,Clear,47.8,,0.083,8,5.2,7.32,4.32,315.67
SH100249,2025-01-16,Hub_North,4,CargoPlus,Bike,Standard,Storm,53.1,39.7,0.475,3,4.8,7.5,8.03,250.68
SH100250,2025-03-07,Hub_North,3,CargoPlus,Truck,Standard,Storm,64.6,92.7,1.02,5,7.1,7.53,10.08,731.79
SH100251,2025-06-30,Hub_East,1,CargoPlus,Bike,Express,Clear,75.6,55.7,0.637,6,8.5,9.88,8.97,470.99
SH100252,2025-03-10,Hub_West,2,CargoPlus,Truck,Standard,Rain,76.9,38.6,0.185,5,4.9,8.08,7.78,762.79
SH100253,2025-05-01,Hub_North,8,SwiftLine,Bike,Standard,,99.6,43.4,0.334,3,5.7,10.56,9.18,429.38
SH100254,2025-08-30,Hub_West,5,RoadRunner,Bike,Standard,Clear,70.8,,0.176,4,4.0,8.97,6.55,266.12
SH100255,22/02/2025,Hub_East,8,SwiftLine,Bike,Standard,Clear,82.3,56.5,0.297,5,5.7,10.02,8.06,351.3
SH100256,2025-09-05,Hub_West,8,CargoPlus,Van,Standard,Clear,72.2,80.9,0.821,8,3.6,8.26,7.32,542.74
SH100257,2025-02-07,Hub_East,1,RoadRunner,Bike,Standard,Clear,209.5,20.0,0.135,1,8.3,17.21,17.44,750.27
SH100258,2025-03-05,Hub_East,4,SwiftLine,Bike,Standard,Clear,15.1,6.9,0.077,2,7.3,4.7,2.65,142.82
SH100259,2025-08-03,Hub_South,7,CargoPlus,Bike,Express,Clear,35.6,48.2,0.354,7,9.0,7.55,6.2,314.64
SH100260,2025-10-17,Hub_East,4,CargoPlus,Van,Standard,Clear,40.7,110.5,0.663,5,4.4,6.15,7.02,394.82
SH100261,2025-03-04,Hub_West,5,CargoPlus,Truck,Standard,Clear,69.3,,0.13,4,9.6,7.44,6.98,670.91
SH100262,2025-04-20,Hub_North ,5,SwiftLine,Van,Standard,Clear,72.4,2.2,0.021,3,6.0,6.76,5.16,447.35
SH100263,2025-12-04,Hub_South,6,SwiftLine,Van,Express,Rain,61.1,22.9,0.176,8,,7.83,4.98,524.83
SH100264,2025-12-28,Hub_North,8,SwiftLine,Bike,Standard,Clear,88.6,16.3,0.191,8,8.0,11.34,9.11,364.32
SH100265,2025-08-01,Hub_West,8,RoadRunner,Bike,Express,Rain,94.7,30.3,0.267,7,3.5,11.44,9.87,537.65
SH100266,2025-06-13,Hub_South,6,RoadRunner,Van,Standard,Storm,64.3,14.3,0.124,3,5.6,6.45,7.29,440.76
SH100267,2025-05-07,Hub_East,5,SwiftLine,Bike,Standard,Rain,100.4,22.3,0.154,5,5.2,11.22,9.62,376.08
SH100268,2025-08-12,Hub_West,3,CargoPlus,Bike,Standard,Rain,59.6,10.8,0.115,8,6.3,9.43,8.58,257.96
SH100269,2025-08-04,Hub_West,1,SwiftLine,Bike,Standard,Clear,79.9,3.8,0.033,3,4.6,9.27,7.46,330.41
SH100270,2025-04-18,Hub_North,6,RoadRunner,Van,Standard,Storm,18.4,24.2,0.217,2,4.4,4.4,5.93,168.99
SH100271,2025-01-09,Hub_East,1,CargoPlus,Truck,Standard,Clear,64.8,41.7,0.479,6,4.7,7.84,6.85,659.67
SH100272,2025-02-25,Hub_West,6,RoadRunner,Bike,Standard,Rain,102.4,8.4,0.052,2,4.9,10.45,9.54,365.93
SH100273,2025-12-16,Hub_North,4,SwiftLine,Van,Standard,Clear,16.9,,1.023,7,5.7,5.84,4.59,249.02
SH100274,2025-06-02,Hub_East,7,SwiftLine,Van,Standard,Clear,69.7,36.7,0.385,7,8.1,7.86,5.99,486.27
SH100275,2025-06-26,Hub_South,8,SwiftLine,Truck,Standard,Rain,39.6,17.3,0.078,4,1.2,6.09,4.32,425.1
SH100276,2025-06-20,Hub_East,5,RoadRunner,Bike,Standard,Rain,77.3,62.7,0.613,8,7.0,10.59,11.06,395.44
SH100277,2025-10-13,Hub_South,5,RoadRunner,Truck,Standard,Rain,61.0,49.6,0.528,5,4.6,7.36,6.68,595.74
SH100278,2025-01-24,Hub_North,4,SwiftLine,Truck,Standard,Rain,81.4,40.3,0.334,4,5.1,7.99,7.01,822.41
SH100279,2025-01-31,Hub_North,3,CargoPlus,Truck,Express,Rain,46.6,29.4,0.144,8,3.3,7.61,6.37,613.1
SH100280,2025-04-11,Hub_North,1,RoadRunner,Truck,Standard,Clear,63.2,17.7,0.082,5,5.6,7.46,6.59,631.51
SH100281,2025-06-27,Hub_North,1,CargoPlus,Bike,Standard,Rain,38.6,34.2,0.143,2,4.7,6.24,5.74,189.55
SH100282,2025-09-02,Hub_East,6,RoadRunner,Truck,Standard,Clear,53.1,29.3,0.203,7,5.1,7.61,7.12,554.84
SH100283,2025-06-29,Hub_South,8,CargoPlus,Truck,Standard,Clear,74.3,60.5,0.543,4,6.7,7.67,6.89,773.72
SH100284,2025-06-11,Hub_North,1,SwiftLine,Bike,Standard,Clear,271.0,38.2,0.327,3,6.8,5.79,3.9,150.08
SH100285,2025-12-09,Hub_East,3,swiftline,Bike,Standard,Clear,64.7,20.5,0.166,7,8.3,9.46,9.22,288.31
SH100286,2025-02-28,Hub_East,5,CargoPlus,Truck,Express,Clear,34.9,20.3,0.149,7,4.3,6.78,4.44,460.87
SH100287,2025-07-28,Hub_South,6,CargoPlus,Bike,Standard,Rain,58.9,13.9,0.131,4,6.9,8.18,8.11,249.92
SH100288,2025-07-17,Hub_West,6,RoadRunner,Truck,Standard,Clear,32.3,30.5,0.338,8,6.8,6.96,6.34,416.81
SH100289,2025-06-22,Hub_South,6,SwiftLine,Van,Standard,Rain,165.0,18.4,0.195,8,5.7,11.8,9.57,982.12
SH100290,2025-10-22,Hub_West,1,SwiftLine,Van,Express,,102.1,9.2,0.089,2,8.9,7.6,5.77,733.21
SH100291,2025-04-08,Hub_North,3,CargoPlus,Bike,Standard,Storm,60.8,46.6,0.295,5,4.2,8.61,9.02,264.32
SH100292,2025-12-15,Hub_East,4,CargoPlus,Van,Standard,,129.1,17.1,0.197,6,5.8,9.83,8.75,782.87
SH100293,2025-05-02,Hub_West,1,SwiftLine,Van,Standard,Clear,47.4,21.5,0.234,4,6.1,6.11,5.54,328.65
SH100294,2025-07-18,Hub_West,3,SwiftLine,Truck,Standard,Rain,115.5,69.0,0.799,5,3.1,9.83,7.07,1069.74
SH100295,2025-07-10,Hub_East,4,RoadRunner,Bike,Standard,Clear,82.3,51.5,0.461,8,8.0,10.92,10.25,349.83
SH100296,2025-11-07,Hub_East,8,RoadRunner,Bike,Standard,,48.4,37.8,0.252,5,5.3,7.79,6.22,271.71
SH100297,2025-06-10,Hub_South,3,RoadRunner,Bike,Express,Clear,89.9,30.3,0.231,2,6.4,9.63,7.28,524.04
SH100298,2025-04-14,Hub_East,8,RoadRunner,Bike,Express,Clear,104.5,79.2,0.524,7,8.7,12.09,10.58,608.78
SH100299,2025-01-08,Hub_East,6,CargoPlus,Truck,Standard,Clear,65.9,22.0,0.15,3,5.9,6.99,6.73,657.89
SH100300,2025-05-13,Hub_West,6,SwiftLine,Bike,Express,Clear,98.5,14.3,0.106,2,,10.19,7.65,497.73
SH100301,2025-10-29,Hub_South,7,RoadRunner,Bike,Standard,Clear,94.3,60.3,0.692,2,5.6,9.92,7.71,408.96
SH100302,2025-01-04,Hub_North,7,RoadRunner,Truck,Standard,Rain,77.9,37.8,0.302,7,3.5,8.73,7.3,811.78
SH100303,2025-11-24,Hub_East,2,roadrunner,Bike,Express,Clear,32.3,11.9,0.086,8,4.7,7.63,5.08,246.4
SH100304,2025-07-18,Hub_North,4,cargoplus,Bike,Standard,Clear,76.4,37.9,0.345,2,5.2,8.74,6.83,349.81
SH100305,2025-02-21,Hub_North,5,RoadRunner,Van,Standard,Rain,16.1,7.0,0.044,2,5.7,4.31,3.78,123.77
SH100306,2025-04-21,Hub_South,8,RoadRunner,Van,Standard,Rain,65.0,52.4,0.213,8,8.3,7.98,8.12,467.34
SH100307,2025-07-22,Hub_East,1,SwiftLine,Truck,Standard,Rain,86.9,31.2,0.307,1,7.4,7.34,6.86,863.74
SH100308,2025-04-26,Hub_North,4,RoadRunner,Van,Express,Rain,40.3,34.6,0.23,5,4.3,6.14,6.24,432.9
SH100309,2025-02-09,Hub_North,2,SwiftLine,Van,Standard,Storm,99.9,36.1,0.213,3,5.5,7.81,7.88,633.59
SH100310,2025-09-01,Hub_North,2,SwiftLine,Van,Standard,Storm,51.8,37.5,0.311,2,,5.68,6.41,365.43
SH100311,2025-09-03,Hub_West,7,RoadRunner,Truck,Standard,Clear,40.8,25.1,0.133,5,2.1,6.45,4.5,437.68
SH100312,2025-02-13,Hub_East ,2,RoadRunner,Van,Standard,Clear,92.8,27.1,0.169,2,5.0,7.24,6.34,566.36
SH100313,13/04/2025,Hub_North,7,CargoPlus,Van,Standard,Clear,130.7,18.3,0.148,3,2.9,8.99,7.71,788.52
SH100314,2025-03-31,Hub_North,8,RoadRunner,Van,Express,Clear,72.1,30.4,0.359,6,10.0,7.65,5.63,597.43
SH100315,2025-08-29,Hub_East,7,CargoPlus,Van,Standard,Clear,126.1,25.2,0.15,3,,8.81,9.0,750.95
SH100316,2025-09-24,Hub_North,2,SwiftLine,Van,Express,Clear,48.4,28.3,0.219,8,4.5,7.35,4.25,431.7
SH100317,2025-09-23,Hub_East,2,RoadRunner,Bike,Standard,Clear,43.7,8.5,0.07,5,5.4,7.48,6.43,194.28
SH100318,2025-12-09,Hub_South,4,CargoPlus,Van,Standard,Rain,111.5,15.9,0.154,1,3.9,7.65,7.55,667.88
SH100319,08/10/2025,Hub_West,5,RoadRunner,Bike,Standard,Clear,87.2,3.1,0.025,6,9.5,10.65,10.25,330.66
SH100320,2025-04-28,Hub_North,7,CargoPlus,Van,Standard,Rain,34.0,,0.23,5,1.0,5.9,5.29,207.1
SH100321,2025-02-09,Hub_East,4,RoadRunner,Van,Express,,136.5,10.6,0.116,5,6.2,9.81,8.37,915.79
SH100322,2025-08-13,Hub_North,2,SwiftLine,Van,Standard,Clear,65.0,5.3,0.033,8,5.4,7.98,6.14,427.92
SH100323,2025-12-01,Hub_West,8,RoadRunner,Bike,Standard,Clear,67.8,30.4,0.325,5,3.4,9.07,7.54,259.97
SH100324,2025-12-22,Hub_West,8,swiftline,Truck,Express,Rain,145.7,11.5,0.07,7,5.0,11.8,10.05,1463.09
SH100325,2025-03-26,Hub_East,6,SwiftLine,Van,Express,Clear,127.8,15.9,0.167,6,2.3,9.78,6.77,895.9
SH100326,2025-03-28,Hub_South,6,SwiftLine,Van,Standard,Clear,123.0,34.0,0.309,3,8.6,8.69,7.77,762.22
SH100327,2025-01-14,Hub_North,8,SwiftLine,Bike,Standard,Clear,48.5,45.3,0.387,8,5.6,8.7,7.81,262.96
SH100328,2025-02-21,Hub_West,4,SwiftLine,Van,Standard,Clear,77.8,18.7,0.144,6,7.3,7.87,5.8,474.41
SH100329,2025-07-22,Hub_East,2,CargoPlus,Van,Express,Rain,85.0,52.4,0.438,6,4.5,8.14,7.47,737.98
SH100330,2025-07-19,Hub_North,5,SwiftLine,Truck,Standard,Rain,41.9,61.4,0.361,1,8.2,5.3,4.62,488.21
SH100331,2025-05-16,Hub_South,4,cargoplus,Van,Standard,Clear,34.6,24.3,0.194,6,5.6,6.22,6.76,267.61
SH100332,2025-04-24,Hub_South,7,RoadRunner,Bike,Standard,Storm,62.9,24.2,0.215,1,,7.55,9.46,301.86
SH100333,2025-10-30,Hub_West,7,SwiftLine,Van,Standard,Clear,99.4,15.2,0.107,4,6.6,8.09,6.9,619.3
SH100334,2025-06-17,Hub_East,4,SwiftLine,Bike,Standard,Rain,17.2,28.8,0.203,5,5.4,5.73,5.03,120.0
SH100335,23/10/2025,Hub_East,3,CargoPlus,Bike,Standard,Rain,70.4,45.5,0.308,8,7.5,10.14,10.44,329.77
SH100336,2025-12-18,Hub_East,4,RoadRunner,Van,Standard,Clear,36.9,58.5,0.617,2,,5.11,6.1,340.67
SH100337,2025-04-26,Hub_North,6,CargoPlus,Bike,Standard,Rain,103.9,11.9,0.084,7,3.2,12.05,11.49,392.23
SH100338,2025-03-15,Hub_South,6,SwiftLine,Truck,Standard,Rain,79.4,25.5,0.22,5,5.3,8.2,6.86,718.54
SH100339,2025-12-14,Hub_North,5,RoadRunner,Van,Standard,Clear,36.5,40.1,0.472,5,2.9,5.99,4.49,333.5
SH100340,2025-08-20,Hub_East,5,CargoPlus,Bike,Standard,Rain,104.9,5.5,0.023,8,6.3,12.41,12.2,389.0
SH100341,2025-04-17,Hub_South ,8,CargoPlus,Truck,Standard,Clear,79.1,1.1,0.006,4,6.0,7.88,6.42,705.61
SH100342,2025-08-15,Hub_South,3,SwiftLine,Van,Express,Clear,60.5,24.7,0.282,2,9.4,6.01,3.84,545.19
SH100343,2025-07-07,Hub_North,2,CargoPlus,Bike,Standard,Clear,166.0,12.2,0.119,1,5.0,14.34,11.78,577.51
SH100344,2025-11-27,Hub_North,7,SwiftLine,Van,Express,Clear,63.6,10.8,0.076,3,7.4,6.43,2.65,488.2
SH100345,2025-04-04,Hub_East,8,CargoPlus,Truck,Express,Clear,521.0,12.8,0.06,8,1.3,7.86,6.83,622.22
SH100346,28/12/2025,Hub_North,5,RoadRunner,Van,Standard,Clear,90.1,12.9,0.105,2,5.8,7.14,5.42,571.89
SH100347,2025-12-08,Hub_North,4,RoadRunner,Van,Express,Storm,140.1,33.5,0.344,2,3.8,9.05,8.88,972.22
SH100348,2025-03-07,Hub_East,3,swiftline,Van,Standard,Clear,17.9,3.0,0.022,1,6.7,4.08,2.24,138.39
SH100349,2025-03-02,Hub_South,4,CargoPlus,Van,Standard,Rain,114.9,,0.342,5,7.8,8.98,9.71,713.33
SH100350,2025-07-14,Hub_South,1,SwiftLine,Bike,Express,Clear,92.0,19.7,0.125,3,4.3,10.06,7.54,480.91
SH100351,2025-01-17,Hub_South,5,RoadRunner,Van,Standard,Clear,129.4,,0.061,3,6.6,8.94,8.21,767.51
SH100352,2025-04-20,Hub_West,3,RoadRunner,Truck,Standard,Rain,118.5,37.8,0.178,5,4.8,9.97,9.57,1121.61
SH100353,2025-06-08,Hub_South ,3,RoadRunner,Van,Standard,Clear,83.6,33.1,0.272,3,5.6,7.19,5.77,566.03
SH100354,2025-12-20,Hub_East,5,RoadRunner,Bike,Standard,Clear,90.9,13.8,0.15,1,6.3,9.39,8.83,402.49
SH100355,2025-12-29,Hub_West,8,RoadRunner,Van,Standard,Storm,72.3,36.2,0.189,4,3.5,7.06,7.84,533.4
SH100356,2025-02-25,Hub_East,2,RoadRunner,Bike,Standard,Clear,132.1,55.7,0.494,6,3.5,13.61,12.03,520.65
SH100357,2025-11-22,Hub_South,8,RoadRunner,Van,Express,Clear,47.9,3.4,0.022,5,7.2,6.43,3.51,423.96
SH100358,2025-02-03,Hub_East,5,RoadRunner,Van,Standard,Clear,71.8,11.0,0.075,8,,8.24,7.26,469.8
SH100359,2025-10-01,Hub_South,8,RoadRunner,Van,Express,Clear,,2.8,0.011,1,8.1,7.2,4.98,667.83
SH100360,2025-11-05,Hub_South,4,CargoPlus,Truck,Standard,Rain,105.0,42.5,0.351,1,1.9,8.16,6.45,1001.3
SH100361,2025-11-22,Hub_South,8,roadrunner,Van,Standard,Clear,105.2,22.1,0.263,2,7.4,7.71,5.9,629.57
SH100362,2025-03-23,Hub_South,6,SwiftLine,Van,Express,Clear,87.3,18.2,0.094,1,5.5,6.73,4.37,665.73
SH100363,2025-11-23,Hub_North,6,RoadRunner,Truck,Standard,,105.5,40.5,0.238,5,5.3,9.38,9.4,995.17
SH100364,2025-02-12,Hub_South,5,SwiftLine,Van,Standard,Clear,90.7,16.0,0.093,5,5.8,8.06,6.0,518.42
SH100365,2025-07-09,Hub_North,4,SwiftLine,Truck,Express,Clear,146.2,41.1,0.349,6,2.6,11.52,8.02,1522.12
SH100366,2025-06-21,Hub_South,5,CargoPlus,Truck,Standard,Rain,47.1,9.2,0.051,2,7.7,5.83,6.28,441.14
SH100367,2025-04-26,Hub_East,7,RoadRunner,Van,Standard,Rain,105.3,24.7,0.287,6,4.6,8.92,7.74,691.1
SH100368,2025-01-09,Hub_West,7,RoadRunner,Van,Express,Clear,66.8,46.2,0.442,2,3.8,6.25,4.26,552.62
SH100369,09/10/2025,Hub_North,1,CargoPlus,Van,Standard,Storm,74.8,6.3,0.057,8,9.8,8.35,9.91,445.23
SH100370,2025-05-03,Hub_East,6,SwiftLine,Truck,Standard,Rain,151.5,13.0,0.052,3,4.8,10.86,10.48,1366.91
SH100371,2025-08-30,Hub_South,7,swiftline,Bike,Standard,Clear,150.5,18.2,0.141,1,,13.32,10.37,542.04
SH100372,2025-05-30,Hub_North,6,SwiftLine,Truck,Standard,Clear,132.1,74.5,0.78,2,7.1,9.69,9.13,1288.12
SH100373,2025-05-17,Hub_North,4,swiftline,Van,Standard,Clear,55.4,30.7,0.247,5,6.0,6.71,4.55,404.51
SH100374,2025-11-20,Hub_North,3,RoadRunner,Van,Standard,Clear,52.7,7.8,0.077,6,7.5,6.91,4.89,320.99
SH100375,04/02/2025,Hub_North,6,CargoPlus,Van,Standard,Clear,36.5,82.4,0.779,4,5.7,5.69,5.79,387.67
SH100376,2025-09-26,Hub_North,6,RoadRunner,Truck,Express,Clear,137.6,70.1,0.802,3,7.4,10.24,9.32,1443.05
SH100377,2025-09-30,Hub_South,3,SwiftLine,Bike,Standard,Storm,42.6,,0.201,2,9.6,6.51,8.31,181.66
SH100378,2025-05-19,Hub_South,4,RoadRunner,Van,Standard,Clear,61.1,,1.037,1,4.0,5.73,4.48,516.44
SH100379,2025-04-06,Hub_North,3,SwiftLine,Truck,Standard,Clear,55.5,15.2,0.092,8,,8.01,5.83,550.2
SH100380,2025-01-02,Hub_North,1,RoadRunner,Van,Standard,Storm,52.3,20.2,0.171,6,2.3,6.9,6.81,354.28
SH100381,2025-12-08,Hub_North,1,RoadRunner,Van,Standard,Clear,26.8,11.1,0.099,2,6.3,4.72,3.09,205.0
SH100382,2025-12-12,Hub_South,1,SwiftLine,Truck,Standard,Clear,58.4,40.7,0.307,2,5.8,6.35,3.87,606.38
SH100383,2025-03-29,Hub_South,4,CargoPlus,Truck,Express,Clear,77.7,87.9,0.424,5,8.0,8.12,7.4,903.49
SH100384,2025-01-12,Hub_South,5,CargoPlus,Bike,Standard,Clear,39.2,50.5,0.377,3,5.4,6.58,6.69,231.96
SH100385,2025-02-14,Hub_North,4,SwiftLine,Van,Express,Clear,48.7,11.9,0.066,2,5.3,5.56,2.52,435.98
SH100386,2025-01-25,Hub_North,8,RoadRunner,Bike,Express,Clear,128.1,16.0,0.126,4,5.9,12.74,10.09,612.04
SH100387,2025-10-31,Hub_West,2,RoadRunner,Bike,Standard,Rain,44.6,46.4,0.193,4,5.0,7.24,6.72,234.42
SH100388,2025-11-22,Hub_North,4,SwiftLine,Van,Standard,Clear,68.3,11.6,0.091,5,6.2,7.21,5.18,481.41
SH100389,2025-02-25,Hub_North,2,SwiftLine,Bike,Standard,Rain,70.5,24.5,0.172,7,6.0,9.85,9.22,286.05
SH100390,2025-09-30,Hub_North,3,RoadRunner,Van,Standard,Rain,49.2,5.8,0.024,3,6.6,5.88,4.51,291.35
SH100391,2025-03-07,Hub_West,5,CargoPlus,Van,Express,Clear,111.0,,0.179,6,5.0,9.14,5.82,829.83
SH100392,2025-05-15,Hub_East,3,RoadRunner,Truck,Standard,Clear,125.6,28.9,0.188,6,6.6,10.59,9.45,1163.7
SH100393,2025-08-07,Hub_East,3,RoadRunner,Van,Standard,Clear,34.3,30.0,0.26,6,6.7,6.21,6.02,280.95
SH100394,2025-09-20,Hub_West,6,RoadRunner,Bike,Express,Clear,55.0,37.5,0.416,8,4.8,9.12,6.94,383.07
SH100395,2025-11-16,Hub_North,7,RoadRunner,Truck,Express,Clear,47.4,67.0,0.731,2,,5.85,4.6,648.49
SH100396,2025-01-17,Hub_West,2,SwiftLine,Truck,Standard,Clear,61.4,52.7,0.423,6,5.1,7.68,5.96,647.76
SH100397,2025-03-13,Hub_North,1,SwiftLine,Van,Express,Clear,70.5,49.8,0.387,1,3.0,6.09,4.07,603.87
SH100398,2025-04-13,Hub_East,2,CargoPlus,Truck,Standard,Clear,27.6,44.9,0.371,3,4.5,5.25,4.35,382.54
SH100399,2025-04-24,Hub_South ,5,cargoplus,Van,Standard,Clear,70.4,30.2,0.215,6,7.0,7.59,6.8,476.01
SH100400,2025-12-31,Hub_South,8,CargoPlus,Van,Standard,Clear,23.0,24.8,0.158,8,7.2,6.38,6.48,195.03
SH100401,2025-10-11,Hub_West,2,SwiftLine,Van,Standard,Rain,151.1,54.6,0.287,1,6.2,9.17,9.21,937.72
SH100402,2025-04-27,Hub_North,1,RoadRunner,Bike,Standard,Clear,120.0,46.0,0.521,6,3.5,12.81,10.22,458.53
SH100403,2025-12-21,Hub_West,5,RoadRunner,Van,Standard,Rain,21.9,14.3,0.064,4,7.5,5.14,4.24,198.71
SH100404,2025-07-02,Hub_South,8,SwiftLine,Van,Standard,Clear,77.3,39.7,0.268,5,9.2,7.55,5.98,501.53
SH100405,2025-07-02,Hub_East,5,SwiftLine,Truck,Express,Clear,30.1,30.6,0.163,7,6.7,6.56,3.57,455.47
SH100406,2025-06-08,Hub_West,8,CargoPlus,Bike,Standard,Rain,103.6,35.6,0.16,7,5.5,12.03,11.41,485.05
SH100407,2025-02-22,Hub_North ,6,RoadRunner,Bike,Standard,Rain,57.8,59.8,0.322,4,3.8,8.11,7.47,263.59
SH100408,2025-12-08,Hub_West,1,RoadRunner,Van,Standard,Rain,115.3,15.1,0.115,8,5.5,9.9,8.63,692.81
SH100409,2025-01-06,Hub_East,4,SwiftLine,Bike,Standard,,106.7,13.9,0.118,4,4.5,11.33,11.54,366.69
SH100410,2025-03-05,Hub_East,7,RoadRunner,Truck,Standard,Clear,61.0,32.7,0.365,2,5.1,6.46,4.17,590.85
SH100411,2025-03-25,Hub_North,5,SwiftLine,Van,Standard,Rain,67.8,16.4,0.155,8,8.1,8.09,6.49,432.3
SH100412,2025-04-12,Hub_South,2,swiftline,Truck,Standard,Rain,48.0,,0.073,3,7.3,6.18,5.57,425.21
SH100413,2025-02-18,Hub_East,2,RoadRunner,Van,Express,Rain,31.1,10.2,0.086,8,4.8,6.69,6.48,355.56
SH100414,2025-01-07,Hub_South,6,SwiftLine,Bike,Standard,Rain,69.8,98.2,0.551,8,5.7,10.1,9.81,437.55
SH100415,2025-09-05,Hub_North,4,CargoPlus,Bike,Standard,Rain,96.4,28.7,0.31,1,5.5,9.75,9.04,396.98
SH100416,2025-12-20,Hub_North,5,roadrunner,Van,Express,Clear,73.7,,0.315,6,4.6,7.71,5.08,642.92
SH100417,2025-02-14,Hub_West,3,SwiftLine,Truck,Express,Clear,66.1,23.0,0.234,7,2.8,8.2,5.04,794.66
SH100418,2025-04-19,Hub_North,3,SwiftLine,Van,Standard,Clear,90.6,56.0,0.227,2,7.2,7.16,6.67,631.88
SH100419,2025-07-04,Hub_East,6,RoadRunner,Bike,Express,Clear,65.1,3.2,0.024,4,7.9,8.59,7.16,313.91
SH100420,2025-12-05,Hub_West,1,SwiftLine,Van,Standard,Clear,77.4,74.0,0.497,8,4.3,8.45,6.09,573.78
SH100421,2025-09-11,Hub_North,4,SwiftLine,Bike,Standard,Rain,60.0,28.3,0.18,7,4.2,9.15,47.94,209.06
SH100422,2025-10-07,Hub_North,3,RoadRunner,Van,Standard,Clear,69.0,16.2,0.152,3,7.3,6.63,6.31,424.12
SH100423,2025-08-01,Hub_East,7,SwiftLine,Bike,Standard,Clear,38.0,67.1,0.711,3,4.2,6.5,5.65,218.07
SH100424,2025-06-02,Hub_North,6,RoadRunner,Van,Express,Clear,50.9,38.7,0.422,1,2.7,5.34,4.16,500.95
SH100425,2025-03-14,Hub_East,4,RoadRunner,Van,Standard,Clear,148.9,25.3,0.263,8,4.6,11.18,9.85,871.94
SH100426,2025-11-12,Hub_East,3,SwiftLine,Truck,Standard,Clear,35.9,7.8,0.082,8,8.2,7.13,4.51,363.58
SH100427,2025-10-21,Hub_East,2,CargoPlus,Van,Express,Clear,153.9,26.0,0.278,7,4.5,11.07,8.56,1062.38
SH100428,2025-01-10,Hub_South,2,RoadRunner,Bike,Standard,,76.0,30.9,0.295,4,4.2,9.31,8.64,302.5
SH100429,2025-09-19,Hub_East,3,RoadRunner,Truck,Standard,Clear,30.8,33.8,0.341,4,4.6,5.7,4.23,355.4
SH100430,2025-01-31,Hub_East,7,SwiftLine,Truck,Standard,Clear,105.0,14.5,0.084,4,3.2,9.06,5.34,887.33
SH100431,2025-09-27,Hub_North ,1,RoadRunner,Van,Express,Clear,34.9,14.9,0.174,3,2.9,5.33,3.56,335.5
SH100432,2025-10-29,Hub_East,1,SwiftLine,Truck,Standard,Clear,100.3,9.9,0.079,1,5.0,7.94,6.45,938.1
SH100433,2025-02-17,Hub_West,5,RoadRunner,Truck,Express,Rain,85.8,15.9,0.097,2,2.7,7.59,5.76,889.51
SH100434,2025-06-08,Hub_East,2,SwiftLine,Bike,Standard,Rain,73.5,43.4,0.331,5,4.7,9.44,8.6,322.83
SH100435,2025-02-15,Hub_South,7,CargoPlus,Van,Standard,Storm,80.8,,0.899,3,6.0,7.08,8.71,582.82
SH100436,27/07/2025,Hub_South,7,SwiftLine,Van,Express,Clear,82.9,22.5,0.215,2,6.3,6.86,4.25,604.12
SH100437,2025-12-05,Hub_North,7,CargoPlus,Van,Standard,Clear,64.0,34.5,0.18,4,5.2,6.74,4.78,414.45
SH100438,30/01/2025,Hub_North,4,CargoPlus,Truck,Standard,Clear,159.3,9.4,0.071,7,3.1,12.42,9.57,1407.07
SH100439,2025-05-26,Hub_North,4,RoadRunner,Van,Standard,Clear,,9.7,0.097,3,4.7,8.97,8.05,760.05
SH100440,2025-12-22,Hub_West,4,SwiftLine,Van,Express,Clear,103.0,53.8,0.514,7,6.2,9.13,5.0,828.65
SH100441,2025-04-20,Hub_North,2,SwiftLine,Truck,Standard,Clear,60.0,2.6,0.014,6,6.7,7.62,5.43,538.18
SH100442,2025-02-18,Hub_West,5,CargoPlus,Van,Standard,Clear,57.3,38.9,0.387,3,5.0,6.19,5.04,409.31
SH100443,2025-06-28,Hub_North,7,RoadRunner,Van,Standard,Clear,82.7,40.1,0.377,6,4.1,8.06,6.94,537.39
SH100444,2025-07-05,Hub_North,3,RoadRunner,Truck,Standard,Clear,57.6,54.9,0.327,5,5.7,7.21,4.89,629.81
SH100445,2025-08-30,Hub_South,1,SwiftLine,Van,Standard,Clear,64.3,36.0,0.233,2,4.8,6.15,3.92,408.22
SH100446,2025-04-25,Hub_South,5,CargoPlus,Van,Standard,Rain,104.0,7.4,0.054,4,3.5,8.27,7.15,634.3
SH100447,2025-12-15,Hub_East,4,SwiftLine,Van,Standard,Clear,132.6,63.3,0.594,3,,9.06,7.9,868.04
SH100448,2025-07-10,Hub_West,7,SwiftLine,Truck,Express,Clear,83.7,18.1,0.21,5,5.5,8.39,5.8,876.26
SH100449,2025-04-15,Hub_West,7,SwiftLine,Van,Standard,Clear,24.7,60.1,0.719,1,3.3,4.34,1.89,257.51
SH100450,2025-12-17,Hub_North,8,RoadRunner,Van,Express,Clear,78.5,51.6,0.491,1,4.2,6.4,4.37,673.66
SH100451,2025-12-04,Hub_East,4,CargoPlus,Van,Standard,Clear,30.1,35.0,0.255,4,5.1,5.45,4.18,237.26
SH100452,2025-07-02,Hub_North,8,CargoPlus,Truck,Standard,Clear,101.6,52.0,0.236,5,2.5,9.2,8.03,958.58
SH100453,2025-01-10,Hub_West,1,SwiftLine,Bike,Standard,Clear,107.0,69.0,0.603,4,4.0,11.35,9.09,448.26
SH100454,2025-08-06,Hub_South,3,SwiftLine,Bike,Standard,Clear,119.1,38.8,0.305,1,6.8,11.25,10.91,526.0
SH100455,2025-07-22,Hub_South,3,CargoPlus,Truck,Standard,Clear,208.3,,0.45,1,4.5,12.84,11.02,1866.08
SH100456,2025-02-24,Hub_North,8,RoadRunner,Truck,Express,Rain,56.4,13.1,0.153,1,3.9,5.96,4.21,627.09
SH100457,2025-08-20,Hub_North,5,SwiftLine,Van,Standard,Clear,141.4,45.5,0.243,1,7.7,8.8,7.34,837.2
SH100458,2025-11-03,Hub_North,3,SwiftLine,Van,Standard,Clear,134.5,12.8,0.089,7,,10.33,8.25,777.6
SH100459,2025-02-08,Hub_West,2,RoadRunner,Van,Express,Storm,79.1,32.5,0.28,3,6.9,7.02,8.26,647.22
SH100460,2025-09-22,Hub_East,7,CargoPlus,Van,Standard,Clear,35.1,16.4,0.112,7,3.9,6.54,5.13,249.62
SH100461,2025-02-21,Hub_West,6,RoadRunner,Van,Standard,Rain,126.9,19.6,0.106,4,4.9,9.14,8.06,774.16
SH100462,2025-10-01,Hub_North,7,SwiftLine,Truck,Standard,Clear,143.6,74.9,0.658,8,5.5,12.01,10.62,1383.34
SH100463,2025-06-02,Hub_East,4,RoadRunner,Bike,Standard,Rain,40.6,27.8,0.12,8,6.0,8.18,7.07,205.07
SH100464,2025-01-03,Hub_North,2,SwiftLine,Truck,Standard,Clear,97.3,32.3,0.227,5,10.0,9.01,8.47,909.08
SH100465,2025-12-19,Hub_South,3,CargoPlus,Bike,Standard,Clear,76.3,46.9,0.553,8,5.7,10.53,9.43,388.96
SH100466,2025-03-02,Hub_South,5,SwiftLine,Truck,Standard,Storm,74.3,30.7,0.24,4,7.7,7.67,8.06,732.95
SH100467,2025-08-06,Hub_North,2,SwiftLine,Bike,Standard,Clear,30.7,45.0,0.217,4,,6.32,4.04,210.85
SH100468,2025-03-08,Hub_East,1,RoadRunner,Bike,Express,,125.4,,0.511,1,8.9,11.66,10.45,619.76
SH100469,2025-12-07,Hub_North,7,SwiftLine,Bike,Standard,Rain,60.3,18.5,0.1,5,5.8,8.57,7.31,275.75
SH100470,2025-09-27,Hub_South,5,SwiftLine,Bike,Standard,Rain,170.1,11.0,0.066,6,7.8,16.11,15.69,608.53
SH100471,2025-10-21,Hub_East,4,RoadRunner,Van,Express,Clear,66.4,30.3,0.354,5,5.8,7.13,5.09,575.49
SH100472,2025-06-07,Hub_North,5,CargoPlus,Van,Standard,Clear,56.5,19.7,0.201,2,5.4,5.86,4.02,396.26
SH100473,2025-06-20,Hub_West,6,CargoPlus,Truck,Express,Clear,59.6,50.7,0.333,3,7.2,6.7,5.52,745.73
SH100474,2025-08-20,Hub_South,1,SwiftLine,Van,Express,Storm,68.0,20.2,0.185,3,7.3,6.59,5.81,524.3
SH100475,2025-10-14,Hub_West,4,SwiftLine,Van,Standard,Clear,67.1,,0.542,7,6.5,7.76,5.65,506.46
SH100476,2025-11-06,Hub_East,3,RoadRunner,Van,Express,Clear,125.6,70.4,0.784,2,5.2,8.49,7.52,921.48
SH100477,2025-01-07,Hub_East,1,RoadRunner,Truck,Standard,Clear,66.7,64.7,0.549,3,4.5,7.02,5.85,713.36
SH100478,31/08/2025,Hub_East,1,SwiftLine,Bike,Standard,Clear,135.6,42.4,0.394,3,3.1,12.94,10.22,494.07
SH100479,2025-02-09,Hub_West,4,CargoPlus,Van,Standard,Clear,124.1,16.8,0.087,4,5.8,9.04,8.82,745.29
SH100480,2025-04-16,Hub_East,5,CargoPlus,Bike,Standard,Clear,116.1,22.2,0.133,3,6.0,11.65,10.6,444.05
SH100481,2025-10-30,Hub_North,5,SwiftLine,Bike,Standard,Clear,106.3,41.8,0.176,8,7.2,12.51,11.68,410.01
SH100482,2025-04-02,Hub_North,7,CargoPlus,Van,Standard,Clear,43.6,25.7,0.224,5,2.6,6.26,5.33,313.75
SH100483,2025-10-18,Hub_East,4,RoadRunner,Bike,Standard,Clear,109.8,24.5,0.208,3,5.7,11.24,9.32,444.85
SH100484,2025-06-18,Hub_North,5,SwiftLine,Bike,Express,Clear,124.3,66.8,0.432,3,5.1,12.19,9.67,637.36
SH100485,2025-03-26,Hub_North,7,RoadRunner,Truck,Express,Clear,139.6,9.1,0.053,5,5.4,10.93,8.13,1366.58
SH100486,2025-05-02,Hub_North,6,SwiftLine,Bike,Express,Rain,31.7,43.6,0.332,3,8.0,6.09,5.27,335.17
SH100487,2025-07-13,Hub_South,8,SwiftLine,Van,Standard,Clear,121.4,40.0,0.193,7,8.1,9.83,9.14,737.02
SH100488,07/10/2025,Hub_North,2,cargoplus,Van,Standard,Clear,32.2,31.8,0.344,1,7.5,4.63,3.15,262.65
SH100489,2025-08-10,Hub_East,7,roadrunner,Truck,Standard,Clear,99.8,12.4,0.132,3,5.7,8.52,6.48,900.39
SH100490,2025-12-07,Hub_East,6,SwiftLine,Van,Standard,Rain,91.8,22.5,0.197,4,5.1,7.8,6.39,576.03
SH100491,2025-11-13,Hub_West,5,RoadRunner,Bike,Standard,Clear,47.8,31.4,0.352,8,7.9,8.65,7.12,196.82
SH100492,2025-10-02,Hub_South,1,CargoPlus,Truck,Standard,Storm,78.4,11.2,0.1,3,8.9,7.55,9.27,686.9
SH100493,2025-08-09,Hub_South,5,roadrunner,Van,Express,Clear,70.8,58.4,0.463,2,8.7,6.4,5.44,661.66
SH100494,2025-04-16,Hub_East,7,CargoPlus,Van,Standard,Clear,94.4,29.0,0.255,4,,7.9,7.88,618.71
SH100495,2025-05-31,Hub_South,6,CargoPlus,Van,Express,Clear,76.8,27.5,0.129,6,5.6,7.83,5.94,626.4
SH100496,2025-02-13,Hub_East,1,SwiftLine,Van,Express,Clear,88.4,45.4,0.261,8,6.9,8.87,6.39,732.3
SH100497,17/05/2025,Hub_North,3,RoadRunner,Van,Standard,Storm,64.9,76.1,0.644,1,7.0,5.88,7.89,470.34
SH100498,2025-12-05,Hub_West,5,RoadRunner,Van,Standard,Clear,198.4,22.1,0.108,6,,12.47,10.49,1156.47
SH100499,2025-06-05,Hub_North,7,CargoPlus,Bike,Standard,Rain,89.5,,0.107,5,5.1,10.5,8.97,332.65
SH100500,2025-02-11,Hub_West,4,SwiftLine,Van,Express,Storm,59.9,82.1,0.44,3,10.0,6.29,6.8,585.14
SH100501,2025-08-26,Hub_East,7,SwiftLine,Truck,Standard,Rain,58.1,33.8,0.248,2,4.7,6.33,5.08,552.83
SH100502,2025-12-18,Hub_North,7,SwiftLine,Van,Standard,Clear,107.1,102.9,0.81,6,7.2,8.99,8.59,806.01
SH100503,2025-11-13,Hub_East,3,RoadRunner,Truck,Express,,246.7,69.5,0.366,6,4.5,16.08,15.06,2338.52
SH100504,2025-04-11,Hub_North,2,CargoPlus,Bike,Standard,Clear,130.8,15.4,0.091,2,5.3,12.32,10.31,491.39
SH100505,2025-06-15,Hub_East,8,CargoPlus,Truck,Standard,Clear,74.8,25.0,0.197,5,3.7,7.99,6.21,719.11
SH100506,2025-07-13,Hub_East,5,RoadRunner,Truck,Standard,Clear,29.8,,0.013,5,3.7,5.95,4.79,323.08
SH100507,2025-04-01,Hub_North,7,SwiftLine,Van,Standard,Rain,49.3,16.8,0.092,4,6.7,6.18,4.89,353.02
SH100508,2025-04-09,Hub_North,8,SwiftLine,Bike,Express,Rain,55.7,8.9,0.037,5,6.5,8.27,6.76,343.01
SH100509,2025-03-28,Hub_East,4,CargoPlus,Van,Standard,Clear,28.9,17.9,0.144,8,9.2,6.6,5.63,192.38
SH100510,2025-12-30,Hub_North,1,RoadRunner,Bike,Standard,Rain,68.8,6.2,0.066,4,5.6,8.83,8.03,291.15
SH100511,2025-09-30,Hub_West,8,CargoPlus,Van,Standard,Clear,100.8,14.2,0.149,8,5.8,9.35,7.94,644.83
SH100512,2025-11-03,Hub_East,5,SwiftLine,Truck,Standard,Clear,62.2,17.5,0.12,1,5.4,6.22,4.98,654.78
SH100513,2025-10-26,Hub_East,1,RoadRunner,Van,Standard,Clear,112.7,27.4,0.26,6,3.6,9.2,6.41,722.66
SH100514,2025-12-17,Hub_North,5,CargoPlus,Bike,Express,Clear,57.7,7.6,0.091,6,6.7,8.7,6.85,339.31
SH100515,2025-02-08,Hub_East,1,SwiftLine,Van,Standard,Clear,36.9,60.1,0.444,6,5.2,6.31,5.4,314.37
SH100516,2025-11-18,Hub_West,3,swiftline,Van,Standard,Rain,52.8,,0.191,3,2.6,6.01,4.5,302.15
SH100517,2025-01-25,Hub_North,3,RoadRunner,Van,Express,Storm,49.9,35.2,0.36,1,7.7,5.3,6.06,463.44
SH100518,2025-06-23,Hub_South,4,RoadRunner,Bike,Express,Clear,32.5,16.4,0.089,1,4.4,5.54,4.02,255.24
SH100519,2025-08-05,Hub_North,5,CargoPlus,Truck,Standard,Clear,44.6,28.6,0.216,3,6.2,6.02,5.47,473.84
SH100520,2025-05-11,Hub_South,7,CargoPlus,Bike,Express,Clear,26.6,26.6,0.304,1,6.2,5.15,4.26,306.3
SH100521,2025-02-23,Hub_East,3,roadrunner,Van,Standard,Rain,25.6,62.0,0.331,2,5.9,4.68,5.32,324.05
SH100522,2025-03-12,Hub_South,6,SwiftLine,Van,Standard,Clear,61.6,23.5,0.105,1,3.5,5.75,2.84,488.88
SH100523,2025-10-29,Hub_East,8,RoadRunner,Bike,Standard,Clear,55.2,24.5,0.15,4,8.3,7.94,6.73,257.16
SH100524,2025-04-27,Hub_South ,6,CargoPlus,Van,Standard,Clear,177.9,,0.048,8,4.0,12.29,9.92,1020.4
SH100525,2025-04-24,Hub_North,3,RoadRunner,Van,Standard,Clear,45.6,6.1,0.031,1,1.0,5.14,3.49,289.56
SH100526,2025-12-04,Hub_North,6,CargoPlus,Van,Express,Rain,59.5,33.7,0.25,3,7.2,6.27,6.42,517.12
SH100527,2025-02-22,Hub_West,3,RoadRunner,Truck,Standard,Clear,81.4,34.3,0.347,3,7.1,7.69,5.16,838.51
SH100528,2025-12-01,Hub_East,4,SwiftLine,Van,Standard,Clear,116.5,31.5,0.18,4,3.1,8.75,5.38,655.59
SH100529,2025-12-03,Hub_South,6,roadrunner,Van,Express,Clear,137.1,52.0,0.561,5,,9.83,40.44,1027.36
SH100530,2025-08-07,Hub_East,3,RoadRunner,Truck,Standard,Clear,81.9,27.1,0.323,8,7.7,9.21,7.6,750.76
SH100531,02/03/2025,Hub_North,1,SwiftLine,Truck,Standard,Clear,69.2,20.2,0.156,2,8.3,6.84,5.36,646.7
SH100532,2025-02-26,Hub_North,7,SwiftLine,Bike,Standard,Clear,51.4,31.0,0.37,3,,7.39,6.71,183.37
SH100533,2025-04-14,Hub_North,6,roadrunner,Truck,Standard,Rain,77.0,24.0,0.207,1,7.2,6.89,5.8,754.47
SH100534,2025-07-30,Hub_West,1,swiftline,Truck,Standard,Clear,131.8,8.4,0.038,1,6.9,9.37,9.06,1191.89
SH100535,2025-02-26,Hub_East,4,SwiftLine,Bike,Standard,Clear,75.7,55.6,0.272,6,5.2,9.89,8.39,332.75
SH100536,2025-06-16,Hub_East,3,RoadRunner,Van,Standard,Clear,90.6,16.5,0.134,3,3.3,7.46,5.92,589.09
SH100537,2025-02-12,Hub_North,8,CargoPlus,Bike,Standard,Clear,109.8,25.2,0.287,2,,10.94,10.03,449.51
SH100538,2025-07-17,Hub_North,8,RoadRunner,Van,Standard,Clear,87.0,17.7,0.085,4,7.7,7.62,5.62,530.02
SH100539,08/01/2025,Hub_East,6,CargoPlus,Truck,Standard,Rain,94.6,61.6,0.528,4,7.7,8.59,8.78,879.03
SH100540,2025-09-16,Hub_South,4,CargoPlus,Van,Standard,Clear,85.7,18.2,0.191,4,,7.57,5.92,531.35
SH100541,2025-01-21,Hub_West,1,RoadRunner,Van,Standard,Rain,43.4,68.0,0.807,7,4.8,6.86,7.0,399.94
SH100542,2025-03-13,Hub_East,2,swiftline,Bike,Express,Clear,77.8,15.3,0.172,6,9.0,10.03,7.6,407.51
SH100543,2025-03-05,Hub_South,1,cargoplus,Van,Standard,Clear,82.0,43.7,0.212,4,5.7,7.43,6.49,579.21
SH100544,2025-10-31,Hub_East,7,SwiftLine,Truck,Standard,Clear,156.8,24.5,0.113,2,6.8,10.8,8.78,1385.58
SH100545,2025-01-20,Hub_West ,1,CargoPlus,Bike,Standard,Clear,51.8,7.1,0.04,1,3.1,6.81,6.11,213.44
SH100546,2025-06-06,Hub_South,6,RoadRunner,Van,Standard,Clear,80.2,66.5,0.415,6,5.4,7.96,6.53,555.79
SH100547,2025-08-04,Hub_East,8,SwiftLine,Van,Standard,Rain,61.4,14.3,0.156,7,7.7,7.54,5.87,401.63
SH100548,2025-07-08,Hub_West,3,RoadRunner,Van,Standard,Clear,150.3,20.8,0.191,6,2.8,10.64,8.55,916.3
SH100549,2025-09-06,Hub_North,6,RoadRunner,Van,Express,Clear,123.1,33.2,0.383,6,5.4,9.6,7.48,924.3
SH100550,2025-10-21,Hub_West,8,CargoPlus,Van,Standard,Clear,79.5,10.4,0.076,6,,7.93,7.68,497.02
SH100551,2025-05-24,Hub_North,4,SwiftLine,Van,Standard,Clear,15.3,16.1,0.117,5,8.4,5.18,3.52,107.72
SH100552,2025-10-30,Hub_East,4,CargoPlus,Van,Standard,,125.8,23.0,0.143,8,7.5,10.3,9.72,779.9
SH100553,2025-04-27,Hub_East,2,SwiftLine,Van,Standard,Clear,33.7,6.7,0.05,5,8.9,5.89,4.57,227.28
SH100554,2025-12-26,Hub_East,4,CargoPlus,Van,Standard,Clear,27.1,31.0,0.32,8,7.2,6.53,5.94,224.47
SH100555,2025-07-04,Hub_South,7,CargoPlus,Van,Standard,Clear,112.9,,0.09,7,7.3,9.51,9.06,676.76
SH100556,2025-09-26,Hub_East,6,SwiftLine,Truck,Standard,Rain,92.4,43.1,0.445,4,3.6,8.49,7.53,899.72
SH100557,2025-11-16,Hub_North,2,SwiftLine,Bike,Standard,Rain,88.3,56.2,0.598,3,3.5,9.82,8.14,390.9
SH100558,2025-10-17,Hub_North,5,CargoPlus,Bike,Standard,Clear,53.0,44.9,0.181,2,,7.19,6.24,286.98
SH100559,2025-11-07,Hub_North,6,CargoPlus,Truck,Standard,Clear,30.9,49.0,0.289,3,4.6,5.4,4.54,381.37
SH100560,2025-07-15,Hub_East,1,SwiftLine,Bike,Express,Clear,17.1,22.3,0.206,5,4.4,5.73,1.98,260.48
SH100561,2025-01-16,Hub_South,7,RoadRunner,Truck,Express,Clear,88.0,8.6,0.065,6,1.0,8.89,5.31,942.04
SH100562,2025-06-29,Hub_North,2,CargoPlus,Van,Standard,Clear,37.0,54.4,0.269,7,7.6,6.61,5.8,264.5
SH100563,2025-03-08,Hub_West,3,SwiftLine,Truck,Express,,95.6,16.4,0.074,2,3.3,8.03,5.72,985.74
SH100564,2025-11-21,Hub_South,4,RoadRunner,Van,Express,Clear,39.6,26.0,0.3,2,3.9,5.21,3.1,410.38
SH100565,2025-03-28,Hub_South,5,RoadRunner,Truck,Standard,Clear,80.4,12.8,0.138,6,7.7,8.54,8.37,735.09
SH100566,2025-03-25,Hub_South,8,SwiftLine,Van,Standard,Clear,42.5,11.4,0.075,1,1.1,5.02,3.02,268.06
SH100567,2025-04-02,Hub_North,2,CargoPlus,Van,Standard,Clear,108.0,32.6,0.297,7,8.2,9.32,7.82,663.33
SH100568,2025-08-23,Hub_East,3,SwiftLine,Van,Standard,Clear,86.2,28.4,0.147,2,3.8,6.99,5.54,566.89
SH100569,2025-07-28,Hub_South,4,CargoPlus,Bike,Express,Clear,77.0,6.8,0.035,5,5.2,9.68,8.31,427.44
SH100570,2025-12-13,Hub_North,7,RoadRunner,Van,Standard,Rain,46.1,17.0,0.113,1,3.9,5.16,3.43,318.16
SH100571,2025-06-01,Hub_West,8,RoadRunner,Truck,Standard,Clear,32.8,83.3,0.521,1,2.8,4.89,4.42,410.32
SH100572,2025-04-14,Hub_West,4,roadrunner,Van,Standard,Clear,88.3,39.6,0.469,8,4.0,8.87,8.12,602.58
SH100573,2025-01-18,Hub_East,6,RoadRunner,Truck,Standard,Rain,53.7,15.6,0.065,6,3.8,7.33,5.12,537.98
SH100574,2025-01-03,Hub_West,8,CargoPlus,Van,Standard,Clear,74.5,20.2,0.169,8,3.0,8.34,6.21,505.84
SH100575,2025-05-17,Hub_West,7,RoadRunner,Van,Standard,Clear,72.3,27.9,0.302,7,8.6,7.96,7.5,457.17
SH100576,2025-12-04,Hub_South,6,CargoPlus,Truck,Standard,Rain,69.9,20.3,0.085,8,3.6,8.67,7.91,753.25
SH100577,2025-07-11,Hub_East,5,RoadRunner,Bike,Standard,Clear,123.8,63.6,0.536,2,1.7,11.86,10.03,530.7
SH100578,2025-11-23,Hub_East,8,SwiftLine,Van,Standard,Storm,70.6,38.0,0.268,6,1.4,7.59,8.21,462.56
SH100579,2025-02-07,Hub_North,2,SwiftLine,Van,Standard,Rain,42.9,45.0,0.258,5,6.4,6.24,5.93,398.42
SH100580,2025-02-04,Hub_North,3,CargoPlus,Bike,Standard,Clear,98.8,,0.284,2,2.0,10.21,8.91,442.33
SH100581,2025-11-01,Hub_North,6,RoadRunner,Bike,Standard,Clear,97.1,37.9,0.399,2,,10.1,8.09,408.85
SH100582,2025-02-08,Hub_East,1,RoadRunner,Van,Standard,Clear,50.8,41.5,0.32,4,9.4,6.24,5.22,385.59
SH100583,2025-01-19,Hub_East,5,RoadRunner,Bike,Standard,,46.3,61.9,0.27,7,5.9,8.25,8.37,306.88
SH100584,2025-05-28,Hub_East,7,RoadRunner,Truck,Standard,Clear,85.9,42.9,0.312,4,6.1,8.19,6.82,836.52
SH100585,2025-12-04,Hub_South,2,RoadRunner,Van,Standard,Rain,38.0,10.7,0.113,3,4.4,5.45,5.36,220.86
SH100586,2025-09-09,Hub_North,7,RoadRunner,Bike,Standard,Clear,86.5,76.6,0.729,5,,10.3,9.14,423.59
SH100587,2025-02-06,Hub_South,4,CargoPlus,Van,Standard,Rain,140.4,5.4,0.063,6,5.1,10.26,9.14,842.25
SH100588,2025-11-02,Hub_South,7,SwiftLine,Bike,Standard,Clear,98.2,36.9,0.376,5,6.1,11.07,8.7,404.71
SH100589,2025-11-04,Hub_West,6,RoadRunner,Truck,Standard,Clear,144.2,30.0,0.161,5,8.8,11.13,10.96,1283.07
SH100590,2025-10-20,Hub_West,2,SwiftLine,Van,Standard,Rain,74.7,19.0,0.086,4,4.6,7.15,6.64,476.54
SH100591,2025-11-26,Hub_West,6,CargoPlus,Bike,Standard,Clear,74.6,48.3,0.372,3,3.9,8.92,7.98,367.95
SH100592,2025-03-29,Hub_West ,1,RoadRunner,Van,Standard,Clear,78.9,24.4,0.184,4,5.3,7.31,6.01,540.01
SH100593,2025-12-24,Hub_West,2,RoadRunner,Van,Express,,90.6,38.4,0.322,8,7.4,8.96,6.6,684.33
SH100594,2025-04-28,Hub_South,8,CargoPlus,Van,Standard,Clear,88.0,9.6,0.09,4,4.8,7.66,6.36,508.0
SH100595,2025-10-20,Hub_North,8,RoadRunner,Bike,Standard,Clear,47.1,54.1,0.326,8,6.0,8.6,7.58,264.99
SH100596,2025-07-31,Hub_North,1,SwiftLine,Bike,Express,Clear,71.6,51.0,0.607,3,6.5,8.72,6.11,443.2
SH100597,2025-10-12,Hub_South,4,RoadRunner,Van,Standard,Rain,121.9,,0.218,3,9.8,8.65,9.23,734.36
SH100598,2025-08-18,Hub_North,1,SwiftLine,Van,Standard,Clear,42.1,13.3,0.129,3,7.3,5.61,3.38,283.45
SH100599,2025-08-23,Hub_North,3,cargoplus,Van,Standard,Rain,12.6,56.6,0.411,3,3.8,4.48,4.44,207.69
SH100600,2025-08-13,Hub_West,8,RoadRunner,Van,Standard,Rain,78.8,5.7,0.054,3,1.1,7.01,6.05,460.28
SH100601,2025-10-12,Hub_North,2,CargoPlus,Bike,Express,Clear,89.8,28.5,0.338,6,5.8,10.82,10.11,458.1
SH100602,2025-09-27,Hub_West,6,CargoPlus,Van,Standard,Rain,89.8,21.9,0.115,8,4.1,8.93,9.26,546.08
SH100603,2025-02-19,Hub_East,7,CargoPlus,Bike,Express,Rain,32.4,36.1,0.27,3,4.5,6.14,5.3,276.4
SH100604,2025-10-29,Hub_East,8,RoadRunner,Van,Standard,Clear,41.6,21.6,0.207,3,3.5,5.59,4.4,300.35
SH100605,2025-07-15,Hub_East,3,SwiftLine,Van,Standard,Clear,119.7,,0.534,3,4.5,8.57,7.01,769.96
SH100606,2025-04-28,Hub_South,6,SwiftLine,Bike,Standard,Rain,118.7,10.6,0.096,2,,11.52,10.05,459.93
SH100607,2025-07-07,Hub_East,4,CargoPlus,Van,Standard,Storm,73.1,56.9,0.333,1,5.3,6.19,8.02,495.24
SH100608,2025-12-19,Hub_North,1,CargoPlus,Bike,Standard,Storm,84.0,24.9,0.228,1,4.2,8.94,10.7,346.73
SH100609,2025-11-10,Hub_West,2,CargoPlus,Van,Express,Clear,44.1,18.3,0.164,1,4.1,5.08,3.04,436.54
SH100610,2025-11-01,Hub_South,6,SwiftLine,Bike,Standard,Rain,36.3,35.5,0.154,2,6.6,6.09,4.6,167.16
SH100611,2025-06-18,Hub_North,6,SwiftLine,Van,Express,Clear,27.7,47.4,0.42,6,5.5,5.96,3.93,384.19
SH100612,2025-10-14,Hub_East,5,CargoPlus,Van,Standard,Rain,35.9,23.3,0.192,2,5.5,5.07,4.77,276.48
SH100613,2025-05-21,Hub_East,7,SwiftLine,Bike,Standard,Clear,84.0,24.9,0.157,3,5.4,9.54,8.66,340.46
SH100614,2025-09-08,Hub_South,6,RoadRunner,Van,Standard,Rain,67.9,14.7,0.087,4,3.7,6.89,5.69,402.0
SH100615,2025-08-22,Hub_East,3,SwiftLine,Truck,Standard,Storm,76.7,5.4,0.055,1,8.4,6.88,8.32,697.61
SH100616,2025-04-02,Hub_North,3,swiftline,Truck,Standard,Clear,76.1,17.6,0.08,4,9.6,7.75,6.71,662.58
SH100617,2025-04-08,Hub_East,8,RoadRunner,Bike,Express,Storm,41.0,27.7,0.174,8,8.0,8.2,8.04,338.11
SH100618,2025-01-23,Hub_North,8,CargoPlus,Bike,Express,Clear,86.5,20.8,0.2,1,2.0,9.1,6.78,484.46
SH100619,2025-02-21,Hub_North,1,CargoPlus,Van,Standard,Clear,127.3,20.8,0.118,3,4.2,8.86,7.05,763.8
SH100620,2025-06-08,Hub_North,7,RoadRunner,Truck,Standard,Clear,41.3,10.5,0.052,1,6.9,5.27,5.4,437.74
SH100621,2025-06-24,Hub_South,2,RoadRunner,Van,Standard,Clear,70.4,12.0,0.142,2,4.0,6.39,4.23,426.57
SH100622,2025-03-02,Hub_South,7,CargoPlus,Van,Standard,Clear,100.3,10.3,0.088,7,4.1,9.03,6.96,587.87
SH100623,2025-06-02,Hub_South,5,RoadRunner,Van,Standard,Clear,118.6,28.2,0.173,5,2.8,9.13,5.76,724.82
SH100624,2025-08-09,Hub_North,6,RoadRunner,Bike,Standard,Clear,91.3,36.5,0.191,3,4.8,10.02,7.95,439.85
SH100625,2025-03-26,Hub_North,6,RoadRunner,Van,Standard,Clear,44.1,29.0,0.118,7,3.9,6.88,5.82,316.05
SH100626,2025-05-04,Hub_South,5,SwiftLine,Van,Standard,Clear,26.2,37.9,0.379,8,1.0,6.5,3.89,290.74
SH100627,2025-05-15,Hub_North,3,SwiftLine,Van,Express,Rain,61.5,11.9,0.082,7,7.8,7.55,6.25,513.95
SH100628,2025-07-04,Hub_East,7,CargoPlus,Van,Standard,Clear,66.4,26.6,0.148,5,,7.13,6.39,422.26
SH100629,2025-05-14,Hub_West,5,RoadRunner,Van,Express,Clear,118.6,18.6,0.209,3,2.8,8.53,5.23,887.16
SH100630,2025-09-26,Hub_South,5,SwiftLine,Van,Standard,Clear,58.7,23.7,0.227,5,7.2,6.84,5.04,400.65
SH100631,2025-04-30,Hub_West,3,SwiftLine,Van,Standard,Rain,40.7,,0.075,6,5.8,6.45,4.65,266.58
SH100632,2025-06-08,Hub_North,1,CargoPlus,Bike,Standard,,49.1,10.1,0.093,4,7.8,7.54,7.24,232.78
SH100633,2025-05-19,Hub_North,5,RoadRunner,Truck,Express,Rain,90.8,27.6,0.313,5,7.0,8.71,6.67,1001.62
SH100634,2025-03-08,Hub_East,3,RoadRunner,Truck,Standard,Rain,72.7,14.6,0.099,7,3.9,8.49,7.9,663.86
SH100635,2025-09-08,Hub_East,6,SwiftLine,Truck,Standard,Rain,66.8,15.3,0.08,5,6.8,7.63,6.16,651.76
SH100636,2025-03-27,Hub_West,3,CargoPlus,Van,Standard,Clear,120.1,22.3,0.09,7,6.9,9.78,9.0,726.1
SH100637,2025-04-19,Hub_North,8,CargoPlus,Bike,Standard,Clear,20.8,37.0,0.158,4,7.6,5.67,5.27,133.83
SH100638,2025-10-17,Hub_East,6,RoadRunner,Van,Standard,Clear,109.6,46.7,0.506,7,7.5,9.38,51.42,690.5
SH100639,2025-12-13,Hub_South,4,SwiftLine,Van,Standard,Clear,14.3,5.8,0.052,2,9.7,4.25,3.64,97.47
SH100640,2025-09-02,Hub_South,6,RoadRunner,Bike,Express,Clear,106.8,17.9,0.078,6,7.4,11.94,10.03,529.0
SH100641,2025-12-01,Hub_North,6,CargoPlus,Van,Express,Clear,78.3,30.1,0.146,7,3.9,8.19,5.52,635.06
SH100642,2025-11-08,Hub_West,5,CargoPlus,Van,Standard,Clear,75.9,35.8,0.343,4,5.9,7.2,7.66,536.13
SH100643,2025-06-25,Hub_North,5,cargoplus,Bike,Standard,Clear,76.7,44.0,0.311,5,,9.66,8.43,368.75
SH100644,2025-10-09,Hub_West,8,RoadRunner,Truck,Standard,Clear,106.8,33.4,0.341,5,7.9,9.44,8.67,984.46
SH100645,2025-04-30,Hub_East,3,SwiftLine,Bike,Standard,Clear,39.9,15.8,0.182,4,3.8,6.93,6.08,184.97
SH100646,2025-06-18,Hub_East,4,RoadRunner,Van,Express,Clear,95.6,29.7,0.298,4,10.0,7.95,5.97,711.16
SH100647,15/07/2025,Hub_East,3,CargoPlus,Truck,Standard,Clear,108.3,27.2,0.148,6,4.9,9.81,8.51,1001.37
SH100648,2025-12-17,Hub_West,5,SwiftLine,Van,Standard,Clear,68.7,9.7,0.089,6,5.4,7.52,4.78,425.91
SH100649,2025-11-06,Hub_North,8,SwiftLine,Bike,Standard,Clear,52.6,14.4,0.126,4,4.6,7.77,5.52,229.72
SH100650,2025-06-28,Hub_North,5,RoadRunner,Van,Standard,Rain,29.1,32.0,0.345,8,4.1,6.61,5.15,281.4
SH100651,2025-08-27,Hub_East,2,RoadRunner,Truck,Standard,Rain,226.0,44.0,0.247,7,4.4,15.44,14.15,2060.44
SH100652,2025-03-15,Hub_South,8,CargoPlus,Truck,Express,Clear,76.6,17.1,0.167,6,6.0,8.37,6.72,819.43
SH100653,2025-10-21,Hub_North,7,SwiftLine,Van,Standard,Clear,26.6,83.3,0.733,2,5.5,4.72,3.5,322.34
SH100654,2025-07-21,Hub_North,4,SwiftLine,Bike,Standard,,43.0,2.2,0.017,4,4.6,7.13,3.53,197.02
SH100655,2025-07-14,Hub_South,2,swiftline,Van,Standard,Rain,54.2,25.5,0.161,1,6.1,5.47,4.99,360.07
SH100656,2025-10-07,Hub_North,4,RoadRunner,Bike,Standard,Clear,109.5,27.6,0.116,8,,12.72,10.55,464.34
SH100657,2025-08-20,Hub_North,7,CargoPlus,Truck,Standard,Clear,43.0,49.7,0.519,5,5.5,6.55,7.4,438.11
SH100658,2025-01-27,Hub_West,5,RoadRunner,Van,Standard,Clear,53.0,15.4,0.075,3,9.0,6.02,4.65,379.95
SH100659,2025-04-16,Hub_South,2,RoadRunner,Truck,Standard,Rain,100.9,17.5,0.123,3,4.4,8.57,7.22,919.23
SH100660,2025-03-06,Hub_West,2,SwiftLine,Truck,Standard,Clear,60.2,17.8,0.142,6,4.9,7.63,5.65,549.84
SH100661,2025-09-26,Hub_West,8,RoadRunner,Van,Standard,Rain,75.0,48.1,0.319,1,3.2,6.26,4.9,515.24
SH100662,2025-01-13,Hub_North ,4,CargoPlus,Truck,Standard,Clear,34.6,54.0,0.502,3,4.8,5.57,5.63,456.65
SH100663,2025-03-15,Hub_East,6,CargoPlus,Van,Standard,Rain,38.2,19.9,0.132,1,6.2,4.86,4.23,340.73
SH100664,2025-08-07,Hub_East,3,SwiftLine,Bike,Express,Storm,40.7,12.8,0.104,6,4.4,7.58,6.7,288.69
SH100665,2025-09-11,Hub_East,1,RoadRunner,Truck,Express,Clear,70.0,13.1,0.062,7,3.2,8.37,6.34,772.37
SH100666,2025-07-03,Hub_North,4,SwiftLine,Van,Express,Clear,74.6,8.4,0.063,6,6.2,7.75,5.31,577.41
SH100667,2025-11-11,Hub_North ,6,SwiftLine,Truck,Express,Rain,78.2,57.7,0.5,8,6.4,9.04,7.87,905.0
SH100668,2025-12-02,Hub_North,3,SwiftLine,Bike,Standard,Rain,119.9,25.9,0.282,4,6.7,12.2,10.57,500.56
SH100669,2025-02-18,Hub_East,5,SwiftLine,Van,Standard,Clear,52.4,46.5,0.254,5,3.0,6.6,5.32,383.53
SH100670,2025-12-14,Hub_West,4,SwiftLine,Truck,Standard,Clear,31.1,21.5,0.144,7,8.2,6.61,4.29,314.9
SH100671,2025-08-13,Hub_East,3,CargoPlus,Bike,Standard,Storm,102.3,91.4,0.555,7,4.5,11.94,12.45,484.21
SH100672,2025-08-21,Hub_East ,3,SwiftLine,Van,Express,Clear,80.2,41.6,0.217,4,3.5,7.36,4.99,654.66
SH100673,2025-02-04,Hub_West,3,CargoPlus,Van,Standard,Storm,99.0,32.3,0.229,7,7.5,8.98,10.63,648.97
SH100674,2025-08-15,Hub_East,3,CargoPlus,Bike,Standard,,80.1,36.9,0.416,7,8.2,10.48,10.02,351.12
SH100675,2025-09-22,Hub_North,6,RoadRunner,Bike,Standard,Clear,55.1,12.2,0.085,7,4.9,8.83,7.55,250.03
SH100676,2025-07-31,Hub_West,3,RoadRunner,Truck,Express,Storm,55.1,18.0,0.111,4,3.8,6.8,6.79,680.02
SH100677,2025-01-31,Hub_South,6,CargoPlus,Bike,Standard,Clear,49.5,46.1,0.538,3,6.4,7.26,5.61,255.91
SH100678,10/07/2025,Hub_North,3,SwiftLine,Van,Standard,Clear,129.1,26.4,0.257,7,2.8,10.13,7.28,785.26
SH100679,2025-12-08,Hub_South,3,roadrunner,Van,Standard,Clear,183.1,38.4,0.267,1,10.0,10.39,10.73,1113.09
SH100680,2025-09-22,Hub_West,8,roadrunner,Van,Standard,Clear,93.5,21.0,0.21,8,3.4,9.07,7.3,568.24
SH100681,2025-02-20,Hub_North,8,CargoPlus,Van,Standard,Clear,63.8,23.8,0.217,6,6.2,7.33,6.32,425.33
SH100682,2025-12-17,Hub_South,4,CargoPlus,Bike,Standard,Clear,51.4,54.9,0.595,7,5.2,8.59,9.24,307.8
SH100683,2025-12-16,Hub_North,3,CargoPlus,Truck,Standard,Clear,86.6,29.5,0.144,8,3.7,9.42,9.04,820.45
SH100684,2025-03-03,Hub_North,6,RoadRunner,Bike,Standard,Clear,34.8,30.4,0.253,6,3.6,7.19,4.94,225.8
SH100685,2025-10-20,Hub_North,1,RoadRunner,Van,Standard,Clear,,24.8,0.239,8,7.8,9.01,7.11,557.94
SH100686,2025-05-29,Hub_East,4,CargoPlus,Truck,Express,Storm,49.9,19.3,0.231,6,6.2,7.16,8.8,619.62
SH100687,2025-08-05,Hub_West,5,cargoplus,Van,Standard,Rain,16.1,21.9,0.193,1,4.1,4.01,4.58,173.66
SH100688,2025-06-12,Hub_North,6,RoadRunner,Van,Standard,Clear,144.9,,0.136,4,4.4,9.83,8.96,882.11
SH100689,2025-10-13,Hub_North,1,CargoPlus,Truck,Standard,Storm,103.6,56.8,0.669,8,3.9,10.19,11.16,992.92
SH100690,2025-12-30,Hub_North,1,CargoPlus,Bike,Express,Clear,32.8,26.7,0.205,2,7.3,5.86,4.48,265.87
SH100691,2025-10-18,Hub_North,3,RoadRunner,Bike,Standard,Clear,111.9,50.0,0.395,1,7.3,10.78,54.599999999999994,496.04
SH100692,2025-12-06,Hub_East,1,SwiftLine,Van,Standard,,49.5,13.2,0.08,4,6.6,6.19,4.44,295.46
SH100693,12/12/2025,Hub_East,5,SwiftLine,Truck,Express,Rain,110.8,35.3,0.371,5,,9.62,7.69,1117.82
SH100694,2025-02-02,Hub_East,8,CargoPlus,Truck,Standard,Clear,69.6,5.2,0.043,4,6.8,7.45,6.01,653.41
SH100695,2025-04-03,Hub_South,3,SwiftLine,Truck,Standard,Clear,71.9,14.9,0.176,7,2.2,8.46,6.46,662.78
SH100696,2025-09-21,Hub_East,4,RoadRunner,Truck,Standard,Storm,74.7,15.4,0.126,2,6.1,7.08,8.05,700.1
SH100697,2025-08-04,Hub_North,2,RoadRunner,Bike,Standard,Rain,69.9,18.2,0.099,4,7.6,8.91,9.16,257.09
SH100698,2025-01-19,Hub_North,1,CargoPlus,Van,Express,Rain,42.3,,0.507,5,6.0,6.21,5.71,469.8
SH100699,2025-02-04,Hub_West,6,CargoPlus,Bike,Standard,Rain,145.1,5.6,0.029,6,5.6,14.46,14.15,533.07
SH100700,09/07/2025,Hub_East,3,CargoPlus,Truck,Express,Clear,93.2,54.0,0.338,7,4.2,9.42,6.98,988.77
SH100701,2025-08-13,Hub_West,5,RoadRunner,Truck,Express,Clear,37.4,5.0,0.058,2,4.4,5.39,2.65,491.2
SH100702,2025-03-03,Hub_West,6,SwiftLine,Van,Standard,Rain,53.0,20.2,0.239,8,4.5,7.52,6.55,382.34
SH100703,2025-03-04,Hub_East,7,RoadRunner,Truck,Standard,Clear,145.9,,0.214,8,5.9,12.11,11.61,1276.2
SH100704,17/02/2025,Hub_West,2,SwiftLine,Van,Standard,Clear,32.4,65.5,0.37,8,4.5,6.74,5.5,313.52
SH100705,26/07/2025,Hub_South,5,RoadRunner,Bike,Express,Storm,91.6,40.3,0.4,1,1.9,9.44,8.91,510.83
SH100706,2025-01-03,Hub_North,8,CargoPlus,Van,Standard,Clear,40.8,79.6,0.697,3,7.1,5.56,6.24,384.76
SH100707,2025-07-28,Hub_North,4,RoadRunner,Truck,Standard,Clear,48.9,87.4,0.662,6,6.5,7.12,6.35,571.2
SH100708,23/06/2025,Hub_North,1,roadrunner,Van,Express,Clear,69.7,49.7,0.376,3,6.2,6.66,4.59,576.52
SH100709,2025-06-20,Hub_North,3,roadrunner,Bike,Standard,Rain,87.7,14.6,0.111,1,3.6,9.18,7.92,331.15
SH100710,2025-09-05,Hub_South,7,CargoPlus,Truck,Express,Storm,75.9,34.1,0.224,3,4.5,7.44,8.42,839.0
SH100711,2025-07-10,Hub_East,7,RoadRunner,Van,Standard,Clear,38.7,27.9,0.232,1,6.5,4.88,2.98,290.21
SH100712,2025-09-23,Hub_East,3,RoadRunner,Van,Standard,Clear,142.9,17.0,0.073,6,5.6,10.35,8.86,879.88
SH100713,2025-10-06,Hub_East,2,SwiftLine,Van,Standard,Rain,98.2,47.8,0.516,3,4.1,7.75,5.61,609.86
SH100714,2025-12-02,Hub_North,3,RoadRunner,Van,Standard,Clear,123.5,8.3,0.093,6,8.1,9.61,8.38,754.89
SH100715,2025-10-19,Hub_East ,2,swiftline,Van,Standard,Clear,68.0,13.1,0.093,1,3.8,5.99,3.78,476.54
SH100716,2025-07-08,Hub_South,6,RoadRunner,Bike,Standard,Clear,101.5,5.6,0.065,7,1.0,11.89,8.63,415.31
SH100717,2025-06-29,Hub_North ,7,CargoPlus,Truck,Standard,Clear,124.1,11.8,0.12,2,5.7,9.32,7.03,1156.14
SH100718,2025-03-28,Hub_North,1,SwiftLine,Van,Express,Clear,83.9,14.0,0.151,2,5.8,6.9,4.46,645.87
SH100719,2025-08-07,Hub_South,6,RoadRunner,Van,Standard,Rain,82.6,23.2,0.258,2,5.6,6.85,6.84,528.59
SH100720,2025-02-20,Hub_North,7,SwiftLine,Truck,Standard,Clear,90.8,50.3,0.338,1,6.3,7.51,6.92,837.01
SH100721,2025-12-06,Hub_West,5,SwiftLine,Bike,Standard,Rain,90.5,17.8,0.187,8,4.4,11.46,10.67,349.08
SH100722,05/11/2025,Hub_East,7,SwiftLine,Truck,Standard,Clear,84.9,51.0,0.263,8,,9.35,8.03,861.37
SH100723,2025-02-13,Hub_East,1,SwiftLine,Truck,Standard,Clear,107.7,86.3,1.02,1,2.8,8.28,7.86,1040.74
SH100724,2025-10-14,Hub_North,6,CargoPlus,Truck,Standard,Rain,67.4,55.6,0.487,3,5.5,7.05,6.76,669.24
SH100725,2025-02-12,Hub_West,2,CargoPlus,Bike,Standard,Clear,138.0,12.4,0.118,5,4.2,13.7,11.3,501.7
SH100726,2025-09-21,Hub_East,8,RoadRunner,Van,Standard,Clear,23.2,15.7,0.101,5,7.5,5.49,4.2,148.23
SH100727,2025-02-02,Hub_North,4,RoadRunner,Van,Standard,Clear,100.4,,0.218,6,,8.73,7.75,709.47
SH100728,2025-06-28,Hub_East,1,CargoPlus,Truck,Express,Rain,134.1,15.4,0.082,8,5.6,11.58,10.91,1336.0
SH100729,2025-08-29,Hub_South,6,CargoPlus,Truck,Standard,Rain,52.7,27.5,0.141,7,5.7,7.59,6.02,535.03
SH100730,2025-09-24,Hub_South,6,RoadRunner,Van,Standard,Clear,59.3,35.8,0.27,3,5.9,6.26,4.52,436.5
SH100731,2025-06-02,Hub_North,4,SwiftLine,Van,Standard,Rain,139.4,42.3,0.268,3,4.0,9.32,8.42,857.45
SH100732,2025-12-03,Hub_South,3,RoadRunner,Bike,Express,Clear,100.0,30.3,0.35,3,6.2,10.59,8.23,529.42
SH100733,2025-10-10,Hub_North,1,CargoPlus,Van,Express,,103.5,10.0,0.107,2,,7.65,5.87,718.83
SH100734,2025-03-18,Hub_North,8,SwiftLine,Truck,Standard,Clear,65.6,19.4,0.161,5,6.2,7.57,5.95,566.85
SH100735,2025-09-02,Hub_North,2,RoadRunner,Truck,Standard,Rain,62.9,55.6,0.602,1,8.6,6.25,6.78,651.68
SH100736,2025-09-24,Hub_West,7,SwiftLine,Van,Standard,Clear,65.7,26.1,0.227,1,5.7,5.91,4.68,477.44
SH100737,2025-05-02,Hub_North,5,SwiftLine,Truck,Standard,Clear,62.1,74.5,0.846,2,,6.51,5.68,714.02
SH100738,2025-09-27,Hub_South,6,RoadRunner,Bike,Standard,Rain,66.2,31.5,0.314,6,9.4,9.26,9.86,291.22
SH100739,24/11/2025,Hub_South,6,SwiftLine,Van,Standard,Clear,95.0,13.6,0.134,5,7.5,8.22,5.81,574.63
SH100740,2025-10-26,Hub_West,7,CargoPlus,Van,Standard,Clear,61.0,38.7,0.24,3,6.8,6.33,6.05,390.79
SH100741,2025-10-06,Hub_East,1,CargoPlus,Van,Express,Clear,41.0,57.5,0.595,5,5.1,6.16,5.59,492.56
SH100742,2025-08-20,Hub_West,8,SwiftLine,Truck,Standard,Clear,130.8,28.7,0.292,6,7.0,10.83,9.53,1202.56
SH100743,2025-04-09,Hub_North,1,CargoPlus,Van,Standard,Clear,52.4,29.1,0.135,7,1.4,7.2,6.64,364.21
SH100744,2025-10-18,Hub_North,8,CargoPlus,Bike,Standard,Clear,59.3,34.0,0.152,4,8.6,8.21,8.02,228.05
SH100745,2025-05-13,Hub_East,3,RoadRunner,Bike,Express,Rain,34.3,36.7,0.406,7,7.3,7.46,6.51,276.07
SH100746,2025-07-14,Hub_South,7,RoadRunner,Van,Standard,Rain,83.2,16.0,0.189,3,5.1,7.17,5.96,523.24
SH100747,2025-04-25,Hub_West,1,CargoPlus,Van,Standard,Rain,51.5,5.8,0.051,7,7.2,7.17,8.18,292.81
SH100748,2025-04-25,Hub_West,4,RoadRunner,Van,Standard,Clear,40.2,40.0,0.215,2,6.7,5.23,3.59,330.55
SH100749,2025-02-27,Hub_South,5,SwiftLine,Van,Standard,Clear,112.5,26.2,0.193,2,3.5,7.99,5.7,710.1
SH100750,2025-12-17,Hub_West,8,SwiftLine,Bike,Standard,Clear,158.4,34.4,0.143,7,,15.64,13.46,562.17
SH100751,2025-02-23,Hub_East,1,SwiftLine,Truck,Express,Clear,55.4,23.0,0.243,6,6.3,7.41,4.2,664.31
SH100752,2025-02-01,Hub_North,1,RoadRunner,Van,Standard,Clear,100.6,34.8,0.168,8,5.2,9.34,8.43,618.55
SH100753,2025-12-08,Hub_South,6,SwiftLine,Van,Standard,Clear,86.2,12.7,0.085,1,5.1,6.69,4.98,555.41
SH100754,2025-07-22,Hub_North,1,RoadRunner,Van,Standard,Clear,78.8,19.9,0.169,8,7.3,8.51,7.42,583.53
SH100755,2025-06-09,Hub_West ,7,RoadRunner,Van,Standard,Rain,39.3,12.2,0.117,8,5.9,7.0,5.95,270.26
SH100756,2025-09-27,Hub_North,1,CargoPlus,Van,Express,Clear,82.4,20.3,0.229,5,9.3,7.74,7.02,678.56
SH100757,2025-05-20,Hub_South,8,RoadRunner,Bike,Standard,Rain,102.7,8.7,0.064,5,4.2,11.37,9.87,406.52
SH100758,2025-02-16,Hub_East,5,CargoPlus,Van,Standard,,179.8,42.7,0.236,2,6.3,10.56,10.19,1086.74
SH100759,2025-09-24,Hub_North,8,CargoPlus,Van,Standard,Storm,24.8,63.9,0.311,6,3.7,5.85,8.5,-279.16
SH100760,2025-03-06,Hub_North,2,SwiftLine,Van,Standard,Clear,100.0,9.2,0.085,7,6.9,9.02,5.69,571.24
SH100761,2025-07-21,Hub_East ,3,RoadRunner,Truck,Express,Clear,78.7,26.5,0.133,5,3.3,8.17,6.39,869.49
SH100762,2025-12-13,Hub_North,4,SwiftLine,Van,Standard,Clear,66.5,23.0,0.213,2,6.1,6.24,5.91,430.45
SH100763,2025-12-08,Hub_South,1,CargoPlus,Van,Express,Clear,131.4,65.6,0.502,5,7.9,9.61,9.96,1008.53
SH100764,2025-05-12,Hub_South,1,RoadRunner,Van,Standard,Rain,54.9,27.7,0.203,2,5.6,5.79,5.81,365.07
SH100765,2025-10-12,Hub_North,3,SwiftLine,Van,Express,Clear,156.8,53.9,0.328,5,3.5,10.58,8.41,1071.5
SH100766,2025-08-12,Hub_North,6,SwiftLine,Bike,Express,Rain,23.3,40.8,0.458,8,7.4,7.04,5.15,266.29
SH100767,2025-06-24,Hub_East,6,RoadRunner,Truck,Standard,Clear,61.7,31.9,0.31,8,6.2,8.3,7.17,630.5
SH100768,2025-02-21,Hub_West,1,cargoplus,Van,Standard,Storm,113.5,17.4,0.143,6,5.3,9.23,10.36,684.01
SH100769,2025-05-18,Hub_North,1,CargoPlus,Van,Express,Clear,80.7,32.0,0.236,3,3.6,7.08,5.04,606.55
SH100770,2025-08-26,Hub_West,6,SwiftLine,Truck,Standard,Clear,51.5,12.0,0.083,3,2.3,6.33,4.62,519.91
SH100771,2025-12-27,Hub_East,3,SwiftLine,Bike,Standard,Rain,56.5,19.8,0.142,7,10.0,8.92,8.41,210.76
SH100772,2025-01-02,Hub_East,7,RoadRunner,Van,Express,Clear,92.2,5.1,0.055,1,4.4,6.92,3.49,660.53
SH100773,2025-09-19,Hub_East,3,RoadRunner,Bike,Express,Clear,48.2,59.7,0.44,3,3.5,7.18,5.53,392.55
SH100774,2025-11-05,Hub_East,3,SwiftLine,Van,Standard,Clear,141.0,29.4,0.119,5,6.1,9.98,8.17,829.27
SH100775,2025-12-14,Hub_West,2,SwiftLine,Truck,Express,Clear,70.9,58.6,0.667,1,3.5,6.61,4.64,802.27
SH100776,2025-06-04,Hub_South,3,CargoPlus,Bike,Standard,Rain,67.6,28.5,0.249,7,6.5,9.66,9.37,316.56
SH100777,2025-02-13,Hub_South,6,RoadRunner,Truck,Standard,Clear,87.1,30.0,0.16,4,8.2,8.25,6.37,838.65
SH100778,2025-04-09,Hub_South,4,RoadRunner,Van,Standard,,34.4,39.2,0.196,7,3.4,6.51,5.39,285.43
SH100779,2025-11-07,Hub_North,6,RoadRunner,Van,Standard,Rain,80.9,,0.175,2,4.9,6.79,5.62,529.08
SH100780,2025-11-17,Hub_East,1,RoadRunner,Bike,Standard,Rain,193.1,22.8,0.203,1,6.4,16.13,15.1,647.31
SH100781,2025-08-21,Hub_North,5,RoadRunner,Van,Standard,Clear,69.9,20.6,0.237,4,3.1,6.97,4.93,466.34
SH100782,2025-02-14,Hub_North ,4,SwiftLine,Van,Express,Clear,79.5,12.7,0.056,8,3.7,8.53,6.04,625.37
SH100783,2025-02-14,Hub_North,8,SwiftLine,Bike,Standard,Storm,106.0,20.7,0.141,1,5.3,10.39,9.86,419.24
SH100784,2025-06-24,Hub_North,4,cargoplus,Van,Standard,Rain,139.2,,0.307,2,9.4,9.01,10.57,887.41
SH100785,2025-08-03,Hub_East,1,CargoPlus,Bike,Standard,Clear,80.5,19.3,0.142,7,3.8,10.51,8.12,349.48
SH100786,2025-01-12,Hub_East,6,RoadRunner,Truck,Standard,Rain,65.9,84.2,0.87,1,4.9,6.39,6.16,715.13
SH100787,2025-09-08,Hub_South,2,SwiftLine,Van,Standard,Clear,111.7,5.6,0.03,5,10.0,8.86,7.63,663.76
SH100788,2025-07-18,Hub_North,8,SwiftLine,Van,Express,Rain,47.9,52.0,0.597,1,7.1,5.23,3.91,462.88
SH100789,2025-01-05,Hub_South,4,SwiftLine,Truck,Standard,Clear,137.5,22.2,0.134,1,2.1,9.63,7.0,1256.97
SH100790,2025-02-04,Hub_South,7,CargoPlus,Van,Standard,Rain,119.0,36.2,0.363,4,5.0,8.84,8.54,728.46
SH100791,2025-06-15,Hub_East,6,CargoPlus,Truck,Standard,Rain,110.1,13.5,0.123,6,6.7,9.89,9.68,979.83
SH100792,2025-09-21,Hub_East,4,RoadRunner,Truck,Express,Clear,89.0,6.8,0.057,5,8.4,8.63,5.56,915.8
SH100793,2025-10-29,Hub_South,5,CargoPlus,Bike,Standard,Clear,99.2,45.5,0.489,8,8.3,12.04,12.16,394.33
SH100794,2025-06-07,Hub_South,2,SwiftLine,Van,Standard,Rain,99.1,58.6,0.519,1,6.6,7.18,7.81,664.43
SH100795,18/04/2025,Hub_West,1,RoadRunner,Van,Standard,Rain,84.6,26.8,0.275,1,6.9,6.63,6.05,563.42
SH100796,2025-12-20,Hub_East,7,SwiftLine,Bike,Standard,Clear,55.1,19.4,0.169,7,2.9,8.83,6.76,215.68
SH100797,2025-06-17,Hub_South,8,SwiftLine,Van,Standard,Storm,100.6,25.4,0.248,3,4.1,7.84,7.61,628.45
SH100798,2025-04-26,Hub_South,7,CargoPlus,Bike,Standard,Clear,38.8,25.4,0.111,2,,6.26,5.63,216.38
SH100799,2025-06-11,Hub_North,3,CargoPlus,Truck,Standard,Clear,42.8,21.9,0.201,8,7.6,7.44,6.92,372.46
SH100800,2025-01-05,Hub_West,3,SwiftLine,Van,Standard,Storm,141.1,28.9,0.321,3,6.3,9.38,9.86,902.87
SH100801,2025-04-21,Hub_South,3,SwiftLine,Van,Express,Clear,42.3,,0.345,1,5.7,5.01,2.55,433.6
SH100802,2025-07-08,Hub_North,6,RoadRunner,Van,Express,Rain,125.7,,0.373,1,8.6,8.2,8.22,877.54
SH100803,2025-12-02,Hub_West ,5,SwiftLine,Truck,Standard,Rain,41.5,16.7,0.199,8,,7.38,6.33,418.17
SH100804,2025-09-27,Hub_East,7,RoadRunner,Van,Standard,Clear,68.1,22.2,0.117,2,7.8,6.3,4.51,428.76
SH100805,2025-10-13,Hub_North,8,RoadRunner,Truck,Express,Clear,71.5,11.5,0.109,8,7.0,8.74,5.87,782.08
SH100806,2025-07-18,Hub_North ,4,SwiftLine,Truck,Standard,Rain,33.0,34.7,0.388,2,7.2,5.2,4.81,350.35
SH100807,10/02/2025,Hub_North,6,SwiftLine,Bike,Express,Clear,94.9,14.3,0.06,4,3.4,10.55,6.75,511.87
SH100808,2025-05-23,Hub_East,5,SwiftLine,Bike,Standard,Clear,36.0,3.2,0.017,1,7.4,5.77,4.02,226.78
SH100809,2025-12-30,Hub_North,8,CargoPlus,Bike,Standard,Clear,37.2,18.0,0.108,4,6.4,6.75,6.2,202.31
SH100810,2025-01-17,Hub_West,3,SwiftLine,Van,Standard,Clear,,35.9,0.396,8,4.7,6.84,4.31,288.85
SH100811,2025-11-17,Hub_West,2,RoadRunner,Van,Express,Clear,23.0,37.2,0.44,8,6.9,6.38,4.0,324.78
SH100812,2025-09-07,Hub_South,4,SwiftLine,Van,Standard,Clear,109.0,51.4,0.581,3,8.1,8.16,8.02,737.99
SH100813,2025-04-14,Hub_East,5,RoadRunner,Truck,Standard,Rain,56.3,93.2,0.726,1,5.3,5.95,5.88,629.82
SH100814,2025-10-11,Hub_North,8,SwiftLine,Bike,Standard,Clear,63.3,26.1,0.244,6,4.0,9.07,7.44,287.06
SH100815,2025-11-02,Hub_North,7,SwiftLine,Truck,Express,Clear,67.6,22.9,0.111,3,,7.06,5.89,753.66
SH100816,2025-01-16,Hub_East,1,RoadRunner,Van,Standard,Clear,57.6,28.5,0.337,7,,7.4,5.89,365.29
SH100817,2025-02-08,Hub_North,5,RoadRunner,Van,Express,Rain,40.6,19.9,0.23,1,5.2,4.95,3.32,405.83
SH100818,2025-08-31,Hub_North,2,SwiftLine,Bike,Standard,Clear,54.5,10.5,0.092,1,,6.99,5.3,204.47
SH100819,2025-12-31,Hub_South,3,SwiftLine,Van,Express,Clear,67.4,9.8,0.05,6,9.0,7.47,5.16,581.31
SH100820,2025-01-09,Hub_North,8,CargoPlus,Truck,Standard,Rain,39.3,24.1,0.279,6,3.9,6.68,6.42,388.94
SH100821,2025-08-31,Hub_South,8,swiftline,Van,Standard,Clear,55.6,62.0,0.692,6,6.2,7.02,6.03,429.35
SH100822,2025-02-19,Hub_East,2,SwiftLine,Van,Standard,Clear,116.5,18.9,0.225,5,5.5,9.05,7.53,690.97
SH100823,2025-08-26,Hub_West,2,RoadRunner,Van,Standard,Rain,,41.5,0.335,7,5.5,7.27,5.65,365.87
SH100824,2025-08-16,Hub_East,6,SwiftLine,Van,Standard,Clear,87.6,54.9,0.373,6,2.4,8.24,6.84,615.77
SH100825,2025-02-03,Hub_West,4,RoadRunner,Van,Standard,Clear,10.5,41.1,0.288,2,3.5,4.1,3.18,152.92
SH100826,2025-09-06,Hub_South,4,RoadRunner,Van,Standard,Clear,93.7,44.2,0.353,7,9.1,8.78,7.79,675.81
SH100827,2025-11-24,Hub_West,7,RoadRunner,Truck,Express,Rain,28.7,10.5,0.119,5,7.5,5.9,5.21,444.84
SH100828,2025-11-12,Hub_South,8,RoadRunner,Van,Standard,Rain,94.8,21.7,0.109,2,6.1,7.32,6.21,593.53
SH100829,2025-01-11,Hub_North,8,RoadRunner,Bike,Express,Clear,109.5,7.5,0.069,6,6.4,12.12,9.46,530.07
SH100830,2025-03-31,Hub_West,7,CargoPlus,Truck,Standard,Storm,89.3,16.4,0.186,6,7.0,8.95,11.14,819.76
SH100831,2025-03-29,Hub_North,8,SwiftLine,Van,Standard,Rain,60.0,9.7,0.06,3,4.6,6.29,5.06,357.9
SH100832,2025-06-15,Hub_North,6,SwiftLine,Truck,Standard,Clear,34.9,36.1,0.296,2,4.7,5.28,4.51,351.27
SH100833,2025-02-22,Hub_North,8,RoadRunner,Van,Standard,Clear,91.4,9.7,0.1,8,4.3,8.99,6.75,529.89
SH100834,2025-11-08,Hub_South,5,SwiftLine,Bike,Standard,Clear,559.0,9.8,0.08,7,5.8,8.88,7.01,266.03
SH100835,2025-10-11,Hub_South,1,SwiftLine,Van,Standard,Clear,64.4,24.9,0.205,2,3.2,6.16,4.32,435.49
SH100836,2025-10-23,Hub_South,7,SwiftLine,Bike,Standard,Clear,47.1,5.3,0.054,6,4.2,8.0,5.95,211.57
SH100837,2025-03-14,Hub_West,8,RoadRunner,Truck,Standard,Clear,67.8,87.8,0.467,1,6.5,6.47,6.31,758.9
SH100838,2025-01-06,Hub_North,3,SwiftLine,Truck,Express,Clear,65.9,21.4,0.208,8,4.8,8.49,6.08,745.11
SH100839,2025-11-29,Hub_South,4,RoadRunner,Van,Express,Clear,41.7,54.1,0.612,3,2.0,5.59,3.74,449.95
SH100840,2025-04-16,Hub_South,5,CargoPlus,Van,Standard,,85.7,10.2,0.049,2,4.7,6.97,4.59,576.12
SH100841,2025-08-28,Hub_West,6,RoadRunner,Van,Standard,Rain,140.9,32.3,0.145,7,6.6,10.58,10.72,873.44
SH100842,2025-11-28,Hub_North,6,SwiftLine,Van,Standard,,113.6,37.0,0.174,8,5.7,9.83,7.37,674.99
SH100843,2025-01-14,Hub_North,4,CargoPlus,Bike,Standard,Clear,146.6,12.1,0.12,6,2.1,14.56,10.8,482.18
SH100844,2025-01-02,Hub_South,7,SwiftLine,Truck,Standard,Rain,54.3,43.0,0.307,8,7.6,7.96,6.85,580.5
SH100845,02/01/2025,Hub_East,7,CargoPlus,Van,Standard,Clear,44.3,16.1,0.124,8,5.0,7.19,6.62,284.1
SH100846,2025-02-27,Hub_East,8,RoadRunner,Van,Standard,Clear,26.5,18.8,0.185,3,6.2,5.01,3.59,208.81
SH100847,2025-01-19,Hub_East,5,SwiftLine,Bike,Standard,Rain,,12.0,0.098,5,7.6,8.65,8.92,198.58
SH100848,2025-10-27,Hub_East,1,CargoPlus,Truck,Standard,Storm,65.5,44.4,0.391,6,5.3,7.87,8.6,647.33
SH100849,2025-08-10,Hub_South,7,RoadRunner,Truck,Standard,Rain,72.4,31.9,0.345,8,1.7,8.78,6.93,722.87
SH100850,2025-12-24,Hub_North ,1,roadrunner,Van,Standard,Clear,40.7,,0.232,5,9.0,6.15,3.8,293.17
SH100851,2025-10-20,Hub_North,2,RoadRunner,Van,Express,Clear,78.7,29.9,0.329,5,1.1,7.6,4.34,605.46
SH100852,2025-12-18,Hub_North,3,RoadRunner,Truck,Standard,Rain,69.9,31.2,0.255,7,4.8,8.37,7.31,671.72
SH100853,2025-03-29,Hub_South,2,RoadRunner,Van,Standard,Rain,79.3,15.5,0.112,8,8.1,8.53,9.04,498.72
SH100854,2025-04-16,Hub_South,6,CargoPlus,Truck,Standard,Clear,87.6,40.8,0.248,1,4.1,7.37,6.94,832.91
SH100855,2025-11-07,Hub_South ,4,SwiftLine,Truck,Standard,Clear,47.1,13.7,0.135,7,4.2,7.33,5.34,420.07
SH100856,31/03/2025,Hub_East,2,RoadRunner,Truck,Standard,Clear,74.0,30.2,0.271,4,5.1,7.65,6.07,721.11
SH100857,2025-01-21,Hub_South,1,RoadRunner,Bike,Standard,Clear,112.1,23.5,0.246,4,5.1,11.69,10.43,417.27
SH100858,2025-09-02,Hub_East,2,roadrunner,Van,Standard,Clear,84.6,18.0,0.151,4,3.8,7.53,6.58,534.86
SH100859,2025-10-20,Hub_East,6,RoadRunner,Truck,Standard,Clear,70.9,23.9,0.261,1,,6.61,4.7,651.7
SH100860,2025-12-20,Hub_South,7,SwiftLine,Van,Standard,Clear,50.2,30.5,0.192,5,7.6,6.52,4.6,389.95
SH100861,2025-12-05,Hub_South,3,CargoPlus,Truck,Standard,Rain,62.2,40.7,0.401,8,4.4,8.32,7.83,643.49
SH100862,2025-02-13,Hub_East,1,SwiftLine,Van,Standard,Clear,34.0,27.1,0.194,6,6.5,6.2,3.41,255.95
SH100863,2025-10-09,Hub_East,5,SwiftLine,Truck,Standard,Clear,101.5,47.8,0.235,4,3.7,8.9,7.52,977.28
SH100864,2025-11-05,Hub_South,7,roadrunner,Van,Standard,Clear,50.3,16.2,0.133,1,8.3,5.32,3.88,380.22
SH100865,2025-09-12,Hub_South,1,SwiftLine,Bike,Standard,Rain,43.8,21.3,0.125,6,7.4,7.79,6.74,239.36
SH100866,2025-10-27,Hub_East,7,SwiftLine,Van,Standard,Clear,36.5,36.6,0.164,6,5.3,6.29,5.44,329.72
SH100867,02/11/2025,Hub_East,2,SwiftLine,Bike,Standard,Rain,48.4,10.3,0.071,4,6.8,7.49,6.15,224.43
SH100868,2025-06-12,Hub_North,3,RoadRunner,Van,Standard,Clear,55.3,44.0,0.52,3,8.5,6.11,6.06,392.2
SH100869,2025-01-15,Hub_South,5,CargoPlus,Truck,Express,Clear,122.7,10.9,0.122,3,3.5,9.56,6.17,1232.92
SH100870,2025-06-16,Hub_West,1,RoadRunner,Bike,Standard,Storm,49.8,74.5,0.882,2,,6.98,8.54,346.14
SH100871,2025-03-15,Hub_North,3,SwiftLine,Truck,Standard,,,16.3,0.069,3,6.2,10.16,8.03,1233.96
SH100872,2025-02-11,Hub_West,2,CargoPlus,Bike,Standard,Clear,123.3,70.5,0.368,2,2.9,11.83,9.16,512.58
SH100873,2025-02-15,Hub_North,2,SwiftLine,Van,Standard,Rain,121.1,41.8,0.246,3,2.4,8.62,6.3,766.23
SH100874,2025-09-12,Hub_South,7,CargoPlus,Truck,Standard,Clear,92.0,8.6,0.085,8,2.3,9.67,7.85,853.05
SH100875,2025-07-04,Hub_South,2,RoadRunner,Van,Standard,Clear,30.1,13.2,0.156,5,5.8,5.75,3.77,228.33
SH100876,2025-07-17,Hub_North,1,SwiftLine,Truck,Express,Storm,114.6,9.6,0.07,5,1.4,9.79,8.66,1166.62
SH100877,2025-09-29,Hub_West,2,RoadRunner,Truck,Express,Clear,,21.1,0.183,7,4.7,6.65,4.15,445.2
SH100878,2025-07-20,Hub_South,1,SwiftLine,Van,Standard,Clear,41.6,47.5,0.224,8,1.0,7.09,4.11,329.93
SH100879,2025-08-18,Hub_West,5,CargoPlus,Truck,Standard,Rain,55.2,64.8,0.585,5,6.4,7.1,8.03,608.45
SH100880,2025-02-01,Hub_North,8,SwiftLine,Bike,Standard,Rain,50.7,11.9,0.133,3,6.5,7.34,6.49,228.61
SH100881,2025-11-07,Hub_West,2,CargoPlus,Van,Standard,Clear,104.0,10.7,0.099,5,5.1,8.57,6.24,611.16
SH100882,2025-06-13,Hub_West,6,CargoPlus,Van,Standard,Clear,97.9,33.5,0.309,7,7.9,8.94,8.79,564.11
SH100883,2025-02-26,Hub_East,3,CargoPlus,Truck,Standard,Rain,66.2,8.9,0.07,3,7.1,7.0,7.0,543.13
SH100884,2025-10-24,Hub_North,1,CargoPlus,Van,Standard,Rain,91.4,47.0,0.357,8,3.9,8.99,8.41,607.33
SH100885,2025-09-26,Hub_East,6,SwiftLine,Van,Standard,Clear,75.2,39.4,0.274,4,3.7,7.17,4.97,513.34
SH100886,20/01/2025,Hub_South,2,RoadRunner,Truck,Standard,Clear,69.6,27.4,0.289,6,7.3,8.05,7.74,664.78
SH100887,2025-03-12,Hub_West ,5,CargoPlus,Bike,Standard,Clear,58.1,45.8,0.419,2,6.9,7.53,7.23,290.92
SH100888,06/01/2025,Hub_South,5,SwiftLine,Truck,Standard,Clear,47.2,44.8,0.287,8,5.0,7.64,6.71,543.95
SH100889,2025-04-09,Hub_North,5,SwiftLine,Bike,Standard,,17.7,13.1,0.107,6,2.0,6.07,5.01,102.57
SH100890,2025-02-06,Hub_North,2,SwiftLine,Van,Standard,Rain,102.8,10.4,0.051,8,7.4,9.42,8.59,629.09
SH100891,2025-09-17,Hub_East,3,SwiftLine,Van,Standard,Clear,49.1,25.2,0.11,7,5.6,7.07,4.76,387.43
SH100892,2025-07-10,Hub_West,6,CargoPlus,Van,Standard,Rain,51.3,46.5,0.237,4,5.4,6.26,6.44,361.34
SH100893,2025-12-24,Hub_North,8,RoadRunner,Van,Express,Rain,47.5,12.6,0.138,2,1.0,5.51,4.54,483.15
SH100894,2025-10-01,Hub_East,1,RoadRunner,Truck,Standard,Rain,79.4,10.9,0.066,7,6.6,8.8,8.25,754.44
SH100895,2025-08-12,Hub_West,4,CargoPlus,Truck,Standard,Storm,,11.4,0.133,5,5.4,8.61,10.98,799.6
SH100896,2025-07-05,Hub_North,8,SwiftLine,Bike,Standard,Clear,52.6,19.1,0.128,2,4.4,7.17,5.69,171.69
SH100897,2025-01-20,Hub_North,3,CargoPlus,Bike,Standard,Rain,70.9,2.3,0.017,3,3.8,8.67,7.12,304.87
SH100898,2025-01-26,Hub_East,4,SwiftLine,Bike,Standard,Clear,54.2,14.1,0.148,2,,7.27,5.06,277.44
SH100899,2025-08-13,Hub_East,8,SwiftLine,Van,Standard,Clear,102.9,35.4,0.205,8,6.4,9.43,8.12,638.14
SH100900,2025-01-02,Hub_North,8,SwiftLine,Bike,Standard,Clear,82.8,46.3,0.522,6,4.7,10.36,7.43,415.61
SH100901,2025-01-16,Hub_West,6,SwiftLine,Van,Standard,Clear,23.7,88.2,0.814,3,6.6,4.9,3.76,251.57
SH100902,2025-03-21,Hub_South,6,RoadRunner,Truck,Standard,Rain,86.9,24.5,0.11,2,3.2,7.64,6.07,820.24
SH100903,2025-11-19,Hub_West,5,RoadRunner,Truck,Standard,Clear,73.2,17.1,0.199,7,,8.52,6.82,681.7
SH100904,2025-06-17,Hub_West,3,SwiftLine,Truck,Standard,Clear,45.4,76.6,0.483,6,,6.96,5.2,499.71
SH100905,2025-09-16,Hub_West,8,SwiftLine,Bike,Standard,Clear,42.5,26.5,0.155,6,4.7,7.7,6.34,206.85
SH100906,2025-05-31,Hub_South,1,RoadRunner,Van,Express,Clear,97.4,27.0,0.302,1,8.9,7.12,5.5,732.73
SH100907,2025-03-05,Hub_North,1,SwiftLine,Bike,Express,Clear,100.3,57.0,0.376,8,6.1,12.11,10.31,531.02
SH100908,2025-05-16,Hub_South,5,CargoPlus,Van,Standard,Clear,75.2,,0.068,4,3.2,7.17,4.82,480.28
SH100909,2025-02-03,Hub_North,7,CargoPlus,Van,Standard,Storm,53.0,27.9,0.119,6,,6.92,7.91,353.52
SH100910,2025-10-09,Hub_East,7,RoadRunner,Truck,Standard,Rain,46.1,9.6,0.109,2,7.1,5.79,4.54,436.31
SH100911,2025-03-08,Hub_North,6,RoadRunner,Van,Standard,Clear,47.0,5.4,0.039,5,4.3,6.39,5.48,342.23
SH100912,2025-05-18,Hub_South,4,RoadRunner,Van,Standard,Clear,58.8,13.2,0.072,1,7.3,5.64,3.99,365.52
SH100913,2025-12-24,Hub_North,3,roadrunner,Van,Standard,Clear,111.0,67.9,0.805,4,4.4,8.54,7.27,689.02
SH100914,2025-08-05,Hub_North,4,CargoPlus,Truck,Standard,Clear,28.3,7.0,0.07,2,6.0,4.98,4.2,284.06
SH100915,2025-06-17,Hub_North,3,CargoPlus,Bike,Standard,Clear,69.9,19.1,0.198,4,4.8,8.91,7.21,293.14
SH100916,2025-07-18,Hub_East,4,RoadRunner,Truck,Express,Clear,59.1,43.6,0.349,7,6.0,7.88,5.4,717.35
SH100917,2025-10-14,Hub_East,1,RoadRunner,Bike,Standard,Clear,83.5,13.9,0.132,1,7.0,8.9,7.89,348.17
SH100918,2025-04-03,Hub_North,3,CargoPlus,Bike,Standard,Rain,41.2,87.3,0.552,4,5.5,7.02,6.33,304.07
SH100919,2025-08-21,Hub_West,8,SwiftLine,Truck,Standard,Clear,62.5,25.8,0.21,8,6.8,8.33,7.39,592.38
SH100920,2025-11-15,Hub_West,6,RoadRunner,Bike,Standard,Clear,99.4,6.4,0.045,8,2.1,12.05,9.1,384.45
SH100921,2025-07-28,Hub_South,2,RoadRunner,Van,Standard,Clear,75.5,13.0,0.096,5,6.3,7.48,5.21,485.04
SH100922,2025-06-12,Hub_East,3,RoadRunner,Bike,Standard,Rain,54.9,6.8,0.027,6,5.5,8.52,7.55,236.03
SH100923,2025-02-22,Hub_South,3,SwiftLine,Van,Standard,Storm,44.9,14.3,0.15,5,,6.31,7.08,302.98
SH100924,2025-04-01,Hub_North,3,SwiftLine,Van,Standard,Clear,123.5,21.0,0.121,4,,9.01,5.52,755.78
SH100925,2025-12-12,Hub_South,6,SwiftLine,Truck,Express,Clear,34.7,44.2,0.344,2,2.2,5.27,1.69,519.56
SH100926,2025-07-17,Hub_North,8,RoadRunner,Truck,Standard,,131.5,98.7,0.915,7,6.0,11.16,10.41,1288.42
SH100927,2025-04-20,Hub_West,6,CargoPlus,Van,Standard,Clear,74.6,21.6,0.092,4,,7.15,6.71,492.52
SH100928,2025-06-02,Hub_West,4,CargoPlus,Van,Standard,Clear,65.4,39.7,0.268,7,6.3,7.7,7.08,469.2
SH100929,2025-07-30,Hub_West,2,SwiftLine,Bike,Standard,Clear,109.9,23.8,0.145,2,5.5,10.94,9.16,438.93
SH100930,2025-07-16,Hub_East,2,SwiftLine,Van,Standard,Clear,112.3,,0.063,2,3.1,7.99,6.05,690.44
SH100931,2025-09-13,Hub_East,7,CargoPlus,Van,Express,Clear,,15.8,0.166,2,3.4,6.45,5.51,521.88
SH100932,2025-04-04,Hub_West,6,RoadRunner,Bike,Express,Clear,84.9,64.0,0.533,6,1.3,10.5,6.01,543.89
SH100933,2025-08-25,Hub_North,5,RoadRunner,Truck,Express,Clear,38.7,18.3,0.14,5,5.7,6.35,3.58,490.47
SH100934,2025-06-11,Hub_North,5,SwiftLine,Van,Standard,Rain,62.6,71.7,0.363,6,9.3,7.29,7.22,512.68
SH100935,2025-12-10,Hub_East,7,SwiftLine,Bike,Standard,Clear,49.9,27.4,0.222,2,5.3,6.99,5.31,204.03
SH100936,2025-02-27,Hub_South,7,cargoplus,Truck,Standard,Clear,124.4,29.1,0.179,3,4.0,9.64,7.28,1177.69
SH100937,2025-02-24,Hub_South,1,RoadRunner,Van,Express,Rain,118.8,55.7,0.279,6,5.6,9.43,8.02,836.79
SH100938,2025-06-18,Hub_North,4,SwiftLine,Van,Standard,Rain,39.2,30.6,0.251,5,5.2,6.1,6.15,306.52
SH100939,2025-07-05,Hub_East,1,cargoplus,Bike,Standard,Clear,37.9,1.9,0.018,4,2.0,6.8,4.99,154.8
SH100940,2025-09-10,Hub_North,4,RoadRunner,Van,Express,Clear,64.1,14.5,0.065,3,6.0,6.45,4.61,544.44
SH100941,2025-05-28,Hub_North ,6,CargoPlus,Van,Standard,Clear,133.8,28.9,0.129,4,5.3,9.41,9.41,859.5
SH100942,2025-11-30,Hub_North,2,RoadRunner,Van,Express,Clear,56.3,31.3,0.31,3,5.2,6.15,4.33,519.39
SH100943,23/06/2025,Hub_South,2,RoadRunner,Van,Standard,Clear,176.8,30.7,0.174,6,9.5,11.65,11.91,1078.87
SH100944,2025-02-17,Hub_West,4,CargoPlus,Bike,Express,Clear,35.3,24.4,0.128,2,5.3,6.03,4.85,345.49
SH100945,2025-02-13,Hub_South,5,CargoPlus,Bike,Standard,Clear,49.0,28.2,0.33,6,9.1,8.13,7.51,220.8
SH100946,2025-12-22,Hub_East,6,cargoplus,Bike,Standard,Clear,38.6,59.2,0.322,1,3.8,5.94,4.96,255.45
SH100947,2025-02-18,Hub_East,1,CargoPlus,Van,Standard,Clear,72.6,19.7,0.187,4,2.5,7.07,6.37,501.08
SH100948,2025-12-12,Hub_South,2,RoadRunner,Bike,Standard,Clear,55.7,24.5,0.258,4,3.9,7.97,6.28,261.36
SH100949,2025-04-12,Hub_West,7,SwiftLine,Truck,Standard,Clear,128.0,47.8,0.317,8,7.8,11.3,9.5,1180.26
SH100950,2025-02-04,Hub_East,6,SwiftLine,Van,Express,Clear,53.4,49.0,0.378,6,4.0,6.94,5.22,535.18
SH100951,2025-04-22,Hub_East,8,CargoPlus,Bike,Express,Rain,101.2,10.2,0.086,3,2.6,10.67,6.97,500.99
SH100952,2025-08-13,Hub_North,7,SwiftLine,Van,Express,Rain,39.8,4.5,0.025,3,6.2,5.52,4.73,397.93
SH100953,2025-06-06,Hub_North,7,CargoPlus,Bike,Standard,Clear,60.8,42.4,0.27,6,,8.91,7.76,280.71
SH100954,2025-10-14,Hub_West,5,CargoPlus,Van,Standard,Clear,26.0,34.5,0.404,7,6.6,6.19,5.41,237.36
SH100955,2025-08-12,Hub_East,8,CargoPlus,Truck,Express,Storm,134.8,26.2,0.162,7,4.2,11.31,11.62,1338.99
SH100956,2025-05-27,Hub_West,4,CargoPlus,Van,Standard,Clear,64.0,45.0,0.472,8,3.7,7.94,7.71,442.63
SH100957,2025-08-20,Hub_West,8,RoadRunner,Van,Standard,Clear,100.9,22.3,0.185,2,8.8,7.55,6.88,658.91
SH100958,2025-12-21,Hub_North,4,RoadRunner,Van,Standard,Clear,30.7,33.5,0.307,4,3.8,5.47,4.16,242.91
SH100959,2025-05-31,Hub_East,4,CargoPlus,Bike,Express,Clear,33.8,18.3,0.14,4,3.8,6.53,4.18,274.9
SH100960,2025-02-26,Hub_South,6,SwiftLine,Truck,Standard,Clear,40.3,14.3,0.125,4,6.4,6.13,3.86,372.91
SH100961,2025-05-30,Hub_East,4,SwiftLine,Van,Standard,Rain,51.0,21.9,0.182,1,1.0,5.35,4.32,349.54
SH100962,2025-11-03,Hub_North,2,CargoPlus,Van,Standard,Rain,111.6,7.2,0.057,2,7.0,7.96,8.04,660.07
SH100963,2025-03-21,Hub_North,8,RoadRunner,Truck,Standard,Clear,54.6,13.4,0.14,3,9.1,6.47,6.48,540.91
SH100964,2025-12-13,Hub_East,4,RoadRunner,Van,Standard,Rain,87.3,25.5,0.282,4,7.2,7.63,6.84,525.07
SH100965,2025-08-03,Hub_East,8,SwiftLine,Truck,Standard,Rain,150.1,34.3,0.207,3,3.4,10.8,8.3,1321.76
SH100966,2025-08-08,Hub_East,4,RoadRunner,Van,Standard,Rain,59.4,55.0,0.28,3,4.1,6.27,6.08,397.33
SH100967,2025-04-26,Hub_South,8,CargoPlus,Bike,Standard,Clear,32.4,24.4,0.256,7,5.6,7.34,6.3,189.24
SH100968,2025-12-02,Hub_South,5,RoadRunner,Bike,Standard,Clear,40.7,14.0,0.08,3,6.2,6.68,4.61,215.7
SH100969,2025-01-14,Hub_West,7,roadrunner,Van,Standard,Storm,91.2,9.6,0.105,2,8.7,7.18,8.31,578.87
SH100970,20/04/2025,Hub_South ,7,RoadRunner,Van,Express,Clear,50.1,,0.252,4,8.6,6.21,5.28,496.23
SH100971,2025-06-02,Hub_South,2,CargoPlus,Van,Standard,Clear,30.4,,0.138,1,5.1,4.56,2.96,251.19
SH100972,2025-06-24,Hub_East,7,CargoPlus,Van,Standard,Clear,211.8,23.6,0.129,2,4.4,11.78,9.5,1181.77
SH100973,2025-06-23,Hub_South,8,RoadRunner,Van,Standard,Clear,115.8,29.7,0.122,1,3.9,7.82,5.72,758.93
SH100974,2025-02-23,Hub_East,6,RoadRunner,Van,Express,Clear,44.4,45.4,0.453,1,6.8,5.09,3.13,496.68
SH100975,2025-03-24,Hub_South,8,SwiftLine,Van,Standard,Clear,170.4,65.7,0.472,7,,11.7,11.19,1091.78
SH100976,2025-02-04,Hub_West,7,RoadRunner,Van,Standard,Storm,190.7,,0.097,1,5.6,10.68,11.12,1078.17
SH100977,2025-07-28,Hub_West,6,SwiftLine,Truck,Standard,Clear,154.3,22.2,0.154,2,5.5,10.69,9.64,1373.54
SH100978,09/05/2025,Hub_West,4,RoadRunner,Bike,Standard,Storm,60.3,42.8,0.412,2,9.7,7.67,9.06,288.13
SH100979,2025-07-26,Hub_East,7,RoadRunner,Truck,Standard,Rain,67.2,9.0,0.085,6,6.9,7.94,7.6,666.31
SH100980,2025-08-04,Hub_South,2,SwiftLine,Bike,Express,Rain,89.2,81.4,0.537,3,1.4,9.88,7.48,584.4
SH100981,2025-09-14,Hub_East ,5,SwiftLine,Bike,Standard,Clear,47.1,22.0,0.245,2,5.4,6.8,4.93,216.85
SH100982,2025-07-19,Hub_West,7,SwiftLine,Van,Express,Rain,111.4,88.8,0.638,6,5.9,9.15,6.63,911.63
SH100983,2025-08-25,Hub_East,8,swiftline,Bike,Standard,Clear,81.0,,0.066,2,5.0,9.04,6.15,287.47
SH100984,2025-08-03,Hub_East,3,RoadRunner,Van,Standard,Clear,109.8,51.1,0.367,8,8.0,9.69,8.86,680.82
SH100985,2025-08-27,Hub_East,1,SwiftLine,Bike,Standard,Rain,55.0,15.8,0.118,7,4.8,8.82,6.28,236.4
SH100986,2025-08-14,Hub_East,3,SwiftLine,Van,Standard,,78.0,26.6,0.118,8,3.5,8.48,4.51,477.81
SH100987,2025-04-26,Hub_East,7,CargoPlus,Van,Standard,Rain,36.5,39.7,0.257,6,4.1,6.29,5.47,254.03
SH100988,2025-03-31,Hub_North,5,SwiftLine,Bike,Standard,Clear,52.3,48.3,0.56,3,6.8,7.45,6.23,275.81
SH100989,2025-10-15,Hub_South,1,CargoPlus,Van,Standard,Clear,57.6,35.5,0.378,6,2.8,7.1,6.23,399.88
SH100990,2025-05-06,Hub_East ,1,RoadRunner,Bike,Standard,Rain,91.0,25.7,0.284,7,4.5,11.2,9.42,341.96
SH100991,2025-07-20,Hub_North,3,RoadRunner,Truck,Express,Clear,106.3,29.3,0.284,8,7.2,10.32,8.51,1094.56
SH100992,2025-03-13,Hub_West,3,RoadRunner,Bike,Standard,Clear,39.5,121.2,1.118,1,2.8,6.0,5.59,345.55
SH100993,2025-06-07,Hub_East,2,swiftline,Van,Express,Rain,123.5,53.6,0.6,7,3.4,9.91,8.71,908.65
SH100994,2025-07-13,Hub_North,4,CargoPlus,Van,Standard,Clear,85.6,12.3,0.102,7,2.1,8.47,7.54,531.52
SH100995,2025-08-17,Hub_West,4,CargoPlus,Van,Standard,Clear,94.7,28.9,0.327,7,3.7,8.81,8.03,597.06
SH100996,2025-07-12,Hub_East,2,SwiftLine,Truck,Express,Clear,105.8,36.9,0.27,2,4.5,8.49,5.55,1154.21
SH100997,2025-05-12,Hub_East,2,CargoPlus,Van,Standard,Clear,43.4,3.0,0.026,2,,5.36,4.2,316.13
SH100998,2025-12-18,Hub_South,6,RoadRunner,Van,Express,Clear,122.4,57.9,0.45,6,3.7,9.57,7.46,917.17
SH100999,2025-07-07,Hub_West,8,CargoPlus,Van,Standard,Clear,50.5,13.3,0.055,2,4.7,5.63,4.43,315.89
SH101000,2025-10-23,Hub_South,8,CargoPlus,Van,Standard,Clear,65.6,16.8,0.094,2,7.5,6.2,4.63,410.31
SH101001,2025-09-26,Hub_East,5,SwiftLine,Van,Standard,Storm,,10.3,0.118,8,6.2,7.81,9.09,355.44
SH101002,2025-07-23,Hub_North,1,cargoplus,Bike,Standard,Clear,170.7,51.3,0.451,8,,16.75,18.19,638.12
SH101003,2025-11-20,Hub_East,8,CargoPlus,Bike,Standard,Rain,44.3,41.0,0.179,5,4.2,7.52,7.84,255.86
SH101004,2025-02-16,Hub_East,8,RoadRunner,Bike,Standard,Clear,154.6,53.2,0.624,6,4.6,15.09,13.6,594.36
SH101005,2025-12-03,Hub_East,3,SwiftLine,Truck,Standard,Clear,135.4,69.1,0.789,5,5.8,10.74,8.98,1283.27
SH101006,2025-11-07,Hub_South ,4,CargoPlus,Truck,Standard,Rain,35.2,31.6,0.306,6,4.5,6.5,5.44,412.98
SH101007,2025-07-03,Hub_West,1,RoadRunner,Bike,Express,Clear,49.8,18.7,0.117,5,5.4,7.88,6.26,359.37
SH101008,2025-09-25,Hub_East,7,SwiftLine,Van,Standard,Clear,50.3,32.0,0.204,5,1.7,6.52,4.81,363.17
SH101009,2025-07-09,Hub_North,7,CargoPlus,Van,Standard,Rain,95.6,16.7,0.182,6,4.8,8.55,49.67999999999999,586.32
SH101010,2025-04-09,Hub_West,1,RoadRunner,Van,Standard,Rain,122.6,39.2,0.176,7,7.3,9.88,11.02,764.23
SH101011,2025-10-19,Hub_East,6,CargoPlus,Van,Express,Clear,50.3,59.2,0.349,5,9.3,6.52,5.34,542.81
SH101012,2025-03-31,Hub_West,4,RoadRunner,Van,Express,Rain,31.4,14.0,0.075,6,8.4,6.1,4.84,359.75
SH101013,2025-04-25,Hub_West,5,SwiftLine,Bike,Standard,Storm,95.7,32.2,0.313,2,5.8,10.01,10.72,384.91
SH101014,2025-07-09,Hub_West,2,CargoPlus,Van,Express,Clear,73.5,25.2,0.178,1,6.5,6.2,4.55,567.68
SH101015,2025-11-02,Hub_East,7,RoadRunner,Bike,Standard,Clear,34.7,26.5,0.3,1,6.2,5.69,4.37,200.21
SH101016,2025-05-21,Hub_East,4,RoadRunner,Bike,Standard,Clear,89.5,50.7,0.528,6,4.4,10.8,9.83,405.94
SH101017,30/06/2025,Hub_North,7,RoadRunner,Van,Express,Clear,70.8,37.4,0.444,3,3.6,6.7,4.26,562.2
SH101018,2025-01-16,Hub_South,2,SwiftLine,Van,Standard,Clear,39.6,22.3,0.143,7,6.0,6.71,4.52,285.16
SH101019,2025-02-12,Hub_East,5,RoadRunner,Truck,Standard,Clear,54.1,24.4,0.19,7,5.3,7.65,6.57,542.38
SH101020,2025-01-21,Hub_South,3,RoadRunner,Bike,Standard,Clear,149.7,29.1,0.27,6,7.2,14.77,13.11,553.25
SH101021,2025-01-27,Hub_West,8,CargoPlus,Van,Express,Clear,17.4,27.9,0.329,4,1.0,4.96,3.34,340.11
SH101022,2025-11-14,Hub_North,5,CargoPlus,Truck,Standard,Clear,42.2,,0.197,1,5.2,5.31,4.39,477.62
SH101023,2025-11-04,Hub_South,6,cargoplus,Van,Standard,Clear,33.1,45.2,0.299,7,7.9,6.46,6.24,253.78
SH101024,2025-10-27,Hub_South,1,SwiftLine,Truck,Standard,Clear,61.3,10.2,0.092,3,6.7,6.78,5.44,569.12
SH101025,2025-01-21,Hub_South,6,RoadRunner,Truck,Standard,,,37.7,0.351,5,3.5,8.06,6.35,765.55
SH101026,2025-01-29,Hub_North,1,SwiftLine,Truck,Standard,Clear,66.5,,0.223,6,2.9,7.91,5.73,659.86
SH101027,2025-04-13,Hub_North,3,cargoplus,Truck,Standard,Clear,70.3,85.5,0.653,8,5.4,8.69,8.2,775.67
SH101028,2025-07-26,Hub_West,2,RoadRunner,Van,Standard,Clear,78.8,25.6,0.18,5,7.1,7.61,6.28,493.04
SH101029,2025-05-02,Hub_South,1,CargoPlus,Van,Standard,Clear,53.9,37.3,0.275,8,6.5,7.56,7.55,349.42
SH101030,2025-06-27,Hub_North,5,SwiftLine,Truck,Express,Clear,196.3,50.5,0.259,6,5.7,13.79,11.67,1916.58
SH101031,2025-03-05,Hub_North,2,SwiftLine,Truck,Express,Clear,731.0,,0.337,4,6.8,7.61,6.22,824.42
SH101032,2025-09-24,Hub_South,5,CargoPlus,Bike,Standard,Rain,36.3,4.9,0.027,3,6.0,6.39,5.61,227.48
SH101033,2025-04-25,Hub_North,7,RoadRunner,Van,Standard,Clear,67.4,5.4,0.023,5,6.7,7.17,6.51,441.76
SH101034,2025-01-25,Hub_East,2,CargoPlus,Van,Standard,Clear,96.0,24.0,0.191,6,,8.56,7.93,575.1
SH101035,2025-09-29,Hub_East,6,CargoPlus,Truck,Standard,Clear,102.8,27.5,0.118,6,4.6,9.56,8.71,969.14
SH101036,2025-11-26,Hub_North,3,RoadRunner,Bike,Standard,Clear,89.3,34.2,0.319,6,3.7,10.79,7.69,371.87
SH101037,2025-01-06,Hub_East,3,RoadRunner,Van,Standard,Clear,75.4,9.5,0.083,1,7.0,6.28,6.01,481.14
SH101038,2025-06-09,Hub_North,5,RoadRunner,Van,Standard,Clear,43.3,41.4,0.353,4,4.5,5.95,5.0,318.02
SH101039,2025-10-29,Hub_South,6,CargoPlus,Bike,Standard,Storm,82.7,9.7,0.046,2,1.6,9.15,10.46,326.02
SH101040,2025-09-15,Hub_West,6,CargoPlus,Truck,Standard,Clear,66.6,36.4,0.182,1,8.4,6.42,6.72,683.54
SH101041,2025-11-09,Hub_South,2,SwiftLine,Van,Standard,Clear,49.2,12.4,0.116,6,6.0,6.78,3.61,348.52
SH101042,2025-06-01,Hub_West,5,RoadRunner,Bike,Express,Rain,73.1,39.9,0.17,8,,10.32,10.15,477.14
SH101043,16/05/2025,Hub_North,3,swiftline,Van,Standard,Rain,1056.0,50.6,0.249,8,5.1,9.53,8.63,769.53
SH101044,2025-09-16,Hub_South,3,RoadRunner,Truck,Standard,Clear,31.0,14.9,0.151,7,7.2,6.6,5.65,312.69
SH101045,2025-02-26,Hub_South,8,CargoPlus,Van,Standard,Clear,43.2,36.0,0.192,3,2.9,5.65,4.99,373.14
SH101046,2025-03-29,Hub_South,1,CargoPlus,Van,Standard,Clear,11.1,30.8,0.245,2,5.5,4.12,3.31,151.56
SH101047,2025-08-08,Hub_West,4,RoadRunner,Van,Standard,Rain,98.7,14.4,0.069,4,6.1,8.07,7.23,593.33
SH101048,2025-09-01,Hub_North,4,SwiftLine,Truck,Standard,Clear,38.4,9.2,0.054,4,6.6,6.04,4.59,379.1
SH101049,2025-02-13,Hub_West,2,SwiftLine,Truck,Standard,Clear,119.4,41.9,0.462,7,2.1,10.61,7.36,1136.13
SH101050,2025-07-05,Hub_West,7,SwiftLine,Van,Standard,Clear,62.4,78.1,0.783,3,6.7,6.38,5.25,483.33
SH101051,2025-05-14,Hub_East,4,SwiftLine,Van,Standard,Clear,88.7,22.3,0.123,3,4.7,7.38,6.21,510.07
SH101052,2025-07-03,Hub_South,6,CargoPlus,Truck,Express,,96.7,5.0,0.029,8,4.2,9.88,7.77,1009.94
SH101053,2025-12-16,Hub_South,4,RoadRunner,Van,Standard,Clear,68.6,2.9,0.023,8,2.4,8.12,5.96,427.05
SH101054,2025-01-28,Hub_North,8,swiftline,Van,Standard,Clear,124.1,29.0,0.263,6,10.0,9.64,9.42,750.17
SH101055,2025-12-30,Hub_East,6,RoadRunner,Truck,Standard,Clear,74.3,7.3,0.063,2,5.2,7.07,5.01,650.25
SH101056,2025-06-14,Hub_South,3,SwiftLine,Truck,Express,Rain,77.9,6.0,0.038,5,6.0,8.13,5.17,840.72
SH101057,2025-10-09,Hub_West ,8,SwiftLine,Van,Standard,Clear,35.0,14.1,0.163,3,3.4,5.34,2.13,284.51
SH101058,2025-06-04,Hub_East,7,CargoPlus,Truck,Standard,Rain,152.1,,0.44,2,2.4,10.59,9.14,1368.11
SH101059,2025-04-24,Hub_South,5,SwiftLine,Van,Standard,Clear,105.7,38.9,0.358,1,7.1,7.43,7.04,682.86
SH101060,2025-10-09,Hub_East,1,roadrunner,Van,Express,Clear,41.1,42.9,0.483,3,2.8,5.57,3.2,501.45
SH101061,2025-09-08,Hub_South,5,RoadRunner,Bike,Standard,Clear,35.2,18.3,0.116,1,,5.72,4.5,201.98
SH101062,2025-02-22,Hub_West,6,SwiftLine,Van,Standard,Clear,57.7,19.3,0.123,1,9.1,5.6,4.19,384.49
SH101063,2025-09-15,Hub_North,3,SwiftLine,Van,Standard,Clear,61.4,52.9,0.342,3,3.9,6.34,5.29,449.36
SH101064,2025-10-02,Hub_West,2,SwiftLine,Van,Standard,Clear,71.2,21.4,0.113,4,4.6,7.02,5.53,449.87
SH101065,2025-05-22,Hub_West,5,SwiftLine,Truck,Standard,Clear,120.5,9.0,0.046,6,1.0,10.36,6.91,1078.91
SH101066,2025-12-04,Hub_West ,7,CargoPlus,Bike,Standard,Clear,123.5,14.7,0.166,7,2.0,13.34,10.97,445.67
SH101067,2025-08-22,Hub_South,3,RoadRunner,Truck,Standard,Rain,104.5,43.4,0.471,2,6.8,8.44,8.95,982.58
SH101068,2025-05-02,Hub_West,4,RoadRunner,Van,Standard,Clear,,35.5,0.298,7,8.0,6.14,4.04,222.92
SH101069,2025-01-04,Hub_South,1,SwiftLine,Bike,Standard,Rain,141.9,23.7,0.22,8,3.9,14.85,12.46,487.42
SH101070,2025-09-04,Hub_East,6,CargoPlus,Bike,Express,Rain,111.2,6.8,0.04,7,4.2,12.53,10.15,522.16
SH101071,18/03/2025,Hub_North,7,SwiftLine,Van,Standard,Clear,92.5,35.3,0.148,3,,7.53,4.78,666.5
SH101072,2025-10-04,Hub_South ,7,CargoPlus,Van,Express,Clear,62.9,20.6,0.155,3,3.2,6.4,4.96,501.04
SH101073,2025-07-11,Hub_South,4,SwiftLine,Van,Express,Clear,88.8,8.9,0.083,5,8.2,7.99,5.05,700.26
SH101074,2025-06-20,Hub_South,1,CargoPlus,Van,Standard,Rain,32.3,42.7,0.403,7,6.1,6.43,7.89,304.87
SH101075,2025-03-01,Hub_South,4,SwiftLine,Van,Standard,Clear,87.1,21.4,0.189,6,1.9,8.22,6.09,566.45
SH101076,2025-09-17,Hub_West,8,SwiftLine,Bike,Standard,Clear,108.7,28.0,0.319,4,6.6,11.46,9.47,415.15
SH101077,2025-03-02,Hub_North,1,RoadRunner,Van,Standard,Clear,81.2,58.1,0.33,2,10.0,6.8,6.39,592.5
SH101078,2025-06-02,Hub_East,2,SwiftLine,Bike,Standard,Clear,62.5,33.1,0.202,6,4.7,9.02,6.21,333.97
SH101079,2025-11-02,Hub_North,7,CargoPlus,Bike,Standard,Clear,125.8,,0.188,6,4.2,13.19,10.7,528.45
SH101080,2025-12-02,Hub_East,5,RoadRunner,Bike,Standard,Clear,184.0,26.7,0.307,5,6.7,16.73,15.42,674.57
SH101081,2025-12-28,Hub_East,2,RoadRunner,Van,Standard,Clear,91.8,46.1,0.352,1,7.5,6.9,6.91,612.15
SH101082,2025-12-16,Hub_South,1,SwiftLine,Van,Standard,Clear,107.6,10.7,0.077,4,7.1,8.41,5.82,633.07
SH101083,2025-07-22,Hub_East,4,RoadRunner,Truck,Express,Clear,69.5,6.8,0.081,7,4.9,8.35,6.78,765.26
SH101084,2025-03-15,Hub_West,5,SwiftLine,Truck,Standard,Rain,57.2,9.7,0.072,8,4.7,8.09,6.6,555.79
SH101085,2025-11-03,Hub_West,7,CargoPlus,Van,Standard,Clear,111.8,19.5,0.13,4,2.1,8.57,6.93,685.71
SH101086,2025-10-20,Hub_South,8,RoadRunner,Van,Standard,Clear,162.7,40.5,0.23,7,3.0,11.41,9.29,992.12
SH101087,2025-12-28,Hub_South,4,RoadRunner,Bike,Standard,Clear,50.5,17.7,0.133,1,6.2,6.73,5.91,227.3
SH101088,2025-08-26,Hub_East,4,CargoPlus,Van,Express,Clear,41.7,39.7,0.377,1,,4.99,4.27,493.34
SH101089,2025-02-21,Hub_North,8,RoadRunner,Van,Standard,Clear,54.8,29.0,0.328,6,6.0,6.99,5.59,388.98
SH101090,2025-07-03,Hub_West,7,RoadRunner,Van,Express,Clear,49.2,86.7,0.479,8,5.0,7.38,6.26,559.89
SH101091,2025-06-13,Hub_South,2,SwiftLine,Truck,Express,Rain,130.2,29.6,0.282,1,5.6,9.3,8.42,1250.77
SH101092,2025-11-04,Hub_West,6,RoadRunner,Bike,Standard,Rain,123.1,16.3,0.066,2,,11.81,11.46,483.48
SH101093,2025-05-24,Hub_North,6,SwiftLine,Bike,Standard,Clear,53.6,37.1,0.386,8,7.0,9.03,7.19,280.73
SH101094,2025-04-30,Hub_North,2,SwiftLine,Truck,Standard,Rain,79.0,27.6,0.172,8,,9.08,8.11,766.23
SH101095,2025-01-30,Hub_West,8,CargoPlus,Van,Standard,Clear,42.2,10.7,0.046,4,5.5,5.91,4.27,304.85
SH101096,2025-11-01,Hub_West,3,SwiftLine,Van,Express,Rain,68.1,23.5,0.168,1,5.1,6.0,5.44,546.31
SH101097,2025-10-03,Hub_West,5,RoadRunner,Bike,Standard,Clear,41.2,23.1,0.257,4,5.4,7.02,5.82,199.51
SH101098,2025-01-16,Hub_West,4,SwiftLine,Van,Express,Clear,62.9,24.1,0.141,6,3.9,7.3,3.79,586.32
SH101099,2025-06-08,Hub_South,6,RoadRunner,Truck,Standard,Clear,41.7,11.3,0.071,3,7.7,5.89,4.15,377.83
SH101100,2025-06-25,Hub_North,8,CargoPlus,Van,Standard,Clear,125.3,78.8,0.421,3,4.4,8.78,7.95,808.55
SH101101,2025-06-21,Hub_North,4,SwiftLine,Van,Standard,Rain,80.4,7.5,0.089,4,5.2,7.37,6.89,458.55
SH101102,2025-12-02,Hub_South,4,RoadRunner,Van,Standard,Clear,86.2,58.8,0.439,4,5.9,7.59,6.5,594.39
SH101103,2025-02-24,Hub_North,7,RoadRunner,Van,Standard,Clear,50.3,25.8,0.299,7,6.1,7.12,6.17,395.22
SH101104,2025-04-22,Hub_West,8,CargoPlus,Van,Standard,Clear,58.9,13.0,0.062,4,6.0,6.55,5.12,391.68
SH101105,2025-03-08,Hub_North,8,swiftline,Van,Standard,Rain,77.2,71.0,0.539,5,5.2,7.55,7.27,593.75
SH101106,2025-03-31,Hub_North,7,CargoPlus,Bike,Express,Clear,162.2,2.0,0.016,4,8.8,14.99,15.34,634.45
SH101107,2025-11-28,Hub_North,6,RoadRunner,Van,Standard,Clear,72.8,12.9,0.078,6,5.7,7.68,6.66,440.0
SH101108,10/12/2025,Hub_North,7,RoadRunner,Truck,Standard,Clear,136.4,22.3,0.178,6,5.0,11.08,7.88,1216.14
SH101109,2025-01-17,Hub_North,8,SwiftLine,Truck,Standard,Clear,61.2,14.4,0.098,1,9.1,6.17,4.66,622.97
SH101110,2025-08-19,Hub_East,1,SwiftLine,Truck,Standard,Clear,74.6,24.3,0.145,1,3.9,6.78,24.36,714.28
SH101111,2025-03-26,Hub_South,5,RoadRunner,Van,Standard,Clear,121.0,,0.267,7,9.1,9.82,9.66,760.74
SH101112,2025-03-12,Hub_East,1,SwiftLine,Truck,Standard,Storm,101.9,9.1,0.083,1,1.5,8.02,7.53,926.35
SH101113,2025-04-17,Hub_West,5,RoadRunner,Truck,Standard,Rain,48.8,30.7,0.238,5,4.7,6.81,7.26,494.43
SH101114,2025-03-12,Hub_East ,4,roadrunner,Bike,Standard,Clear,87.2,41.0,0.298,7,2.2,10.95,8.44,428.75
SH101115,2025-06-28,Hub_East,3,roadrunner,Van,Standard,Clear,89.8,10.0,0.108,5,2.8,8.03,6.07,599.22
SH101116,2025-12-30,Hub_South,8,SwiftLine,Bike,Standard,Rain,96.8,29.0,0.266,1,6.4,9.78,8.87,420.96
SH101117,2025-08-03,Hub_North,6,SwiftLine,Truck,Standard,Clear,50.7,22.9,0.208,3,6.1,6.3,4.96,530.79
SH101118,2025-09-21,Hub_South,5,RoadRunner,Truck,Standard,Rain,38.3,11.8,0.068,2,4.3,5.44,4.15,371.89
SH101119,2025-06-30,Hub_West,8,RoadRunner,Truck,Standard,Clear,140.3,12.7,0.127,1,8.8,9.76,8.59,1264.64
SH101120,2025-01-06,Hub_East,1,CargoPlus,Van,Standard,Rain,185.6,12.8,0.055,3,7.8,11.08,11.08,1031.23
SH101121,2025-01-31,Hub_North,6,roadrunner,Truck,Standard,Clear,95.8,18.2,0.104,3,5.4,8.34,7.2,871.63
SH101122,2025-04-09,Hub_South ,2,RoadRunner,Bike,Standard,Rain,59.6,18.3,0.134,6,1.9,8.83,8.06,220.1
SH101123,2025-03-30,Hub_West,2,SwiftLine,Bike,Standard,,130.0,60.2,0.669,7,7.4,13.77,12.68,555.39
SH101124,2025-11-03,Hub_East,2,CargoPlus,Van,Express,Rain,46.1,,0.136,5,4.5,6.36,5.97,458.69
SH101125,2025-11-04,Hub_East,5,SwiftLine,Truck,Express,,47.9,32.9,0.249,5,6.1,6.77,4.77,634.99
SH101126,2025-11-08,Hub_West,6,SwiftLine,Truck,Standard,Clear,145.0,28.0,0.139,7,7.1,11.77,10.19,1330.67
SH101127,2025-08-21,Hub_East,7,SwiftLine,Van,Standard,Clear,177.5,29.6,0.173,3,4.7,10.77,8.5,1088.41
SH101128,2025-07-23,Hub_East,4,SwiftLine,Van,Standard,Clear,56.2,34.4,0.249,4,8.1,6.44,5.44,380.72
SH101129,2025-08-25,Hub_North,8,CargoPlus,Van,Standard,Clear,50.1,10.5,0.05,5,4.7,6.51,6.51,287.92
SH101130,2025-05-29,Hub_North,3,SwiftLine,Bike,Express,Clear,73.6,23.7,0.252,7,6.6,10.05,8.28,479.85
SH101131,2025-09-02,Hub_West,2,SwiftLine,Truck,Standard,Storm,43.8,13.1,0.061,3,7.0,5.98,7.33,419.66
SH101132,2025-10-17,Hub_East,1,SwiftLine,Van,Standard,Rain,35.3,47.8,0.415,5,7.3,5.95,6.51,302.55
SH101133,2025-10-06,Hub_South,2,CargoPlus,Bike,Standard,Rain,35.9,16.9,0.09,2,9.0,6.07,5.87,207.95
SH101134,2025-08-13,Hub_East,4,cargoplus,Van,Standard,Clear,86.0,34.7,0.168,3,3.9,7.28,6.59,556.88
SH101135,2025-01-22,Hub_North,4,CargoPlus,Van,Standard,Clear,71.4,,0.3,6,3.2,7.62,7.34,461.32
SH101136,2025-09-22,Hub_West,7,CargoPlus,Truck,Standard,Clear,120.4,30.9,0.209,7,4.9,10.66,9.99,1162.19
SH101137,2025-05-14,Hub_North,2,CargoPlus,Bike,Express,Clear,145.2,28.7,0.125,2,10.0,13.27,13.21,653.72
SH101138,29/09/2025,Hub_West,3,RoadRunner,Bike,Standard,Clear,93.9,25.7,0.116,8,8.2,11.69,10.44,425.3
SH101139,2025-07-16,Hub_South,8,SwiftLine,Truck,Express,,43.8,40.2,0.257,5,4.4,6.58,5.97,600.48
SH101140,2025-11-18,Hub_North,1,SwiftLine,Van,Standard,Clear,25.7,13.9,0.143,8,4.8,6.48,4.73,228.71
SH101141,2025-05-04,Hub_North ,4,SwiftLine,Van,Express,,61.8,32.6,0.352,6,5.5,7.26,5.04,572.96
SH101142,2025-12-06,Hub_West,2,RoadRunner,Bike,Express,Clear,57.9,5.7,0.026,2,6.0,7.52,5.47,345.75
SH101143,2025-11-05,Hub_North,5,SwiftLine,Truck,Standard,Clear,44.9,16.3,0.088,1,6.8,5.43,4.62,462.28
SH101144,2025-05-01,Hub_North,8,SwiftLine,Van,Express,Clear,92.6,17.9,0.12,8,6.9,9.03,7.22,746.52
SH101145,2025-06-26,Hub_East,2,RoadRunner,Bike,Standard,Clear,95.9,,0.075,6,7.9,11.22,10.12,394.07
SH101146,2025-07-13,Hub_South,3,swiftline,Bike,Standard,Clear,84.6,28.8,0.181,7,9.5,10.78,10.4,382.81
SH101147,2025-10-08,Hub_South,4,SwiftLine,Bike,Standard,Clear,182.0,14.6,0.084,1,5.2,15.4,13.02,662.92
SH101148,2025-09-09,Hub_North,7,SwiftLine,Bike,Standard,Rain,36.7,54.1,0.471,2,5.1,6.12,5.89,233.58
SH101149,2025-11-07,Hub_West,8,RoadRunner,Bike,Standard,Storm,63.7,21.6,0.204,7,4.8,9.4,10.96,255.6
SH101150,2025-05-16,Hub_North,1,SwiftLine,Bike,Standard,Clear,72.9,38.4,0.303,7,4.9,10.0,8.74,369.83
SH101151,2025-07-04,Hub_North,4,SwiftLine,Bike,Express,Clear,59.7,48.5,0.453,3,6.2,7.93,4.78,407.65
SH101152,2025-06-07,Hub_South,7,SwiftLine,Van,Express,Clear,55.9,35.3,0.142,8,6.8,7.63,5.67,507.62
SH101153,2025-11-28,Hub_North,1,CargoPlus,Van,Standard,Rain,103.5,,0.128,2,9.0,7.65,8.98,639.8
SH101154,2025-04-22,Hub_South,7,SwiftLine,Van,Standard,,51.1,25.6,0.227,3,4.1,5.95,3.6,323.23
SH101155,2025-08-03,Hub_North,2,SwiftLine,Truck,Standard,Clear,46.5,8.1,0.075,2,6.2,5.81,5.12,440.24
SH101156,2025-02-13,Hub_North,5,CargoPlus,Van,Standard,Clear,95.6,38.8,0.216,5,,8.25,7.45,604.21
SH101157,2025-11-07,Hub_South,8,CargoPlus,Truck,Express,Rain,94.3,88.9,0.592,4,6.3,8.57,9.13,1053.06
SH101158,2025-05-21,Hub_West,6,swiftline,Truck,Express,Clear,33.9,46.0,0.267,5,10.0,6.14,4.84,484.12
SH101159,2025-05-05,Hub_North,8,SwiftLine,Truck,Standard,Clear,121.3,18.8,0.21,3,5.2,9.5,6.59,1099.45
SH101160,2025-08-01,Hub_North,5,SwiftLine,Bike,Standard,Clear,167.0,20.1,0.128,5,,15.61,16.3,630.88
SH101161,2025-07-02,Hub_West ,2,RoadRunner,Bike,Standard,Clear,28.9,47.2,0.522,4,3.8,6.2,5.25,199.01
SH101162,2025-11-06,Hub_West,6,SwiftLine,Van,Standard,Clear,104.0,9.3,0.103,3,4.6,7.97,5.48,600.39
SH101163,2025-07-13,Hub_East,5,cargoplus,Bike,Standard,Rain,82.3,,0.125,7,4.8,10.62,10.98,310.88
SH101164,2025-07-08,Hub_North,3,CargoPlus,Bike,Standard,Clear,783.0,16.2,0.178,7,5.8,10.36,8.09,324.51
SH101165,2025-02-08,Hub_South,1,roadrunner,Bike,Standard,Rain,124.9,5.3,0.024,1,5.2,11.63,10.21,478.48
SH101166,2025-01-09,Hub_North,6,SwiftLine,Van,Standard,Storm,81.6,,0.169,3,7.0,7.11,8.85,562.67
SH101167,2025-05-26,Hub_North,5,CargoPlus,Truck,Express,Clear,80.0,19.0,0.138,3,1.0,7.62,5.81,875.33
SH101168,2025-12-31,Hub_South,7,RoadRunner,Van,Standard,Rain,58.0,19.1,0.182,3,3.5,6.21,5.11,426.35
SH101169,2025-12-01,Hub_East,2,CargoPlus,Truck,Standard,Rain,127.8,27.9,0.328,1,9.3,9.19,9.63,1154.85
SH101170,2025-08-18,Hub_South,5,SwiftLine,Truck,Standard,Clear,33.2,7.1,0.055,4,2.7,5.8,3.53,305.48
SH101171,2025-08-19,Hub_East,7,RoadRunner,Bike,Express,Clear,113.1,24.0,0.097,6,4.8,12.35,10.12,551.11
SH101172,2025-05-23,Hub_North,8,CargoPlus,Van,Standard,Storm,49.9,7.0,0.038,3,6.7,5.9,7.13,358.52
SH101173,2025-03-06,Hub_South,8,CargoPlus,Bike,Express,Rain,71.5,33.7,0.253,5,5.4,9.31,8.52,456.21
SH101174,2025-01-04,Hub_East,2,RoadRunner,Truck,Standard,Rain,44.1,51.3,0.488,1,3.8,5.4,5.15,516.68
SH101175,2025-05-04,Hub_West,2,RoadRunner,Van,Express,Clear,61.2,38.7,0.336,7,6.4,7.54,5.65,551.31
SH101176,2025-04-26,Hub_South,5,RoadRunner,Van,Standard,Rain,47.7,16.4,0.181,5,7.2,6.42,5.76,331.72
SH101177,2025-03-11,Hub_East,4,RoadRunner,Van,Express,Clear,,,0.22,6,4.3,7.35,4.71,560.87
SH101178,2025-04-05,Hub_North,2,CargoPlus,Van,Standard,Clear,116.9,21.1,0.176,4,6.3,8.76,7.92,693.82
SH101179,2025-01-10,Hub_North,1,RoadRunner,Truck,Express,Clear,57.3,26.9,0.139,6,,7.5,34.74,688.49
SH101180,2025-08-10,Hub_East,2,SwiftLine,Truck,Standard,Clear,30.7,,0.317,5,7.7,5.99,3.94,346.74
SH101181,2025-12-05,Hub_North,3,SwiftLine,Van,Standard,Clear,92.1,1.7,0.017,2,6.2,7.21,5.5,539.79
SH101182,2025-09-10,Hub_South,6,RoadRunner,Van,Standard,Clear,54.2,5.8,0.047,2,8.9,5.77,5.42,364.31
SH101183,2025-06-13,Hub_South,1,CargoPlus,Bike,Standard,Clear,47.6,22.2,0.168,7,5.6,8.34,7.41,229.57
SH101184,2025-06-03,Hub_North,1,SwiftLine,Bike,Standard,Clear,74.3,,0.075,3,3.5,8.9,6.72,333.69
SH101185,2025-04-23,Hub_North,3,SwiftLine,Bike,Standard,Clear,20.6,24.5,0.281,1,5.1,4.76,3.66,121.53
SH101186,2025-02-21,Hub_South,7,CargoPlus,Van,Standard,Clear,55.7,27.5,0.243,5,7.9,6.73,6.11,377.65
SH101187,2025-08-07,Hub_West,8,RoadRunner,Truck,Express,Clear,129.5,16.5,0.174,6,3.7,10.77,8.65,1242.56
SH101188,2025-07-26,Hub_East,4,SwiftLine,Truck,Standard,Clear,89.4,,0.083,7,1.0,9.25,5.04,805.66
SH101189,2025-01-03,Hub_South,1,SwiftLine,Bike,Standard,Rain,72.3,11.4,0.069,7,6.4,9.97,8.48,306.01
SH101190,2025-06-01,Hub_North,1,RoadRunner,Van,Express,Clear,69.0,29.8,0.234,8,4.6,8.13,5.45,604.52
SH101191,2025-04-12,Hub_East,7,SwiftLine,Bike,Standard,Rain,116.9,41.8,0.347,2,,11.4,12.93,492.89
SH101192,2025-03-04,Hub_North,4,RoadRunner,Truck,Standard,Clear,54.4,7.3,0.053,6,6.0,7.36,6.32,548.04
SH101193,2025-09-14,Hub_South,1,RoadRunner,Truck,Standard,Clear,626.0,40.4,0.271,3,8.0,6.84,5.35,645.24
SH101194,2025-07-11,Hub_East,7,RoadRunner,Van,Standard,Rain,21.1,32.5,0.247,8,4.5,6.31,5.28,206.16
SH101195,2025-08-20,Hub_South,5,RoadRunner,Van,Standard,Clear,69.3,38.4,0.266,2,6.7,6.34,4.58,494.69
SH101196,2025-09-18,Hub_North,3,SwiftLine,Van,Standard,Storm,91.9,52.1,0.225,6,6.2,8.41,9.54,602.52
SH101197,2025-12-25,Hub_North,4,SwiftLine,Van,Express,Clear,56.7,16.5,0.157,7,8.3,7.36,5.28,457.02
SH101198,2025-10-21,Hub_North,2,SwiftLine,Bike,Standard,Rain,85.9,47.2,0.48,5,5.9,10.26,9.21,374.3
SH101199,2025-08-15,Hub_South,8,swiftline,Van,Standard,Clear,62.5,52.6,0.341,4,4.5,6.68,4.56,453.71
SH101200,2025-11-17,Hub_West,7,RoadRunner,Bike,Standard,Rain,87.8,8.1,0.095,4,7.6,10.09,9.87,338.28
SH101201,2025-06-24,Hub_North,2,swiftline,Van,Standard,Clear,76.8,27.5,0.327,3,4.1,6.93,6.54,484.16
SH101202,2025-12-26,Hub_East,6,RoadRunner,Van,Standard,Clear,50.0,26.8,0.229,1,3.9,5.31,3.77,340.7
SH101203,2025-10-05,Hub_East,2,SwiftLine,Van,Standard,Clear,63.3,54.7,0.566,5,5.4,7.02,6.2,487.67
SH101204,2025-08-26,Hub_North,4,SwiftLine,Van,Express,Rain,69.4,104.1,0.871,5,4.8,7.25,6.18,660.23
SH101205,2025-11-26,Hub_North,6,SwiftLine,Van,Standard,Clear,68.7,38.7,0.236,6,5.5,7.52,6.43,472.88
SH101206,2025-07-08,Hub_South,1,RoadRunner,Truck,Standard,Clear,145.9,80.0,0.365,1,4.2,10.01,9.12,1379.97
SH101207,2025-09-21,Hub_East ,6,RoadRunner,Van,Standard,Clear,67.7,14.3,0.097,6,7.7,7.48,6.32,393.49
SH101208,2025-04-14,Hub_South,2,CargoPlus,Van,Standard,Clear,130.7,36.4,0.2,3,7.7,8.99,9.05,802.97
SH101209,2025-12-18,Hub_East,6,SwiftLine,Bike,Standard,Rain,43.0,24.1,0.274,6,7.2,7.73,7.65,192.28
SH101210,2025-08-16,Hub_West,4,roadrunner,Van,Standard,Clear,86.3,34.2,0.403,4,7.0,7.59,6.66,555.41
SH101211,2025-10-13,Hub_East,1,CargoPlus,Van,Standard,Clear,103.8,39.2,0.324,8,1.8,9.46,7.77,671.17
SH101212,2025-06-18,Hub_West,7,SwiftLine,Bike,Standard,Rain,33.4,43.6,0.371,1,5.7,5.6,5.31,156.93
SH101213,2025-11-13,Hub_East,3,SwiftLine,Bike,Standard,Clear,93.2,19.9,0.228,3,7.2,10.14,9.66,395.29
SH101214,2025-01-28,Hub_West,8,SwiftLine,Van,Standard,Clear,24.3,22.6,0.226,6,8.2,5.83,3.35,283.83
SH101215,2025-02-11,Hub_West,7,swiftline,Van,Standard,Clear,53.3,41.4,0.219,2,5.1,5.73,3.39,370.91
SH101216,2025-07-05,Hub_East,2,CargoPlus,Van,Standard,Clear,73.6,31.0,0.36,3,8.1,6.81,7.21,476.86
SH101217,2025-09-25,Hub_West,5,SwiftLine,Van,Standard,Rain,147.3,15.4,0.132,6,6.1,10.52,9.11,854.57
SH101218,2025-10-23,Hub_West,3,RoadRunner,Van,Standard,Rain,93.3,23.1,0.096,5,1.0,8.16,7.58,561.81
SH101219,2025-06-10,Hub_South,5,CargoPlus,Van,Standard,Rain,52.5,49.4,0.275,2,5.3,5.7,5.52,451.1
SH101220,2025-08-26,Hub_East,5,SwiftLine,Bike,Standard,Rain,,12.2,0.127,3,3.8,11.63,9.41,422.92
SH101221,2025-07-21,Hub_South,3,RoadRunner,Van,Standard,Clear,31.8,24.8,0.125,6,4.3,6.11,5.41,270.38
SH101222,2025-12-17,Hub_West,6,SwiftLine,Van,Standard,Clear,37.8,9.0,0.097,1,7.6,4.84,3.61,293.3
SH101223,2025-08-27,Hub_South ,3,RoadRunner,Truck,Express,Clear,27.5,52.2,0.537,8,6.1,6.75,4.48,496.36
SH101224,2025-06-02,Hub_West,8,SwiftLine,Van,Express,Clear,85.7,107.5,0.46,4,4.5,7.57,6.19,813.26
SH101225,2025-12-20,Hub_East,8,SwiftLine,Van,Standard,Clear,56.0,61.2,0.407,4,4.1,6.44,4.5,404.16
SH101226,2025-02-09,Hub_West,2,SwiftLine,Truck,Standard,Storm,75.0,17.4,0.14,6,6.4,8.3,9.18,728.06
SH101227,2025-12-26,Hub_North,6,RoadRunner,Truck,Standard,Clear,37.4,17.3,0.08,2,5.1,5.39,4.13,375.84
SH101228,2025-02-26,Hub_East,8,RoadRunner,Bike,Standard,Clear,121.6,50.4,0.435,5,6.9,12.61,11.77,544.14
SH101229,2025-04-16,Hub_East,2,RoadRunner,Truck,Standard,Rain,116.0,46.5,0.551,8,3.8,10.76,9.5,1072.41
SH101230,2025-10-27,Hub_West,6,SwiftLine,Bike,Standard,Clear,33.0,66.9,0.589,8,4.7,7.68,5.17,212.76
SH101231,2025-09-25,Hub_West,8,CargoPlus,Truck,Standard,Clear,42.4,25.7,0.204,4,3.3,6.22,4.8,438.42
SH101232,2025-12-21,Hub_East,2,SwiftLine,Bike,Standard,Clear,131.3,10.9,0.119,8,4.4,14.15,11.85,493.51
SH101233,2025-10-01,Hub_East,5,CargoPlus,Van,Standard,Storm,55.6,26.1,0.306,1,9.9,5.52,7.87,339.51
SH101234,2025-08-21,Hub_North,7,RoadRunner,Truck,Standard,Clear,38.4,23.5,0.263,8,4.0,7.24,5.29,391.06
SH101235,2025-05-07,Hub_West,3,RoadRunner,Bike,Standard,Clear,79.3,93.5,0.402,4,4.6,9.53,9.26,399.13
SH101236,2025-01-02,Hub_North,2,RoadRunner,Truck,Standard,Clear,57.4,39.5,0.189,3,3.9,6.6,5.51,608.18
SH101237,2025-02-15,Hub_East,4,CargoPlus,Van,Standard,Clear,37.6,5.8,0.052,1,,4.83,4.23,242.66
SH101238,2025-04-19,Hub_East,3,RoadRunner,Bike,Standard,Clear,149.7,40.5,0.235,5,5.4,14.47,12.34,605.78
SH101239,2025-01-15,Hub_South,6,SwiftLine,Truck,Express,Clear,27.1,52.5,0.429,1,7.9,4.63,3.88,447.82
SH101240,2025-07-05,Hub_North,3,CargoPlus,Van,Standard,Clear,66.0,47.4,0.508,6,4.7,7.42,6.93,478.83
SH101241,2025-10-11,Hub_North,4,swiftline,Truck,Standard,Rain,105.1,45.6,0.525,1,5.7,8.16,8.34,964.54
SH101242,2025-12-18,Hub_West,8,RoadRunner,Truck,Standard,Clear,125.7,30.6,0.204,5,1.8,10.3,7.54,1150.43
SH101243,2025-06-28,Hub_South,5,RoadRunner,Bike,Standard,Clear,94.2,,0.245,4,3.8,10.51,7.46,347.7
SH101244,2025-11-16,Hub_North,8,cargoplus,Van,Standard,Clear,108.2,10.3,0.083,8,7.7,9.63,8.34,689.59
SH101245,2025-12-26,Hub_East,6,RoadRunner,Van,Standard,Clear,99.9,69.8,0.647,4,3.8,8.11,7.56,715.88
SH101246,2025-11-10,Hub_North,8,SwiftLine,Van,Express,Clear,73.6,37.2,0.186,3,7.0,6.81,4.11,624.16
SH101247,19/06/2025,Hub_West,2,RoadRunner,Bike,Standard,Clear,47.0,17.7,0.08,6,3.6,8.0,7.21,242.64
SH101248,2025-04-29,Hub_South,8,SwiftLine,Van,Standard,Clear,59.0,28.4,0.291,7,5.2,7.45,5.22,393.62
SH101249,2025-12-23,Hub_North,8,RoadRunner,Truck,Standard,,41.0,10.4,0.091,5,8.9,6.46,5.6,420.21
SH101250,2025-03-30,Hub_North,1,RoadRunner,Bike,Standard,Clear,76.6,28.2,0.299,7,7.0,10.25,9.36,324.48
SH101251,2025-05-31,Hub_South,3,CargoPlus,Van,Standard,Clear,46.6,57.4,0.283,7,1.6,6.98,5.9,391.41
SH101252,2025-01-28,Hub_South,4,swiftline,Van,Express,Clear,67.0,40.6,0.218,4,10.0,6.86,5.03,590.29
SH101253,2025-10-17,Hub_East,4,SwiftLine,Bike,Standard,Clear,63.5,51.4,0.232,7,3.4,9.39,6.74,315.63
SH101254,2025-08-26,Hub_South,7,roadrunner,Bike,Standard,Rain,83.0,48.9,0.45,7,9.2,10.67,12.41,330.68
SH101255,2025-01-31,Hub_South,6,SwiftLine,Bike,Standard,Clear,66.9,35.1,0.313,2,4.6,8.11,6.53,288.95
SH101256,2025-03-23,Hub_North,2,SwiftLine,Van,Standard,Rain,69.9,23.8,0.176,4,3.0,6.97,4.7,505.01
SH101257,2025-07-22,Hub_North,5,SwiftLine,Bike,Express,Clear,35.3,20.2,0.103,1,4.6,5.73,2.48,300.24
SH101258,2025-07-17,Hub_West ,8,RoadRunner,Truck,Standard,Storm,52.6,66.7,0.28,7,4.2,7.58,9.26,564.53
SH101259,2025-10-20,Hub_North,4,SwiftLine,Truck,Standard,Clear,12.1,38.1,0.231,6,4.4,5.45,3.84,199.32
SH101260,2025-04-08,Hub_West,8,RoadRunner,Bike,Standard,Clear,92.2,36.2,0.146,1,5.6,9.48,7.17,349.57
SH101261,2025-12-04,Hub_South,6,CargoPlus,Truck,Standard,Clear,616.0,37.9,0.439,1,6.5,6.19,7.17,606.77
SH101262,2025-06-12,Hub_North,8,RoadRunner,Truck,Standard,Clear,57.5,21.7,0.116,5,8.3,7.21,4.57,565.76
SH101263,2025-10-28,Hub_North,8,SwiftLine,Bike,Standard,,77.7,34.7,0.213,4,5.9,9.42,7.47,351.53
SH101264,2025-03-29,Hub_North,1,SwiftLine,Truck,Standard,Clear,72.4,16.4,0.17,1,5.7,6.68,4.91,688.99
SH101265,2025-01-14,Hub_East,7,SwiftLine,Van,Standard,Storm,76.9,18.9,0.226,1,4.1,6.33,6.35,529.22
SH101266,2025-01-21,Hub_South,2,RoadRunner,Van,Standard,Rain,83.3,41.8,0.375,7,4.9,8.38,8.42,541.81
SH101267,2025-05-17,Hub_South,7,RoadRunner,Bike,Standard,Clear,66.1,,0.224,4,4.5,8.66,7.54,268.01
SH101268,2025-12-14,Hub_East,7,SwiftLine,Truck,Express,Rain,40.6,42.6,0.325,7,2.8,7.04,5.47,557.73
SH101269,2025-01-18,Hub_East,3,SwiftLine,Truck,Standard,Clear,37.4,46.6,0.209,4,10.0,5.99,4.82,410.98
SH101270,2025-05-15,Hub_West,1,SwiftLine,Truck,Standard,,50.5,,0.107,8,6.0,7.79,6.31,506.51
SH101271,2025-02-09,Hub_West,4,SwiftLine,Truck,Express,Clear,140.1,26.8,0.259,7,6.0,11.55,9.01,1383.1
SH101272,2025-12-07,Hub_East,3,CargoPlus,Bike,Express,Clear,70.8,40.6,0.432,8,7.9,10.17,8.32,448.92
SH101273,2025-09-04,Hub_West,5,SwiftLine,Van,Standard,Rain,88.3,15.0,0.092,6,1.0,8.27,6.98,551.16
SH101274,2025-10-06,Hub_East,1,SwiftLine,Van,Standard,Rain,58.5,2.0,0.02,1,10.0,5.63,6.05,388.61
SH101275,2025-09-18,Hub_South,1,SwiftLine,Bike,Express,Rain,63.9,7.2,0.066,4,3.8,8.51,6.41,376.14
SH101276,2025-08-28,Hub_East,4,SwiftLine,Bike,Standard,Clear,47.3,18.4,0.149,1,3.7,6.52,4.52,224.15
SH101277,2025-10-10,Hub_North,7,SwiftLine,Truck,Standard,Clear,90.2,22.1,0.14,5,4.4,8.69,6.57,884.08
SH101278,2025-01-03,Hub_East,3,RoadRunner,Van,Standard,Rain,61.3,,0.402,4,7.5,6.64,5.71,385.44
SH101279,2025-11-12,Hub_West,3,SwiftLine,Bike,Express,Clear,94.4,53.1,0.318,5,9.8,10.82,9.53,542.88
SH101280,2025-09-28,Hub_North,2,SwiftLine,Truck,Standard,Rain,22.0,23.1,0.131,8,8.8,6.5,6.15,258.34
SH101281,2025-09-27,Hub_West,3,RoadRunner,Truck,Standard,Clear,96.6,17.3,0.084,2,4.5,8.08,6.64,888.4
SH101282,2025-05-24,Hub_West,3,RoadRunner,Van,Express,Rain,43.6,,0.096,7,1.9,6.86,6.38,430.74
SH101283,2025-10-20,Hub_North,3,SwiftLine,Van,Standard,Rain,47.5,,0.178,7,4.7,7.01,6.32,304.54
SH101284,2025-05-20,Hub_South,3,CargoPlus,Van,Standard,Clear,107.3,15.7,0.08,4,4.2,8.39,6.87,639.74
SH101285,2025-01-18,Hub_West,3,SwiftLine,Van,Standard,Clear,114.4,29.4,0.142,4,2.2,8.67,6.58,730.59
SH101286,2025-11-28,Hub_West,6,CargoPlus,Van,Standard,Clear,73.7,15.8,0.178,4,6.7,7.11,6.2,465.45
SH101287,2025-03-27,Hub_North,3,CargoPlus,Van,Standard,Clear,110.7,21.3,0.198,6,5.5,9.12,7.13,656.55
SH101288,2025-02-07,Hub_South ,7,RoadRunner,Bike,Standard,Rain,52.7,19.8,0.233,7,6.5,8.67,8.86,257.89
SH101289,2025-08-15,Hub_East,5,SwiftLine,Van,Standard,Clear,57.4,27.3,0.264,1,,5.59,4.4,411.6
SH101290,2025-03-27,Hub_North,6,CargoPlus,Van,Express,Clear,127.3,39.2,0.399,8,6.9,10.36,10.96,920.8
SH101291,2025-11-10,Hub_South,5,SwiftLine,Van,Standard,Clear,25.5,34.7,0.267,1,5.4,4.37,2.52,240.88
SH101292,2025-06-11,Hub_North,8,SwiftLine,Van,Standard,Clear,89.3,13.6,0.08,2,8.8,7.11,6.22,566.06
SH101293,02/01/2025,Hub_North,3,roadrunner,Van,Standard,Clear,65.6,18.0,0.154,5,4.5,7.1,5.2,425.44
SH101294,2025-12-14,Hub_East,8,RoadRunner,Van,Standard,Rain,78.5,44.1,0.303,1,4.2,6.4,5.46,542.92
SH101295,2025-07-07,Hub_East ,2,CargoPlus,Van,Standard,Rain,72.8,51.0,0.396,6,5.0,7.68,9.17,483.68
SH101296,2025-04-06,Hub_East,2,RoadRunner,Bike,Standard,Rain,77.7,9.2,0.075,2,6.6,8.82,7.17,298.02
SH101297,2025-09-05,Hub_East,7,CargoPlus,Truck,Standard,Clear,64.9,8.2,0.035,3,6.9,6.94,6.1,628.91
SH101298,2025-07-13,Hub_South,8,RoadRunner,Bike,Standard,Clear,77.1,68.0,0.603,5,4.8,9.68,9.59,438.53
SH101299,11/01/2025,Hub_North,1,RoadRunner,Van,Standard,Clear,88.8,10.5,0.072,8,4.9,8.89,6.34,547.85
SH101300,2025-10-05,Hub_North,5,RoadRunner,Bike,Standard,Clear,157.5,14.8,0.155,2,8.1,14.08,13.41,543.79
SH101301,2025-05-27,Hub_North,5,CargoPlus,Van,Standard,Clear,58.9,21.7,0.097,7,2.9,7.45,6.77,387.13
SH101302,2025-09-13,Hub_South,2,CargoPlus,Van,Standard,Clear,65.8,14.4,0.122,6,10.0,7.41,6.23,387.44
SH101303,2025-11-23,Hub_North ,5,cargoplus,Van,Express,Clear,75.8,15.0,0.103,5,4.9,7.49,6.01,616.35
SH101304,2025-08-11,Hub_North,6,cargoplus,Truck,Standard,Clear,111.2,15.1,0.072,8,5.1,10.54,8.82,1009.15
SH101305,2025-09-03,Hub_North,5,RoadRunner,Truck,Standard,Clear,31.0,29.3,0.214,6,6.2,6.3,35.7,322.3
SH101306,2025-04-03,Hub_East,5,SwiftLine,Van,Express,Clear,42.3,6.8,0.049,7,6.6,6.81,5.12,399.06
SH101307,2025-03-28,Hub_East,8,CargoPlus,Van,Standard,Rain,151.8,44.1,0.442,5,4.2,10.39,9.71,955.95
SH101308,01/06/2025,Hub_West,2,SwiftLine,Truck,Express,Clear,84.1,8.2,0.043,4,6.2,8.11,3.93,889.27
SH101309,2025-11-08,Hub_East,5,SwiftLine,Truck,Standard,Rain,82.7,63.2,0.673,3,3.6,7.75,7.1,815.89
SH101310,2025-07-11,Hub_East,3,RoadRunner,Van,Express,Clear,189.3,18.6,0.082,3,4.3,11.22,9.31,1254.43
SH101311,2025-05-08,Hub_North,8,RoadRunner,Truck,Express,Clear,82.1,17.4,0.141,1,2.3,7.12,4.93,892.47
SH101312,2025-10-12,Hub_East,3,RoadRunner,Truck,Express,Clear,55.5,5.6,0.051,3,5.8,6.51,4.76,622.13
SH101313,2025-11-08,Hub_North,7,SwiftLine,Truck,Standard,Clear,20.3,5.1,0.021,7,5.1,6.12,4.32,222.0
SH101314,2025-11-26,Hub_South,6,SwiftLine,Bike,Express,Clear,64.1,,0.115,3,1.5,8.22,4.79,349.21
SH101315,2025-04-20,Hub_South,2,SwiftLine,Truck,Standard,Rain,71.5,5.5,0.034,4,4.1,7.54,5.68,663.62
SH101316,2025-09-17,Hub_South,7,swiftline,Van,Standard,Rain,103.1,14.6,0.103,4,5.4,8.23,7.11,699.04
SH101317,2025-08-04,Hub_North,2,SwiftLine,Van,Standard,Clear,105.7,37.8,0.256,7,7.2,9.23,7.66,703.22
SH101318,2025-06-13,Hub_East,3,RoadRunner,Van,Standard,Clear,90.5,28.8,0.339,5,2.9,8.05,6.74,575.45
SH101319,2025-05-25,Hub_West,3,SwiftLine,Van,Express,Clear,113.2,20.4,0.109,3,,8.32,5.21,818.96
SH101320,2025-02-11,Hub_East,6,SwiftLine,Truck,Standard,Storm,77.3,26.8,0.298,8,3.3,9.0,8.9,749.75
SH101321,2025-04-11,Hub_East,4,SwiftLine,Van,Standard,Clear,31.6,38.4,0.444,1,7.0,4.61,3.22,284.36
SH101322,2025-07-20,Hub_South,5,RoadRunner,Bike,Standard,Clear,61.8,,0.098,2,4.2,7.77,5.69,261.88
SH101323,2025-11-20,Hub_North,5,CargoPlus,Van,Standard,Clear,62.1,43.3,0.436,2,6.5,6.07,4.7,389.22
SH101324,2025-11-13,Hub_East,2,SwiftLine,Bike,Standard,Rain,74.0,25.1,0.301,1,4.8,8.28,7.47,304.73
SH101325,2025-03-10,Hub_South,2,SwiftLine,Van,Standard,Clear,115.1,49.6,0.297,2,2.1,8.09,5.01,729.06
SH101326,2025-09-05,Hub_North,3,RoadRunner,Van,Standard,Clear,68.6,,0.214,6,5.4,7.52,6.31,453.69
SH101327,2025-01-31,Hub_South,2,SwiftLine,Van,Standard,Clear,,,0.084,6,3.1,7.55,5.57,416.07
SH101328,2025-09-04,Hub_West,8,CargoPlus,Bike,Standard,Rain,201.4,14.3,0.141,1,7.7,16.67,18.33,721.16
SH101329,2025-05-05,Hub_East,4,CargoPlus,Bike,Standard,Clear,43.9,24.4,0.26,1,9.1,6.29,7.34,266.82
SH101330,2025-06-14,Hub_South,4,RoadRunner,Van,Standard,Storm,80.7,104.3,0.708,8,6.8,8.58,11.37,655.74
SH101331,2025-09-19,Hub_East,6,CargoPlus,Van,Standard,Rain,53.2,13.5,0.067,7,,7.23,6.44,351.25
SH101332,2025-06-05,Hub_South,7,RoadRunner,Truck,Express,Clear,84.6,88.8,0.836,7,5.5,9.03,7.49,1042.75
SH101333,2025-10-22,Hub_South,6,RoadRunner,Truck,Express,Storm,121.8,,0.31,6,6.1,10.42,11.31,1284.89
SH101334,2025-07-14,Hub_North,5,SwiftLine,Van,Express,Rain,97.6,47.5,0.436,4,7.7,8.02,6.97,782.99
SH101335,2025-12-31,Hub_South,8,SwiftLine,Van,Express,Clear,80.0,38.5,0.3,3,5.1,7.05,4.83,641.03
SH101336,2025-08-21,Hub_East,8,SwiftLine,Bike,Standard,Rain,70.0,84.0,0.644,3,6.3,8.61,9.07,379.42
SH101337,2025-04-19,Hub_North,2,RoadRunner,Truck,Standard,Clear,113.3,15.3,0.169,5,2.1,9.73,7.45,1040.53
SH101338,2025-10-10,Hub_East,2,roadrunner,Van,Express,Clear,100.4,45.1,0.411,1,6.0,7.23,6.19,830.69
SH101339,2025-05-29,Hub_North,4,swiftline,Bike,Standard,Clear,70.4,9.6,0.086,8,3.8,10.14,6.97,316.1
SH101340,2025-07-14,Hub_East,7,roadrunner,Van,Express,Rain,190.4,15.4,0.181,8,5.6,12.77,11.62,1245.0
SH101341,2025-02-19,Hub_East,8,SwiftLine,Van,Standard,Rain,49.6,,0.249,1,3.4,5.29,3.35,374.82
SH101342,2025-02-13,Hub_East,6,SwiftLine,Van,Express,Clear,183.2,48.2,0.458,5,6.3,11.59,10.16,1255.59
SH101343,2025-07-29,Hub_East,6,SwiftLine,Bike,Standard,Clear,115.4,33.7,0.231,3,6.8,11.61,10.06,471.26
SH101344,2025-03-10,Hub_West,2,RoadRunner,Van,Express,Clear,37.7,4.7,0.041,4,,5.74,2.83,413.68
SH101345,2025-12-31,Hub_South,5,RoadRunner,Bike,Standard,Rain,52.0,13.2,0.139,4,3.8,7.73,6.63,198.96
SH101346,2025-11-09,Hub_East,2,RoadRunner,Van,Standard,,80.3,8.3,0.094,5,6.6,7.66,6.61,495.57
SH101347,2025-09-13,Hub_East,5,SwiftLine,Truck,Express,Clear,33.2,23.4,0.174,8,8.6,7.0,4.05,495.38
SH101348,2025-09-26,Hub_North,2,RoadRunner,Truck,Standard,Clear,,8.1,0.086,6,9.3,9.5,8.23,952.03
SH101349,2025-08-06,Hub_North,1,CargoPlus,Van,Standard,Clear,68.8,15.9,0.106,8,6.3,8.13,6.92,490.95
SH101350,2025-01-23,Hub_South ,8,SwiftLine,Bike,Standard,Clear,103.8,15.5,0.144,3,,10.84,9.48,358.9
SH101351,2025-05-24,Hub_North,8,RoadRunner,Van,Standard,Clear,97.5,55.9,0.616,7,,8.92,6.15,638.06
SH101352,2025-06-30,Hub_South,6,SwiftLine,Van,Standard,Clear,63.5,16.8,0.159,4,8.1,6.72,5.44,412.54
SH101353,2025-12-01,Hub_South,6,SwiftLine,Truck,Standard,Rain,52.7,87.1,0.84,4,1.0,6.69,5.65,580.42
SH101354,2025-03-22,Hub_East,2,RoadRunner,Van,Standard,Clear,23.7,18.7,0.2,1,,4.3,3.83,239.7
SH101355,2025-07-01,Hub_North,5,SwiftLine,Van,Standard,Clear,187.3,36.7,0.221,8,5.6,12.65,10.96,1126.16
SH101356,2025-05-06,Hub_West,6,RoadRunner,Truck,Express,Rain,94.4,30.3,0.302,1,1.0,7.68,6.51,1035.7
SH101357,2025-02-19,Hub_South,5,CargoPlus,Van,Standard,Clear,40.0,27.3,0.248,4,6.2,5.83,5.3,295.34
SH101358,2025-02-07,Hub_East,3,SwiftLine,Van,Standard,Rain,68.7,45.5,0.381,8,5.2,8.12,6.49,493.3
SH101359,2025-05-14,Hub_North,4,SwiftLine,Truck,Standard,Rain,112.7,24.6,0.29,6,4.6,10.01,53.34,999.84
SH101360,2025-01-31,Hub_South,7,CargoPlus,Bike,Standard,Clear,73.3,15.9,0.116,1,5.0,8.23,7.39,271.89
SH101361,2025-01-25,Hub_North,3,roadrunner,Van,Express,Clear,35.2,40.7,0.239,8,5.5,6.84,4.66,386.12
SH101362,2025-05-09,Hub_East,8,CargoPlus,Truck,Standard,Clear,100.1,11.4,0.122,5,5.5,9.14,7.67,865.54
SH101363,2025-03-15,Hub_South,7,SwiftLine,Van,Standard,Clear,35.3,19.4,0.106,2,2.5,5.05,1.65,288.51
SH101364,2025-07-22,Hub_West,8,RoadRunner,Van,Standard,Clear,106.9,45.5,0.453,3,6.3,8.08,7.54,692.83
SH101365,2025-01-07,Hub_South,5,CargoPlus,Bike,Express,Clear,85.8,22.9,0.262,7,4.7,10.85,8.83,494.6
SH101366,2025-04-21,Hub_East,2,SwiftLine,Van,Standard,Clear,69.8,34.6,0.366,5,8.7,7.26,5.6,470.98
SH101367,2025-06-15,Hub_North,1,CargoPlus,Van,Standard,Clear,68.4,30.8,0.279,4,7.2,6.91,5.67,489.02
SH101368,2025-12-18,Hub_East,5,RoadRunner,Van,Standard,Clear,61.9,16.7,0.19,3,7.4,6.36,4.92,429.2
SH101369,2025-08-20,Hub_South,4,CargoPlus,Van,Express,Clear,94.2,23.5,0.186,7,9.2,8.79,8.07,709.48
SH101370,2025-11-18,Hub_South,1,SwiftLine,Van,Standard,Clear,39.0,11.0,0.051,3,7.0,5.49,3.83,276.39
SH101371,2025-05-06,Hub_North,8,RoadRunner,Van,Standard,Clear,54.5,50.5,0.499,5,5.2,6.68,5.4,420.79
SH101372,2025-06-14,Hub_North,8,SwiftLine,Truck,Express,Rain,133.8,,0.193,1,1.0,9.46,5.66,1354.44
SH101373,2025-06-03,Hub_North,3,CargoPlus,Van,Standard,Rain,177.2,53.0,0.579,2,6.0,10.46,10.44,1089.52
SH101374,2025-11-20,Hub_West,6,SwiftLine,Van,Standard,Rain,65.4,22.0,0.159,7,9.0,7.7,6.52,440.95
SH101375,2025-12-17,Hub_South,4,SwiftLine,Truck,Standard,Clear,76.0,36.4,0.188,7,7.3,8.64,7.01,701.59
SH101376,18/12/2025,Hub_North,4,CargoPlus,Bike,Express,Clear,42.4,11.1,0.054,8,4.5,8.29,6.79,290.71
SH101377,2025-10-02,Hub_West,5,SwiftLine,Van,Standard,Clear,49.0,47.9,0.324,1,5.6,5.27,3.46,359.73
SH101378,2025-07-03,Hub_North,4,RoadRunner,Bike,Standard,Clear,24.4,22.7,0.235,5,,6.21,5.81,164.29
SH101379,2025-07-17,Hub_South,7,SwiftLine,Van,Express,Storm,31.3,17.6,0.144,2,6.1,4.89,4.6,340.7
SH101380,2025-12-24,Hub_East,2,RoadRunner,Truck,Standard,Clear,58.2,10.0,0.054,6,4.5,7.54,4.87,553.05
SH101381,2025-04-14,Hub_West,6,SwiftLine,Van,Standard,Clear,109.1,118.0,0.7,2,8.4,7.86,7.39,802.65
SH101382,2025-05-07,Hub_East,8,RoadRunner,Truck,Standard,Clear,69.9,8.5,0.058,1,5.7,6.57,4.79,647.63
SH101383,2025-11-24,Hub_South,7,RoadRunner,Bike,Standard,Rain,130.7,85.5,0.671,7,6.0,13.81,15.83,601.13
SH101384,2025-05-22,Hub_West,1,SwiftLine,Van,Standard,Clear,54.8,69.0,0.739,2,3.8,5.79,4.02,443.6
SH101385,2025-03-27,Hub_North,1,SwiftLine,Van,Standard,Rain,119.2,8.0,0.096,7,4.7,9.75,7.32,702.04
SH101386,2025-07-24,Hub_West,6,SwiftLine,Bike,Express,Rain,204.5,24.3,0.214,6,3.2,18.38,14.73,859.99
SH101387,2025-04-29,Hub_West,8,RoadRunner,Van,Standard,Storm,84.7,22.8,0.162,5,8.3,7.83,9.15,579.65
SH101388,2025-11-22,Hub_West,7,SwiftLine,Van,Express,Clear,23.6,24.9,0.136,2,4.5,4.6,1.53,327.46
SH101389,2025-11-28,Hub_North,8,SwiftLine,Van,Standard,Storm,23.4,30.8,0.249,3,5.8,4.89,5.83,181.23
SH101390,2025-04-22,Hub_North,2,SwiftLine,Truck,Standard,Rain,32.2,53.6,0.477,2,2.4,5.16,4.61,355.86
SH101391,2025-07-13,Hub_East,5,RoadRunner,Truck,Standard,Rain,47.6,9.7,0.064,4,3.0,6.46,5.57,451.17
SH101392,2025-12-26,Hub_South,6,RoadRunner,Van,Standard,Rain,105.6,,0.151,2,5.0,7.73,6.88,624.35
SH101393,2025-09-28,Hub_South,5,RoadRunner,Truck,Standard,Clear,57.2,17.8,0.189,2,4.9,6.29,4.62,491.31
SH101394,2025-03-20,Hub_West,7,CargoPlus,Bike,Standard,Rain,119.1,16.3,0.151,3,6.0,11.85,11.22,436.62
SH101395,2025-08-04,Hub_East,2,RoadRunner,Van,Standard,Clear,52.0,25.7,0.195,1,9.5,5.38,3.75,371.5
SH101396,2025-08-15,Hub_South,4,CargoPlus,Van,Standard,Rain,200.9,21.2,0.179,8,1.5,13.17,12.08,1209.23
SH101397,2025-08-27,Hub_South,4,RoadRunner,Van,Standard,Rain,134.3,,0.023,7,7.5,10.32,11.34,782.13
SH101398,2025-01-10,Hub_North,8,SwiftLine,Van,Express,Rain,55.2,31.1,0.168,3,,6.11,4.05,514.89
SH101399,2025-04-20,Hub_North,2,CargoPlus,Van,Standard,Clear,44.7,4.7,0.052,2,4.3,5.41,3.88,305.32
SH101400,2025-11-08,Hub_North,3,CargoPlus,Truck,Standard,Rain,135.1,49.8,0.235,7,4.6,11.32,10.29,1260.14
SH101401,2025-03-30,Hub_West,1,RoadRunner,Van,Standard,Rain,39.4,27.6,0.157,1,7.7,4.9,5.19,278.65
SH101402,2025-04-20,Hub_East,2,SwiftLine,Truck,Standard,Clear,53.1,19.9,0.169,7,5.4,7.61,5.04,573.49
SH101403,2025-04-28,Hub_South,8,swiftline,Van,Standard,Clear,39.1,7.8,0.06,2,4.9,5.19,3.64,241.26
SH101404,2025-03-06,Hub_South,7,RoadRunner,Van,Standard,Rain,78.9,31.8,0.279,1,3.4,6.41,5.93,528.88
SH101405,2025-02-26,Hub_East,3,RoadRunner,Van,Standard,Rain,123.0,24.4,0.277,8,3.8,10.19,8.99,731.16
SH101406,2025-05-07,Hub_West,6,RoadRunner,Van,Standard,Clear,56.2,25.6,0.161,5,3.1,6.74,5.97,387.76
SH101407,2025-11-16,Hub_West,5,SwiftLine,Van,Express,Clear,110.8,28.2,0.147,3,7.3,8.23,5.92,819.12
SH101408,2025-01-01,Hub_South,8,RoadRunner,Truck,Standard,Clear,81.6,38.4,0.191,1,3.9,7.1,5.61,782.31
SH101409,2025-04-14,Hub_West,3,SwiftLine,Van,Standard,Clear,38.5,31.0,0.139,6,3.1,6.37,3.69,264.81
SH101410,2025-01-23,Hub_South,8,SwiftLine,Bike,Express,Clear,54.0,,0.678,5,5.8,8.16,4.64,416.1
SH101411,24/07/2025,Hub_South,3,SwiftLine,Truck,Standard,Clear,31.3,38.3,0.293,1,3.9,4.82,3.74,387.77
SH101412,2025-04-02,Hub_West,6,CargoPlus,Van,Standard,Rain,37.6,30.5,0.184,6,8.6,6.33,6.1,251.95
SH101413,2025-10-17,Hub_South,4,RoadRunner,Truck,Standard,Rain,1544.0,26.4,0.248,5,5.6,11.6,11.57,1430.13
SH101414,2025-08-02,Hub_South,6,CargoPlus,Van,Express,Clear,75.0,12.1,0.124,7,5.9,8.06,6.16,591.81
SH101415,2025-10-14,Hub_South,3,RoadRunner,Van,Standard,Rain,,6.8,0.078,6,5.9,7.55,6.76,449.09
SH101416,2025-08-20,Hub_South,7,cargoplus,Van,Standard,Clear,74.1,2.3,0.017,5,6.6,7.43,6.5,424.42
SH101417,2025-06-10,Hub_South,6,RoadRunner,Van,Standard,Clear,441.0,36.9,0.351,1,6.9,5.08,3.75,330.48
SH101418,2025-11-11,Hub_East,3,CargoPlus,Van,Standard,Rain,57.5,24.7,0.152,2,,5.89,4.84,374.18
SH101419,2025-06-23,Hub_South,8,CargoPlus,Bike,Express,Clear,84.3,39.1,0.427,3,3.5,9.56,6.98,491.88
SH101420,2025-12-13,Hub_North,6,RoadRunner,Truck,Express,Clear,27.4,62.9,0.709,8,5.2,6.74,4.57,453.66
SH101421,2025-12-30,Hub_West,4,SwiftLine,Van,Standard,Storm,20.9,23.0,0.208,3,5.6,4.8,5.42,171.64
SH101422,2025-08-03,Hub_South,2,RoadRunner,Van,Standard,Clear,51.5,8.2,0.076,5,,6.57,5.42,386.42
SH101423,2025-09-04,Hub_West,8,SwiftLine,Van,Standard,Clear,47.4,46.9,0.435,8,1.3,7.31,4.83,382.53
SH101424,2025-04-04,Hub_North,7,SwiftLine,Van,Standard,Clear,126.9,21.5,0.188,1,3.1,8.24,5.7,777.54
SH101425,2025-10-25,Hub_East,6,RoadRunner,Bike,Standard,Clear,,15.8,0.119,6,1.6,7.81,5.91,212.33
SH101426,2025-09-03,Hub_South,7,CargoPlus,Van,Standard,Clear,85.3,14.8,0.147,8,4.5,8.75,6.96,566.34
SH101427,2025-11-26,Hub_West,5,SwiftLine,Bike,Express,Clear,47.3,36.7,0.434,7,4.0,8.32,5.91,359.58
SH101428,2025-04-08,Hub_North,2,SwiftLine,Bike,Express,Clear,82.8,36.3,0.362,5,5.7,10.06,8.29,499.19
SH101429,2025-10-15,Hub_West,2,cargoplus,Bike,Standard,Clear,75.7,54.5,0.353,4,6.9,9.29,9.1,299.54
SH101430,2025-06-21,Hub_South,1,SwiftLine,Truck,Standard,Clear,142.5,10.4,0.083,2,6.1,10.16,8.19,1262.81
SH101431,2025-03-09,Hub_East,1,SwiftLine,Bike,Express,Rain,42.0,10.2,0.09,5,6.4,7.37,5.16,300.95
SH101432,2025-03-04,Hub_South,6,RoadRunner,Truck,Standard,Clear,42.1,28.6,0.133,8,7.4,7.41,6.15,424.78
SH101433,2025-07-25,Hub_North,7,CargoPlus,Truck,Standard,Rain,217.3,30.9,0.245,5,4.8,14.45,13.23,1948.79
SH101434,2025-04-27,Hub_South,2,roadrunner,Bike,Standard,Storm,120.8,49.7,0.24,6,1.0,12.86,11.8,492.78
SH101435,2025-02-07,Hub_North,5,RoadRunner,Van,Express,Clear,53.6,,0.421,3,2.0,6.05,4.0,523.72
SH101436,2025-06-05,Hub_South,1,SwiftLine,Van,Standard,Clear,43.2,27.8,0.131,6,6.5,6.55,4.69,296.92
SH101437,2025-08-27,Hub_East,4,SwiftLine,Truck,Standard,Clear,40.2,54.3,0.374,4,5.9,6.12,5.26,447.88
SH101438,2025-04-27,Hub_South,7,CargoPlus,Van,Standard,Rain,118.2,24.0,0.279,3,6.9,8.51,8.24,673.53
SH101439,2025-12-15,Hub_North,7,CargoPlus,Van,Standard,Clear,49.1,24.2,0.098,2,,5.57,5.33,336.04
SH101440,2025-10-12,Hub_North,8,SwiftLine,Van,Standard,Clear,44.8,21.0,0.13,6,5.9,6.61,4.48,280.42
SH101441,2025-07-07,Hub_North,3,SwiftLine,Truck,Standard,Clear,44.2,9.8,0.068,1,5.3,5.4,17.580000000000002,468.04
SH101442,2025-12-08,Hub_North,8,SwiftLine,Bike,Standard,Rain,91.7,6.4,0.056,8,6.2,11.54,63.900000000000006,360.74
SH101443,2025-06-08,Hub_East,7,SwiftLine,Truck,Standard,Clear,61.4,28.2,0.331,8,3.1,8.28,6.31,624.2
SH101444,2025-02-20,Hub_North,3,SwiftLine,Bike,Standard,Clear,1201.0,47.5,0.433,8,7.0,13.42,11.69,457.8
SH101445,2025-01-14,Hub_West,3,SwiftLine,Van,Express,Clear,170.7,15.3,0.171,8,5.2,12.01,7.25,1141.22
SH101446,2025-12-09,Hub_North,1,CargoPlus,Van,Standard,Storm,75.8,51.5,0.273,7,8.9,8.09,10.88,512.32
SH101447,2025-12-17,Hub_North ,8,SwiftLine,Bike,Standard,Clear,79.8,61.2,0.386,7,2.3,10.46,8.45,387.96
SH101448,2025-09-27,Hub_West,2,RoadRunner,Bike,Standard,Clear,59.7,19.3,0.214,4,5.5,8.23,7.46,253.39
SH101449,2025-02-07,Hub_North,3,RoadRunner,Van,Standard,Rain,74.2,5.1,0.021,2,4.2,6.53,6.36,420.77
SH101450,2025-04-18,Hub_South,4,CargoPlus,Truck,Standard,Clear,24.3,20.9,0.159,1,3.4,4.5,3.54,249.87
SH101451,2025-01-15,Hub_West,2,CargoPlus,Van,Standard,Rain,83.5,11.0,0.084,1,6.7,6.59,6.27,531.13
SH101452,2025-01-19,Hub_West,7,SwiftLine,Bike,Standard,Clear,107.3,47.7,0.552,6,4.9,11.97,8.83,465.83
SH101453,2025-03-31,Hub_East,6,SwiftLine,Van,Standard,Clear,38.8,29.2,0.222,2,8.2,5.18,3.74,259.97
SH101454,2025-07-28,Hub_North,2,RoadRunner,Bike,Express,Clear,156.1,5.1,0.057,2,4.4,13.99,10.72,695.08
SH101455,2025-01-24,Hub_East,2,SwiftLine,Van,Express,Clear,52.0,34.6,0.3,7,4.7,7.18,4.25,484.9
SH101456,2025-12-26,Hub_West,1,SwiftLine,Truck,Standard,Rain,135.4,49.8,0.319,2,9.5,9.84,9.29,1228.57
SH101457,2025-06-16,Hub_West,8,SwiftLine,Truck,Express,Clear,95.8,26.7,0.138,2,,8.04,4.39,997.95
SH101458,2025-04-07,Hub_North,4,CargoPlus,Truck,Standard,Clear,36.5,17.9,0.142,4,3.9,5.95,4.04,341.42
SH101459,2025-07-08,Hub_South,6,SwiftLine,Van,Standard,Rain,116.8,32.9,0.136,2,1.0,8.16,6.77,710.32
SH101460,2025-10-16,Hub_South,2,RoadRunner,Van,Standard,Clear,69.7,70.1,0.468,1,4.6,6.06,5.78,509.53
SH101461,2025-04-25,Hub_North,2,RoadRunner,Truck,Express,Clear,87.6,55.2,0.452,6,6.9,8.87,6.95,994.78
SH101462,18/01/2025,Hub_East,5,RoadRunner,Bike,Standard,Clear,60.5,8.8,0.075,5,6.3,8.59,7.89,266.24
SH101463,2025-01-19,Hub_North,2,SwiftLine,Bike,Express,Storm,65.1,28.9,0.218,4,,8.59,8.63,435.36
SH101464,07/11/2025,Hub_South,5,CargoPlus,Van,Standard,Clear,27.7,11.4,0.134,2,3.7,4.76,4.57,227.96
SH101465,2025-02-10,Hub_North,8,RoadRunner,Truck,Standard,Rain,90.9,17.6,0.091,6,5.1,9.02,8.57,789.71
SH101466,2025-08-20,Hub_South,3,RoadRunner,Van,Standard,Rain,68.9,57.9,0.694,5,4.7,7.23,7.27,463.89
SH101467,2025-05-21,Hub_North,5,SwiftLine,Truck,Express,Clear,80.1,28.8,0.274,5,5.5,8.23,5.9,908.62
SH101468,2025-10-11,Hub_South,8,CargoPlus,Van,Express,Clear,88.8,12.2,0.129,8,5.8,8.89,6.71,653.83
SH101469,2025-01-23,Hub_North,8,CargoPlus,Van,Standard,Clear,85.5,20.6,0.187,5,4.8,7.86,5.92,535.63
SH101470,2025-11-24,Hub_West,1,SwiftLine,Van,Standard,Clear,92.8,41.5,0.237,8,5.5,9.04,7.36,624.31
SH101471,2025-09-12,Hub_North,1,SwiftLine,Truck,Standard,Storm,27.3,16.8,0.168,7,5.3,6.44,6.84,327.83
SH101472,2025-06-13,Hub_South,8,SwiftLine,Bike,Express,Clear,61.3,29.9,0.322,1,4.2,7.44,6.34,409.77
SH101473,2025-03-17,Hub_North,8,SwiftLine,Truck,Standard,Clear,36.1,17.8,0.178,2,5.7,5.34,3.96,350.27
SH101474,2025-12-23,Hub_North,3,SwiftLine,Van,Standard,Clear,17.2,19.2,0.211,6,2.9,5.56,3.11,130.97
SH101475,2025-04-21,Hub_North,5,SwiftLine,Truck,Standard,Clear,86.8,61.7,0.278,2,5.9,7.63,6.16,837.42
SH101476,2025-06-29,Hub_North,5,SwiftLine,Truck,Standard,Clear,169.0,28.1,0.329,6,3.3,12.56,9.44,1546.45
SH101477,2025-05-24,Hub_North,6,CargoPlus,Van,Standard,Rain,18.5,36.9,0.425,4,5.4,5.01,5.04,214.92
SH101478,2025-03-26,Hub_South,7,CargoPlus,Van,Express,Rain,91.2,27.8,0.311,3,6.4,7.48,6.11,701.67
SH101479,2025-06-02,Hub_East,3,CargoPlus,Van,Standard,Rain,57.9,7.4,0.067,5,3.6,6.81,6.83,333.18
SH101480,2025-02-25,Hub_North,8,RoadRunner,Truck,Standard,Clear,65.3,10.5,0.113,3,7.6,6.96,5.53,632.05
SH101481,2025-01-01,Hub_South,1,RoadRunner,Truck,Standard,Clear,89.7,61.5,0.544,4,9.1,8.36,8.42,893.28
SH101482,2025-04-16,Hub_East,1,SwiftLine,Van,Standard,Rain,,57.3,0.455,7,4.2,8.39,7.01,560.3
SH101483,2025-02-10,Hub_North,8,RoadRunner,Bike,Standard,Clear,,27.1,0.31,5,5.2,8.58,6.88,269.86
SH101484,2025-06-01,Hub_South,2,SwiftLine,Truck,Standard,Clear,52.1,13.7,0.078,8,7.9,7.86,6.46,514.7
SH101485,2025-11-11,Hub_North,8,RoadRunner,Truck,Standard,Clear,84.0,6.1,0.066,4,1.9,8.11,4.61,751.4
SH101486,2025-03-01,Hub_North,3,CargoPlus,Van,Standard,Rain,21.2,92.6,0.697,7,5.6,6.01,7.15,260.33
SH101487,2025-01-01,Hub_South,3,CargoPlus,Truck,Standard,Clear,89.3,10.0,0.063,5,4.9,8.65,8.23,817.77
SH101488,2025-02-10,Hub_West,1,SwiftLine,Van,Standard,Clear,58.0,14.6,0.118,7,7.3,7.41,6.48,385.74
SH101489,2025-07-05,Hub_West,8,RoadRunner,Van,Express,Clear,129.0,,0.151,8,5.0,10.42,7.67,845.4
SH101490,2025-04-11,Hub_West,3,SwiftLine,Van,Standard,Clear,68.2,13.5,0.074,8,6.4,8.1,6.35,432.2
SH101491,2025-06-28,Hub_South,2,SwiftLine,Bike,Standard,Clear,125.8,25.5,0.255,1,3.9,11.69,8.75,457.2
SH101492,2025-01-11,Hub_North,4,SwiftLine,Van,Express,Clear,41.1,85.8,0.614,2,7.4,5.27,2.77,518.09
SH101493,2025-05-02,Hub_South,2,SwiftLine,Van,Express,Rain,39.4,22.8,0.22,8,3.3,7.0,5.2,366.03
SH101494,2025-05-30,Hub_North ,7,RoadRunner,Bike,Standard,Storm,46.6,31.5,0.166,7,7.2,8.27,8.69,201.38
SH101495,2025-06-07,Hub_North,1,SwiftLine,Van,Standard,Rain,140.3,38.7,0.172,5,5.7,9.95,9.31,807.25
SH101496,2025-07-21,Hub_North,4,SwiftLine,Van,Standard,Rain,668.0,45.1,0.239,6,1.0,7.45,6.5,480.91
SH101497,2025-10-12,Hub_South,4,CargoPlus,Truck,Standard,Storm,51.1,27.2,0.148,1,5.6,5.72,8.05,474.96
SH101498,2025-06-20,Hub_South,1,RoadRunner,Truck,Standard,Rain,83.2,12.6,0.127,5,6.7,8.37,8.15,731.68
SH101499,04/11/2025,Hub_North,1,SwiftLine,Van,Standard,Clear,47.9,39.0,0.31,1,3.0,5.23,3.15,355.77
SH101500,2025-07-13,Hub_East,5,RoadRunner,Truck,Standard,Rain,82.7,69.9,0.707,6,3.8,8.65,8.04,836.83
SH101501,2025-04-06,Hub_South,4,RoadRunner,Bike,Standard,Clear,66.6,16.0,0.16,5,5.7,8.99,7.57,291.44
SH101502,2025-03-25,Hub_West,2,RoadRunner,Bike,Standard,Clear,50.1,32.7,0.195,6,,8.2,7.58,264.54
SH101503,2025-04-28,Hub_North,2,RoadRunner,Van,Standard,Clear,68.5,40.0,0.451,6,,7.51,7.25,501.01
SH101504,2025-08-07,Hub_South,7,CargoPlus,Van,Standard,Clear,68.5,18.8,0.191,8,5.1,8.11,6.92,483.44
SH101505,2025-03-30,Hub_North,6,SwiftLine,Truck,Standard,Rain,102.4,44.8,0.21,5,2.9,9.24,8.29,999.19
SH101506,2025-11-30,Hub_South ,5,roadrunner,Van,Standard,Clear,35.2,54.2,0.465,7,10.0,6.54,5.47,317.79
SH101507,2025-06-25,Hub_North,7,SwiftLine,Bike,Standard,Clear,54.3,32.7,0.239,4,4.8,7.88,6.21,264.97
SH101508,2025-11-12,Hub_North,1,CargoPlus,Van,Standard,Clear,76.5,43.7,0.335,6,5.7,7.82,6.82,537.35
SH101509,2025-09-07,Hub_East,6,SwiftLine,Bike,Express,Rain,45.2,22.9,0.159,3,9.0,6.98,5.96,286.18
SH101510,2025-05-02,Hub_North,7,SwiftLine,Van,Express,Rain,62.6,9.5,0.076,4,7.2,6.69,4.6,513.73
SH101511,2025-03-25,Hub_North,2,CargoPlus,Bike,Standard,Clear,49.6,12.2,0.084,5,6.6,7.87,6.07,170.12
SH101512,2025-09-29,Hub_West,5,RoadRunner,Van,Express,Clear,56.8,,0.605,8,7.6,7.67,5.67,563.93
SH101513,2025-05-01,Hub_North,7,SwiftLine,Truck,Standard,Clear,39.5,54.6,0.456,8,6.6,7.29,6.14,415.29
SH101514,2025-04-01,Hub_East,5,SwiftLine,Bike,Standard,Rain,169.3,11.6,0.114,3,6.6,15.16,13.54,607.72
SH101515,2025-12-06,Hub_South,2,SwiftLine,Van,Standard,Clear,21.8,10.6,0.055,4,6.6,5.13,3.06,189.77
SH101516,2025-06-26,Hub_North,6,CargoPlus,Van,Standard,Rain,49.5,39.6,0.201,1,5.2,5.29,5.89,398.09
SH101517,2025-01-18,Hub_South,7,RoadRunner,Van,Standard,Clear,68.0,120.2,0.96,6,7.6,7.49,8.0,558.1
SH101518,2025-06-30,Hub_North,1,SwiftLine,Van,Standard,Storm,67.6,27.8,0.217,1,6.8,5.98,6.2,434.28
SH101519,2025-06-18,Hub_East,5,RoadRunner,Van,Express,Clear,119.0,14.1,0.12,1,,7.94,3.43,861.31
SH101520,2025-11-12,Hub_North,5,RoadRunner,Truck,Express,Rain,35.0,46.5,0.414,6,7.2,6.49,5.21,509.8
SH101521,2025-09-17,Hub_North,3,SwiftLine,Bike,Express,Rain,28.2,59.9,0.371,4,3.9,6.16,4.87,316.13
SH101522,2025-03-11,Hub_South,1,CargoPlus,Truck,Standard,Rain,53.0,39.6,0.364,2,6.0,6.1,6.61,563.75
SH101523,2025-02-24,Hub_West,1,SwiftLine,Bike,Express,Rain,68.0,35.8,0.285,7,,9.68,6.58,440.69
SH101524,2025-08-09,Hub_East,7,CargoPlus,Van,Standard,Clear,58.8,,0.091,7,4.3,7.44,5.13,403.29
SH101525,2025-01-18,Hub_West,7,CargoPlus,Van,Standard,Clear,106.7,47.1,0.412,7,4.8,9.27,7.74,704.85
SH101526,2025-04-27,Hub_East,4,SwiftLine,Bike,Standard,Clear,37.4,40.1,0.357,7,6.6,7.66,5.73,205.97
SH101527,20/02/2025,Hub_East,8,roadrunner,Bike,Express,Clear,50.5,20.3,0.181,5,4.3,7.93,6.94,384.38
SH101528,2025-01-08,Hub_South,8,CargoPlus,Bike,Standard,Clear,88.7,8.7,0.093,8,1.2,11.35,8.86,358.1
SH101529,2025-12-02,Hub_West,6,RoadRunner,Bike,Standard,Clear,68.6,19.0,0.152,5,4.5,9.12,7.78,285.69
SH101530,2025-02-02,Hub_South,5,RoadRunner,Van,Express,Rain,120.2,26.3,0.303,6,4.7,9.49,8.71,880.08
SH101531,2025-01-04,Hub_South,8,SwiftLine,Bike,Standard,Clear,68.7,41.9,0.485,2,6.8,8.23,6.52,318.17
SH101532,2025-12-07,Hub_East,5,SwiftLine,Truck,Standard,Clear,34.8,47.0,0.314,5,5.8,6.18,4.66,378.42
SH101533,2025-03-10,Hub_South,8,RoadRunner,Truck,Standard,Clear,113.0,24.5,0.271,3,4.0,9.12,7.46,1037.57
SH101534,2025-10-26,Hub_North,8,SwiftLine,Van,Standard,Rain,106.9,23.0,0.169,7,6.1,9.28,8.57,708.31
SH101535,2025-01-12,Hub_South,2,SwiftLine,Bike,Standard,Clear,82.7,52.5,0.619,6,9.2,10.35,9.51,404.18
SH101536,2025-02-26,Hub_South,6,RoadRunner,Van,Standard,Rain,184.4,33.5,0.383,6,7.8,11.94,12.64,1111.5
SH101537,2025-02-10,Hub_West,6,swiftline,Truck,Standard,Clear,70.2,39.8,0.299,7,1.7,8.38,6.67,670.0
SH101538,2025-09-15,Hub_South,7,CargoPlus,Van,Standard,Clear,72.9,20.5,0.139,6,10.0,7.68,7.08,440.08
SH101539,2025-08-15,Hub_West,3,CargoPlus,Bike,Standard,Clear,105.5,51.8,0.491,1,7.9,10.35,10.8,444.01
SH101540,2025-06-23,Hub_South,7,CargoPlus,Truck,Standard,Rain,78.3,16.7,0.116,2,8.7,7.25,7.8,713.74
SH101541,2025-03-30,Hub_East,4,SwiftLine,Van,Standard,Rain,72.5,85.5,0.794,8,2.5,8.27,8.93,558.89
SH101542,2025-02-02,Hub_North,4,roadrunner,Van,Standard,Clear,27.8,10.3,0.076,6,4.7,5.96,4.99,211.09
SH101543,2025-07-27,Hub_West,2,CargoPlus,Truck,Standard,Clear,32.8,27.7,0.222,8,6.7,6.99,6.35,322.02
SH101544,2025-03-26,Hub_South,3,SwiftLine,Truck,Standard,Clear,32.7,9.6,0.067,1,3.3,4.88,2.49,310.44
SH101545,2025-08-04,Hub_North,8,RoadRunner,Van,Standard,Clear,57.4,37.9,0.393,2,6.6,5.89,4.23,399.9
SH101546,2025-09-08,Hub_North,6,RoadRunner,Van,Express,Clear,123.0,56.0,0.493,6,8.8,9.59,8.89,925.81
SH101547,2025-11-07,Hub_North,6,SwiftLine,Van,Standard,Rain,153.1,,0.378,1,,9.24,7.04,949.75
SH101548,2025-06-30,Hub_South,8,SwiftLine,Bike,Standard,Clear,131.0,19.6,0.207,1,8.9,12.03,12.31,460.81
SH101549,2025-01-02,Hub_East,3,RoadRunner,Van,Standard,Rain,133.8,9.6,0.1,3,6.9,9.11,7.42,758.72
SH101550,2025-04-13,Hub_West,6,SwiftLine,Bike,Standard,Clear,42.7,19.5,0.157,6,1.8,7.71,4.64,180.28
SH101551,2025-11-08,Hub_East,3,CargoPlus,Van,Standard,Clear,68.5,40.7,0.246,8,3.8,8.11,7.63,493.64
SH101552,2025-07-14,Hub_South,7,RoadRunner,Truck,Express,Storm,39.9,12.3,0.085,8,7.7,7.31,7.76,504.53
SH101553,14/08/2025,Hub_South,4,SwiftLine,Truck,Standard,Clear,81.1,6.9,0.058,4,3.4,7.97,5.64,741.67
SH101554,2025-06-17,Hub_West,7,roadrunner,Truck,Standard,Clear,57.7,22.6,0.134,6,7.7,7.51,5.97,572.52
SH101555,2025-03-01,Hub_West,6,RoadRunner,Bike,Standard,Clear,28.3,9.8,0.1,3,6.7,5.87,4.45,174.97
SH101556,2025-11-24,Hub_North,7,swiftline,Bike,Standard,Clear,86.2,32.5,0.19,6,6.1,10.58,9.21,330.83
SH101557,2025-10-10,Hub_West,8,CargoPlus,Van,Standard,Rain,47.3,24.5,0.164,8,4.3,7.3,6.51,364.77
SH101558,2025-12-30,Hub_South,7,RoadRunner,Van,Standard,Rain,65.1,22.0,0.199,6,6.1,7.38,6.69,443.3
SH101559,2025-11-09,Hub_West,3,RoadRunner,Bike,Standard,Rain,52.4,92.2,0.883,2,8.9,7.15,7.85,378.45
SH101560,2025-04-17,Hub_West,5,CargoPlus,Truck,Standard,Storm,91.8,35.8,0.256,3,4.7,8.16,9.35,905.55
SH101561,03/04/2025,Hub_East,4,roadrunner,Van,Express,Clear,73.8,2.7,0.027,8,6.7,8.32,6.67,572.42
SH101562,2025-04-01,Hub_North,1,RoadRunner,Bike,Standard,Clear,68.1,84.3,0.945,7,9.5,9.69,9.93,357.23
SH101563,2025-12-02,Hub_East,5,SwiftLine,Van,Standard,Clear,128.8,27.5,0.146,7,6.0,10.11,8.19,803.42
SH101564,2025-07-23,Hub_North,4,SwiftLine,Truck,Standard,Clear,54.2,20.5,0.232,1,4.5,5.86,2.89,501.41
SH101565,2025-06-15,Hub_East,4,RoadRunner,Van,Standard,Clear,83.6,31.0,0.257,4,4.5,7.49,6.73,548.61
SH101566,2025-12-20,Hub_North,1,RoadRunner,Bike,Standard,Clear,55.1,,0.081,5,,8.23,5.39,212.7
SH101567,2025-08-09,Hub_East,5,RoadRunner,Van,Standard,Storm,203.2,23.9,0.248,7,3.1,12.95,13.87,1185.03
SH101568,2025-11-28,Hub_West,5,RoadRunner,Truck,Standard,Clear,115.1,,0.522,1,6.2,8.62,7.14,1034.93
SH101569,2025-12-26,Hub_North,1,RoadRunner,Bike,Express,Clear,148.7,21.4,0.202,7,7.4,15.0,13.69,663.7
SH101570,2025-01-29,Hub_South,6,CargoPlus,Van,Standard,Clear,72.8,17.8,0.129,5,4.6,7.38,6.59,468.32
SH101571,2025-05-12,Hub_East,2,CargoPlus,Van,Standard,Clear,117.5,15.0,0.092,5,7.4,9.08,8.23,693.93
SH101572,2025-09-25,Hub_South,2,SwiftLine,Van,Standard,Clear,38.0,45.8,0.315,7,7.3,6.65,5.32,311.01
SH101573,2025-10-24,Hub_North,4,CargoPlus,Bike,Standard,Clear,34.8,33.0,0.283,7,4.0,7.49,6.25,170.46
SH101574,2025-02-24,Hub_North,4,CargoPlus,Truck,Standard,Clear,61.6,84.4,0.718,6,,7.69,8.26,701.25
SH101575,2025-04-27,Hub_South,8,SwiftLine,Van,Standard,Rain,80.0,,0.868,5,2.8,7.65,6.8,587.3
SH101576,2025-07-20,Hub_East,1,SwiftLine,Bike,Standard,Clear,123.5,22.4,0.171,8,7.0,13.64,11.96,522.52
SH101577,2025-10-19,Hub_East,3,SwiftLine,Bike,Standard,Rain,70.0,39.1,0.365,7,5.5,9.81,8.9,326.05
SH101578,2025-02-11,Hub_North,6,RoadRunner,Van,Standard,Rain,61.2,19.8,0.184,3,7.3,6.34,6.65,413.88
SH101579,2025-08-08,Hub_South,2,RoadRunner,Bike,Standard,Rain,100.6,17.7,0.174,7,5.4,11.83,11.17,374.97
SH101580,2025-04-19,Hub_South,8,RoadRunner,Truck,Standard,Rain,144.7,16.8,0.2,5,3.6,11.16,9.84,1323.27
SH101581,2025-03-20,Hub_North,6,CargoPlus,Truck,Express,Clear,104.0,15.5,0.161,8,7.1,10.21,7.9,1054.99
SH101582,2025-07-08,Hub_East,8,SwiftLine,Bike,Express,Clear,,51.0,0.22,3,1.5,9.71,6.99,551.74
SH101583,2025-06-01,Hub_South,8,SwiftLine,Truck,Standard,Clear,117.0,17.5,0.184,7,4.8,10.5,8.43,1101.49
SH101584,2025-08-21,Hub_South,1,CargoPlus,Truck,Standard,Clear,112.6,20.2,0.242,3,4.0,9.1,7.38,1012.57
SH101585,2025-04-26,Hub_West,4,CargoPlus,Bike,Standard,Rain,104.2,32.6,0.14,8,8.6,12.37,13.25,412.16
SH101586,2025-10-28,Hub_South,6,CargoPlus,Van,Standard,Clear,113.9,30.6,0.269,2,9.0,8.05,8.69,691.15
SH101587,2025-01-29,Hub_East,1,SwiftLine,Truck,Standard,Clear,81.2,28.6,0.252,2,6.3,7.38,6.13,736.82
SH101588,2025-11-11,Hub_North,4,SwiftLine,Truck,Express,Clear,159.2,56.8,0.466,8,,12.71,11.06,1600.06
SH101589,2025-01-11,Hub_North,6,SwiftLine,Van,Standard,Rain,35.2,17.1,0.188,3,8.9,5.34,5.04,257.65
SH101590,2025-09-26,Hub_North,7,RoadRunner,Truck,Standard,Clear,93.8,15.4,0.162,5,4.1,8.85,5.87,875.39
SH101591,2025-05-07,Hub_East,4,SwiftLine,Van,Standard,Clear,49.1,1.7,0.009,4,2.7,6.17,4.63,311.18
SH101592,2025-05-20,Hub_West,7,CargoPlus,Van,Standard,Rain,77.2,39.7,0.192,7,1.5,8.15,6.46,-541.99
SH101593,2025-01-07,Hub_North,6,RoadRunner,Bike,Standard,Rain,36.5,38.9,0.207,2,5.7,6.11,6.58,210.06
SH101594,2025-09-14,Hub_North,1,RoadRunner,Van,Standard,Clear,56.8,53.5,0.594,3,2.1,6.17,5.32,422.43
SH101595,2025-03-02,Hub_South,3,SwiftLine,Van,Standard,Clear,60.7,22.3,0.107,8,8.3,7.82,7.2,407.25
SH101596,2025-08-29,Hub_East,8,SwiftLine,Van,Standard,Clear,88.4,24.9,0.228,8,4.3,8.87,6.98,580.06
SH101597,2025-09-22,Hub_East,1,RoadRunner,Bike,Standard,Clear,54.4,49.6,0.47,2,2.9,7.29,5.9,274.28
SH101598,2025-11-05,Hub_East,1,RoadRunner,Truck,Standard,Storm,63.2,19.3,0.111,4,7.7,7.16,9.2,626.93
SH101599,2025-09-16,Hub_West,3,SwiftLine,Van,Express,Rain,102.8,27.2,0.159,4,7.3,8.22,6.17,745.05
SH101600,2025-04-21,Hub_North ,8,CargoPlus,Van,Standard,Clear,124.9,,0.599,5,8.8,9.37,9.4,797.64
SH101601,2025-09-27,Hub_East,6,SwiftLine,Bike,Standard,Clear,59.3,38.1,0.28,5,2.1,8.51,5.93,236.47
SH101602,2025-10-29,Hub_East,2,SwiftLine,Bike,Express,Storm,134.5,21.7,0.174,1,1.7,12.26,10.08,612.25
SH101603,2025-04-26,Hub_South,4,CargoPlus,Bike,Standard,Clear,99.4,48.9,0.351,7,8.6,11.75,11.44,398.49
SH101604,2025-02-15,Hub_West,8,SwiftLine,Van,Standard,Clear,133.6,25.5,0.139,2,1.0,8.8,5.87,824.36
SH101605,2025-11-21,Hub_North,2,SwiftLine,Bike,Express,Rain,74.8,49.6,0.373,3,3.1,8.93,7.3,481.53
SH101606,2025-02-23,Hub_East,5,RoadRunner,Truck,Standard,Clear,62.6,32.9,0.202,7,5.6,8.04,7.6,648.58
SH101607,2025-08-05,Hub_East,4,SwiftLine,Van,Express,Clear,69.2,18.8,0.12,8,2.8,8.14,5.04,608.46
SH101608,2025-03-28,Hub_West,7,SwiftLine,Bike,Standard,Clear,87.2,11.5,0.065,8,5.9,11.25,8.94,331.07
SH101609,2025-02-15,Hub_South,7,SwiftLine,Truck,Standard,Clear,74.0,44.2,0.398,3,3.2,7.35,3.62,712.43
SH101610,2025-10-11,Hub_South,7,SwiftLine,Van,Standard,Clear,75.1,,0.296,6,8.1,7.77,7.33,530.72
SH101611,2025-02-22,Hub_West,1,RoadRunner,Van,Standard,Rain,99.0,61.1,0.325,2,6.9,7.48,6.72,660.34
SH101612,2025-09-02,Hub_East,4,SwiftLine,Bike,Standard,Clear,54.7,40.6,0.425,4,6.1,7.91,6.56,256.76
SH101613,2025-09-10,Hub_South,6,CargoPlus,Van,Standard,Clear,78.7,23.6,0.203,3,4.8,7.0,6.12,505.46
SH101614,2025-01-22,Hub_East,4,CargoPlus,Van,Standard,Clear,36.3,32.1,0.349,2,3.4,5.09,4.76,269.88
SH101615,2025-03-05,Hub_North,6,SwiftLine,Truck,Standard,Clear,71.2,28.3,0.29,8,5.2,8.73,6.23,736.31
SH101616,2025-10-17,Hub_East,6,SwiftLine,Van,Standard,,60.1,23.1,0.161,8,3.0,7.79,5.93,396.3
SH101617,05/07/2025,Hub_West,3,SwiftLine,Truck,Standard,Storm,61.3,10.4,0.088,2,9.3,6.48,8.4,574.84
SH101618,2025-02-14,Hub_South,1,SwiftLine,Van,Standard,Rain,40.4,11.7,0.139,3,6.1,5.54,4.61,298.82
SH101619,2025-12-28,Hub_South,8,SwiftLine,Truck,Standard,Clear,53.2,45.2,0.31,1,3.8,5.81,3.51,610.23
SH101620,2025-04-07,Hub_West,7,CargoPlus,Van,Standard,Clear,88.4,14.9,0.088,7,8.6,8.57,7.06,541.42
SH101621,2025-01-02,Hub_East,8,SwiftLine,Van,Standard,Storm,44.8,22.2,0.118,3,5.4,5.71,7.18,270.68
SH101622,2025-12-04,Hub_West,3,RoadRunner,Van,Standard,Rain,26.8,,0.082,5,8.3,5.62,4.82,-195.43
SH101623,2025-01-07,Hub_South,3,RoadRunner,Van,Express,Rain,94.6,7.6,0.046,5,8.2,8.21,7.15,648.29
SH101624,2025-07-21,Hub_West,3,CargoPlus,Bike,Express,Clear,178.4,15.1,0.172,2,6.4,15.46,15.47,739.11
SH101625,2025-12-29,Hub_North,1,SwiftLine,Van,Standard,Clear,51.7,44.2,0.386,3,3.0,5.97,4.68,423.67
SH101626,2025-07-30,Hub_South,2,SwiftLine,Van,Standard,Clear,37.8,45.8,0.399,1,4.3,4.84,3.92,291.98
SH101627,2025-08-02,Hub_South,3,CargoPlus,Van,Express,Clear,157.7,30.9,0.223,2,10.0,9.72,10.41,1044.46
SH101628,2025-05-22,Hub_East,8,swiftline,Bike,Standard,Clear,25.2,,0.119,7,4.4,6.86,3.89,165.33
SH101629,2025-02-16,Hub_West,2,RoadRunner,Bike,Standard,Rain,91.9,65.0,0.427,3,5.0,10.06,10.55,419.63
SH101630,2025-07-29,Hub_East,5,RoadRunner,Bike,Standard,Clear,49.0,21.9,0.215,4,4.6,7.53,6.99,257.71
SH101631,2025-11-24,Hub_East,5,RoadRunner,Bike,Standard,Clear,176.2,68.8,0.682,6,3.6,16.51,13.83,693.18
SH101632,03/02/2025,Hub_South,3,SwiftLine,Bike,Standard,Rain,65.9,35.3,0.291,8,6.9,9.84,9.49,316.43
SH101633,2025-11-18,Hub_South,8,SwiftLine,Bike,Standard,Storm,53.5,,0.388,4,2.8,7.83,8.72,244.18
SH101634,2025-06-01,Hub_South,1,RoadRunner,Van,Standard,Clear,14.2,51.3,0.466,7,3.8,5.74,4.22,166.55
SH101635,2025-07-15,Hub_North,7,RoadRunner,Van,Standard,Clear,106.3,5.5,0.044,5,6.1,8.66,7.7,627.73
SH101636,2025-03-02,Hub_South,6,CargoPlus,Truck,Standard,Rain,103.0,,0.121,1,5.0,8.07,7.26,921.36
SH101637,2025-08-15,Hub_West,3,RoadRunner,Truck,Standard,Storm,131.2,,0.094,8,5.8,11.44,13.87,1246.77
SH101638,2025-03-08,Hub_East,7,CargoPlus,Bike,Express,Clear,81.0,15.1,0.169,3,5.4,9.34,7.66,465.74
SH101639,2025-04-10,Hub_East,4,CargoPlus,Van,Standard,Clear,62.5,36.8,0.302,6,3.2,7.28,6.5,460.0
SH101640,2025-09-21,Hub_South,8,RoadRunner,Van,Standard,Clear,120.2,38.8,0.313,7,8.4,9.79,8.09,751.15
SH101641,2025-01-19,Hub_South,1,SwiftLine,Van,Standard,Rain,56.9,19.4,0.138,7,7.8,7.37,6.71,345.28
SH101642,2025-06-13,Hub_North,1,RoadRunner,Van,Standard,Clear,34.7,17.9,0.148,5,3.6,5.92,5.15,297.74
SH101643,2025-08-06,Hub_South,5,RoadRunner,Van,Standard,Clear,90.4,48.7,0.281,3,6.5,7.45,5.95,564.86
SH101644,2025-02-18,Hub_South,8,RoadRunner,Van,Standard,Rain,113.6,18.1,0.144,6,4.5,9.23,7.98,676.38
SH101645,2025-04-18,Hub_North,1,SwiftLine,Van,Standard,Rain,31.0,54.6,0.392,5,7.7,5.78,4.77,301.27
SH101646,2025-05-06,Hub_North,7,RoadRunner,Van,Express,Clear,78.1,31.4,0.199,6,7.2,7.88,5.49,698.72
SH101647,31/08/2025,Hub_East,8,SwiftLine,Van,Standard,Rain,106.5,31.5,0.179,3,8.0,8.06,6.75,713.36
SH101648,2025-12-23,Hub_South,4,SwiftLine,Truck,Standard,Clear,54.6,12.8,0.139,6,3.6,7.37,5.76,537.59
SH101649,2025-11-02,Hub_South,7,CargoPlus,Truck,Express,Clear,156.6,42.3,0.457,4,2.8,11.4,8.14,1604.05
SH101650,2025-03-11,Hub_North,7,RoadRunner,Van,Standard,Clear,51.7,11.2,0.088,8,1.8,7.47,4.51,327.69
SH101651,2025-01-07,Hub_South,2,RoadRunner,Truck,Standard,Clear,51.7,42.3,0.248,1,10.0,5.74,4.83,549.94
SH101652,2025-01-19,Hub_South,7,RoadRunner,Truck,Standard,Storm,57.3,38.7,0.294,6,7.3,7.5,8.9,617.71
SH101653,06/08/2025,Hub_South,6,RoadRunner,Van,Express,Clear,43.5,39.3,0.448,5,8.0,6.26,5.03,419.21
SH101654,2025-02-27,Hub_East,1,SwiftLine,Bike,Standard,Rain,51.7,,0.395,5,2.6,8.01,6.03,268.88
SH101655,2025-03-26,Hub_North,5,RoadRunner,Truck,Standard,Clear,76.8,48.6,0.508,5,6.8,8.08,6.78,771.9
SH101656,2025-11-06,Hub_West,6,SwiftLine,Van,Standard,Rain,46.4,36.0,0.346,2,2.1,5.47,4.65,355.87
SH101657,2025-11-15,Hub_North,7,RoadRunner,Bike,Standard,Storm,95.0,5.7,0.056,5,6.4,10.86,12.35,325.89
SH101658,2025-11-03,Hub_South,7,SwiftLine,Van,Standard,Storm,32.7,33.6,0.175,4,5.5,5.55,6.99,277.79
SH101659,2025-04-03,Hub_North,4,CargoPlus,Van,Express,Rain,46.8,14.1,0.096,2,4.9,5.49,4.94,444.5
SH101660,2025-08-15,Hub_South,3,CargoPlus,Bike,Standard,Clear,158.1,8.7,0.093,8,4.4,15.92,12.83,544.36
SH101661,2025-08-11,Hub_North,2,RoadRunner,Truck,Express,Clear,50.9,12.5,0.068,2,7.9,6.01,3.73,629.65
SH101662,2025-03-09,Hub_West,1,SwiftLine,Bike,Standard,Clear,70.9,16.8,0.077,4,4.5,8.97,7.48,324.17
SH101663,2025-07-22,Hub_South,6,SwiftLine,Van,Standard,,73.8,40.0,0.431,3,8.2,6.82,6.56,484.32
SH101664,2025-07-11,Hub_East,8,RoadRunner,Van,Standard,Clear,41.7,22.1,0.226,4,5.4,5.89,4.5,312.67
SH101665,2025-05-25,Hub_North,1,RoadRunner,Bike,Standard,Clear,48.6,48.1,0.253,5,6.2,7.8,6.64,297.38
SH101666,2025-10-02,Hub_North,6,RoadRunner,Van,Standard,Clear,85.1,15.8,0.13,6,6.6,8.15,6.21,565.15
SH101667,2025-09-05,Hub_South,5,CargoPlus,Van,Standard,Rain,51.0,22.7,0.098,3,6.4,5.95,6.76,348.41
SH101668,2025-07-14,Hub_South,2,RoadRunner,Van,Standard,Clear,49.6,16.3,0.085,3,6.0,5.89,3.92,362.42
SH101669,2025-09-22,Hub_South,2,roadrunner,Van,Standard,Clear,48.4,4.2,0.025,6,9.8,6.75,6.75,306.01
SH101670,2025-10-06,Hub_West,3,RoadRunner,Truck,Standard,Clear,130.3,27.5,0.265,6,7.8,10.8,9.9,1206.49
SH101671,2025-07-26,Hub_East,6,RoadRunner,Truck,Standard,Clear,117.6,110.5,0.712,5,1.0,9.93,7.62,1175.82
SH101672,2025-04-08,Hub_West,3,RoadRunner,Bike,Standard,Rain,77.4,9.0,0.094,5,5.1,9.7,7.69,262.24
SH101673,2025-10-04,Hub_North,7,CargoPlus,Van,Standard,Clear,,42.5,0.178,1,8.5,5.89,5.38,471.97
SH101674,2025-09-19,Hub_East,3,SwiftLine,Van,Standard,Rain,75.4,,0.197,5,3.9,7.48,6.34,545.15
SH101675,2025-12-25,Hub_East,1,SwiftLine,Truck,Express,Clear,88.1,28.5,0.182,2,5.5,7.69,5.07,966.41
SH101676,2025-02-24,Hub_East,1,SwiftLine,Truck,Express,Clear,88.4,9.9,0.097,1,5.7,7.41,4.85,904.83
SH101677,2025-06-03,Hub_West,4,CargoPlus,Van,Standard,Rain,51.3,90.6,1.052,5,8.7,6.56,8.21,387.16
SH101678,2025-12-04,Hub_East,4,RoadRunner,Truck,Standard,Clear,59.2,38.2,0.249,5,3.4,7.28,6.14,618.52
SH101679,2025-07-07,Hub_West,6,swiftline,Van,Standard,Rain,56.3,68.7,0.581,5,3.7,6.75,6.07,482.3
SH101680,2025-12-11,Hub_East,4,RoadRunner,Van,Standard,Storm,80.6,6.7,0.029,6,6.5,7.98,9.62,445.31
SH101681,2025-01-05,Hub_North,2,RoadRunner,Van,Express,Clear,127.2,17.4,0.07,3,6.2,8.85,6.36,876.32
SH101682,2025-01-13,Hub_East,2,CargoPlus,Van,Standard,Rain,71.1,9.1,0.038,3,6.5,6.71,6.98,420.38
SH101683,2025-10-18,Hub_South,5,CargoPlus,Van,Express,Clear,74.3,52.2,0.249,2,6.1,6.54,5.79,647.88
SH101684,11/05/2025,Hub_West,3,CargoPlus,Van,Standard,Clear,46.5,6.7,0.074,1,,5.17,5.02,338.55
SH101685,2025-07-09,Hub_West,6,CargoPlus,Truck,Express,Clear,30.1,24.3,0.222,8,6.6,6.86,4.54,444.05
SH101686,2025-06-06,Hub_North,8,SwiftLine,Truck,Standard,Clear,58.4,22.5,0.252,3,5.9,6.65,4.32,555.24
SH101687,2025-05-29,Hub_North,3,SwiftLine,Van,Standard,Storm,97.1,5.1,0.054,4,5.0,8.01,7.73,590.96
SH101688,2025-12-09,Hub_North,5,RoadRunner,Van,Express,Clear,47.0,,0.411,8,,7.29,5.74,422.24
SH101689,2025-02-04,Hub_South,7,RoadRunner,Van,Standard,Rain,27.0,35.7,0.244,2,4.4,4.73,4.48,259.42
SH101690,2025-10-09,Hub_North,2,SwiftLine,Bike,Standard,Clear,90.0,16.7,0.085,2,4.1,9.63,7.53,377.82
SH101691,2025-11-21,Hub_East,5,RoadRunner,Truck,Standard,Clear,85.5,68.6,0.331,6,6.6,8.77,6.71,862.91
SH101692,2025-08-28,Hub_East,3,SwiftLine,Van,Express,Clear,52.3,6.0,0.025,3,2.9,6.0,4.04,445.06
SH101693,2025-05-25,Hub_West,6,SwiftLine,Bike,Express,Rain,49.3,3.6,0.02,3,6.9,7.25,5.74,315.76
SH101694,2025-02-28,Hub_North,6,SwiftLine,Truck,Standard,Rain,60.7,29.5,0.123,7,5.0,7.95,7.15,590.32
SH101695,2025-09-07,Hub_South,2,CargoPlus,Van,Standard,Storm,54.2,12.5,0.119,3,5.3,6.07,7.64,354.16
SH101696,2025-06-21,Hub_North,2,RoadRunner,Bike,Standard,Clear,142.6,25.1,0.178,1,5.1,12.8,10.65,492.45
SH101697,2025-02-24,Hub_West,1,RoadRunner,Bike,Standard,Clear,59.8,,0.47,7,6.5,9.14,8.5,321.65
SH101698,2025-05-12,Hub_North,1,CargoPlus,Truck,Standard,Clear,,,0.068,8,8.5,9.24,8.58,744.25
SH101699,2025-12-17,Hub_North,1,cargoplus,Truck,Standard,Rain,64.3,52.6,0.33,8,9.1,8.41,8.99,660.71
SH101700,2025-04-07,Hub_North,6,SwiftLine,Van,Standard,Clear,83.9,9.3,0.046,1,7.6,6.6,5.25,500.02
SH101701,2025-03-07,Hub_West,8,CargoPlus,Bike,Standard,Clear,53.2,19.1,0.159,4,5.7,7.81,6.73,246.5
SH101702,2025-09-06,Hub_North,4,SwiftLine,Bike,Standard,Rain,52.3,60.1,0.656,8,7.1,8.95,7.58,324.73
SH101703,2025-03-14,Hub_East,8,RoadRunner,Van,Standard,Clear,70.8,41.1,0.411,6,1.5,7.6,5.74,492.16
SH101704,2025-12-02,Hub_East,6,SwiftLine,Van,Standard,Clear,48.8,,0.151,3,6.7,5.86,5.03,285.96
SH101705,2025-11-10,Hub_East,7,RoadRunner,Van,Standard,Storm,58.4,33.3,0.228,3,6.3,6.23,7.16,407.93
SH101706,2025-12-25,Hub_North,6,RoadRunner,Van,Standard,Clear,95.0,18.0,0.194,3,2.4,7.62,5.7,592.94
SH101707,2025-11-30,Hub_North,2,SwiftLine,Van,Express,Clear,119.6,19.9,0.195,6,4.3,9.46,7.07,844.29
SH101708,2025-03-30,Hub_South,5,RoadRunner,Van,Standard,Storm,165.1,22.6,0.261,6,6.1,11.2,13.48,960.54
SH101709,2025-03-19,Hub_North,5,RoadRunner,Van,Express,Rain,91.5,37.2,0.234,6,6.3,8.39,7.27,714.19
SH101710,2025-05-06,Hub_East,6,RoadRunner,Bike,Standard,Clear,80.6,28.1,0.293,3,7.4,9.31,7.65,358.3
SH101711,2025-06-21,Hub_South,7,SwiftLine,Van,Express,Rain,44.0,23.1,0.186,6,,6.58,5.59,426.94
SH101712,2025-11-18,Hub_South,1,SwiftLine,Van,Standard,Clear,113.0,23.6,0.177,4,5.2,8.61,6.12,729.04
SH101713,2025-09-25,Hub_North,6,SwiftLine,Van,Standard,Rain,139.6,30.9,0.239,1,3.2,8.73,7.26,834.8
SH101714,2025-08-24,Hub_East,7,CargoPlus,Bike,Standard,Clear,57.1,27.2,0.203,7,7.1,8.96,8.58,235.02
SH101715,2025-11-17,Hub_North,1,CargoPlus,Bike,Standard,Clear,158.4,17.5,0.193,1,8.1,13.84,13.55,565.59
SH101716,2025-08-24,Hub_East,4,SwiftLine,Van,Standard,Rain,118.6,31.5,0.364,1,8.0,7.93,7.3,685.58
SH101717,2025-05-19,Hub_North,8,RoadRunner,Van,Standard,Clear,92.1,35.4,0.329,6,6.4,8.41,7.74,595.9
SH101718,2025-05-31,Hub_West,1,RoadRunner,Van,Standard,Rain,65.2,32.1,0.178,1,9.5,5.89,6.61,435.24
SH101719,2025-07-08,Hub_East,2,CargoPlus,Van,Standard,Rain,37.2,47.9,0.353,5,,6.02,6.13,328.84
SH101720,2025-02-02,Hub_North,7,SwiftLine,Bike,Express,Storm,142.9,16.4,0.112,3,8.7,13.42,14.56,597.51
SH101721,2025-09-28,Hub_North,2,RoadRunner,Van,Standard,Clear,35.3,15.8,0.148,8,3.2,6.85,4.56,275.4
SH101722,2025-08-27,Hub_South,6,RoadRunner,Van,Standard,Clear,146.1,63.2,0.288,3,1.0,9.57,7.36,935.89
SH101723,24/09/2025,Hub_North ,8,SwiftLine,Bike,Express,Clear,1541.0,13.7,0.126,1,3.1,13.56,9.31,711.93
SH101724,2025-07-14,Hub_North,4,SwiftLine,Truck,Standard,Clear,44.4,21.5,0.166,2,4.4,5.71,3.84,443.25
SH101725,2025-10-13,Hub_West,4,SwiftLine,Van,Standard,Clear,35.1,4.1,0.025,8,5.5,6.84,5.61,247.32
SH101726,2025-12-13,Hub_East,4,RoadRunner,Truck,Express,Clear,56.2,9.3,0.042,8,3.6,8.05,4.96,666.58
SH101727,2025-07-28,Hub_North,3,RoadRunner,Bike,Express,Clear,67.4,19.2,0.085,2,5.8,8.14,6.86,351.72
SH101728,2025-06-12,Hub_East,4,RoadRunner,Truck,Standard,Storm,53.9,18.5,0.206,3,,6.44,7.73,551.82
SH101729,2025-02-08,Hub_North,5,SwiftLine,Truck,Standard,Clear,55.8,22.1,0.19,1,6.2,5.93,4.19,542.01
SH101730,2025-10-12,Hub_West,8,CargoPlus,Bike,Standard,Clear,68.6,73.2,0.616,7,5.2,9.72,8.52,330.22
SH101731,2025-11-26,Hub_North,8,SwiftLine,Van,Express,Rain,140.3,,0.023,8,,10.85,9.6,937.47
SH101732,2025-09-13,Hub_East,7,CargoPlus,Van,Express,Clear,64.5,,0.263,6,3.9,7.36,6.9,580.29
SH101733,2025-11-12,Hub_East,1,SwiftLine,Van,Standard,Rain,95.6,23.8,0.135,5,5.0,8.25,5.51,590.56
SH101734,2025-11-11,Hub_North,3,CargoPlus,Van,Express,Rain,38.0,80.9,0.572,3,4.4,5.45,4.08,484.86
SH101735,19/10/2025,Hub_North,7,CargoPlus,Truck,Standard,Rain,73.2,45.1,0.414,3,6.8,7.32,7.46,675.31
SH101736,2025-07-03,Hub_South,5,cargoplus,Van,Standard,Clear,58.4,18.2,0.092,6,4.6,7.13,6.19,365.29
SH101737,2025-02-06,Hub_West,3,cargoplus,Truck,Standard,Rain,94.1,62.2,0.645,5,6.3,8.86,9.72,944.62
SH101738,2025-01-02,Hub_South,3,SwiftLine,Truck,Standard,Storm,36.5,17.0,0.182,4,7.1,5.95,6.87,400.51
SH101739,2025-03-16,Hub_East,1,RoadRunner,Truck,Express,Clear,125.0,47.6,0.388,4,4.5,9.96,6.85,1294.41
SH101740,2025-06-07,Hub_East,3,RoadRunner,Van,Standard,Clear,57.2,68.5,0.474,6,2.3,7.08,6.18,465.1
SH101741,2025-09-29,Hub_West,4,RoadRunner,Van,Standard,Rain,47.8,28.2,0.17,8,5.0,7.32,6.62,332.37
SH101742,2025-06-16,Hub_South,4,CargoPlus,Truck,Standard,Clear,153.2,11.1,0.109,1,3.9,10.34,9.12,1358.25
SH101743,2025-01-09,Hub_South,5,SwiftLine,Van,Standard,Clear,79.1,5.0,0.034,7,4.2,8.22,5.47,455.53
SH101744,2025-03-18,Hub_East ,3,RoadRunner,Bike,Standard,Clear,67.8,28.9,0.303,4,1.0,8.77,5.49,285.15
SH101745,2025-12-24,Hub_North,2,CargoPlus,Van,Express,Clear,36.3,46.3,0.456,6,2.3,6.29,4.48,423.76
SH101746,2025-12-27,Hub_West,8,SwiftLine,Bike,Standard,,44.1,,0.854,7,7.1,8.11,7.71,317.17
SH101747,2025-05-18,Hub_North,4,SwiftLine,Truck,Standard,Rain,37.1,57.9,0.338,3,3.6,5.68,5.1,496.27
SH101748,2025-10-21,Hub_North,3,SwiftLine,Van,Standard,Clear,70.9,26.7,0.183,2,7.8,6.41,4.92,449.72
SH101749,2025-09-20,Hub_West,6,CargoPlus,Van,Standard,Clear,117.8,10.6,0.071,1,4.1,7.9,6.11,708.0
SH101750,2025-12-06,Hub_South,5,cargoplus,Bike,Express,Rain,82.1,23.6,0.275,8,6.5,10.91,10.13,424.5
SH101751,2025-11-20,Hub_North,5,SwiftLine,Van,Standard,Rain,73.0,72.5,0.654,7,5.0,7.99,8.17,467.41
SH101752,2025-08-18,Hub_North,2,RoadRunner,Van,Express,Clear,68.7,90.6,0.839,6,6.8,7.52,7.89,707.5
SH101753,2025-05-25,Hub_South,6,RoadRunner,Van,Standard,Clear,104.3,16.9,0.106,1,5.0,7.38,6.11,638.72
SH101754,2025-08-17,Hub_West,2,RoadRunner,Van,Standard,Clear,62.8,22.0,0.152,8,5.9,7.9,7.11,361.85
SH101755,2025-04-27,Hub_North,7,RoadRunner,Van,Express,Rain,32.4,64.9,0.502,1,8.0,4.64,3.72,403.41
SH101756,2025-05-08,Hub_North,4,CargoPlus,Van,Express,Clear,111.6,62.4,0.737,3,,8.26,8.03,912.87
SH101757,2025-08-11,Hub_South,4,SwiftLine,Van,Standard,Rain,40.3,17.5,0.163,5,4.1,6.14,4.73,298.21
SH101758,2025-07-28,Hub_West,4,SwiftLine,Van,Standard,Rain,30.2,42.4,0.222,1,1.8,4.55,2.84,200.95
SH101759,2025-08-01,Hub_North,4,RoadRunner,Truck,Express,Clear,80.4,18.3,0.218,7,,8.84,7.38,856.22
SH101760,2025-05-21,Hub_West,6,roadrunner,Truck,Standard,,24.5,54.2,0.334,8,6.4,6.61,5.64,319.56
SH101761,2025-05-30,Hub_West,4,RoadRunner,Truck,Express,Rain,69.3,26.5,0.238,4,5.8,7.44,7.17,799.28
SH101762,2025-01-04,Hub_North,2,SwiftLine,Van,Standard,Rain,75.5,20.4,0.224,1,3.7,6.28,5.48,483.58
SH101763,2025-08-08,Hub_West,5,SwiftLine,Bike,Standard,Clear,86.6,45.0,0.402,5,5.8,10.31,7.81,336.76
SH101764,2025-07-30,Hub_East,3,CargoPlus,Truck,Standard,Clear,82.4,27.9,0.318,7,6.8,8.93,8.25,763.61
SH101765,2025-12-08,Hub_South,1,SwiftLine,Truck,Standard,Clear,35.2,44.2,0.477,8,8.3,7.1,5.08,378.4
SH101766,04/07/2025,Hub_South,7,RoadRunner,Bike,Standard,Clear,104.4,11.7,0.05,3,5.0,10.88,9.82,409.17
SH101767,2025-06-20,Hub_West,3,CargoPlus,Van,Standard,Clear,68.2,13.8,0.131,3,10.0,6.6,6.18,420.85
SH101768,2025-01-25,Hub_East,5,SwiftLine,Van,Express,Clear,57.9,24.9,0.243,1,8.4,5.61,3.15,499.44
SH101769,2025-03-13,Hub_East,2,SwiftLine,Bike,Standard,Rain,36.4,15.0,0.105,1,5.8,5.8,3.54,170.96
SH101770,2025-05-04,Hub_West,3,SwiftLine,Truck,Express,Clear,114.8,19.2,0.217,6,6.0,10.1,8.27,1141.13
SH101771,2025-05-18,Hub_South,4,RoadRunner,Truck,Standard,Clear,109.4,25.3,0.263,2,8.3,8.66,7.71,1043.03
SH101772,2025-05-13,Hub_West,2,SwiftLine,Truck,Standard,Clear,53.8,16.5,0.114,3,3.6,6.44,4.15,548.46
SH101773,2025-05-24,Hub_West,8,RoadRunner,Bike,Standard,Clear,86.9,70.9,0.41,4,3.9,10.03,8.85,446.57
SH101774,2025-10-08,Hub_North,3,SwiftLine,Van,Standard,Clear,97.2,14.2,0.081,1,2.9,7.11,4.17,563.64
SH101775,2025-02-17,Hub_North,5,SwiftLine,Truck,Standard,Clear,61.1,24.3,0.14,7,5.0,7.97,5.07,602.17
SH101776,2025-05-02,Hub_South,5,SwiftLine,Van,Standard,Clear,110.0,24.7,0.215,5,3.8,8.8,6.63,699.29
SH101777,2025-03-01,Hub_West,4,SwiftLine,Van,Standard,Clear,1128.0,,0.263,4,4.8,8.6,6.02,675.07
SH101778,2025-04-23,Hub_North,5,SwiftLine,Van,Standard,Clear,27.9,20.4,0.106,2,5.4,4.76,2.93,192.68
SH101779,07/09/2025,Hub_East ,5,CargoPlus,Bike,Standard,Clear,95.4,47.6,0.399,5,2.7,10.89,8.61,387.12
SH101780,2025-01-18,Hub_North,1,swiftline,Van,Standard,Clear,54.5,49.6,0.298,6,8.2,6.98,4.82,372.65
SH101781,2025-05-04,Hub_South,6,RoadRunner,Truck,Standard,Clear,45.4,16.9,0.191,5,7.9,6.66,4.49,475.75
SH101782,2025-01-09,Hub_East,1,RoadRunner,Bike,Standard,Clear,24.8,52.2,0.566,7,4.6,6.83,5.73,216.3
SH101783,2025-12-15,Hub_North,4,RoadRunner,Bike,Standard,Rain,72.7,16.3,0.08,4,8.5,9.09,9.71,287.37
SH101784,2025-09-23,Hub_West,3,RoadRunner,Van,Express,Clear,60.3,24.4,0.147,1,6.3,5.7,4.5,524.21
SH101785,2025-03-30,Hub_North,4,SwiftLine,Van,Express,Clear,53.2,26.4,0.305,2,7.7,5.73,3.59,472.53
SH101786,2025-03-14,Hub_West,1,RoadRunner,Van,Standard,Clear,98.4,15.6,0.1,7,2.8,8.95,7.77,660.9
SH101787,2025-02-06,Hub_North,6,swiftline,Bike,Standard,Clear,251.4,7.8,0.082,1,4.8,19.97,16.5,844.51
SH101788,2025-06-22,Hub_West ,4,CargoPlus,Van,Express,Clear,87.3,28.7,0.126,4,6.8,7.63,6.79,667.1
SH101789,2025-10-03,Hub_East,1,SwiftLine,Bike,Express,Clear,60.1,10.8,0.077,2,5.2,7.66,4.7,364.24
SH101790,2025-08-02,Hub_North,1,roadrunner,Van,Standard,Clear,111.7,67.2,0.599,7,5.1,9.46,7.89,715.56
SH101791,18/11/2025,Hub_North,5,RoadRunner,Van,Standard,Rain,41.7,18.5,0.133,3,5.3,5.59,5.52,301.94
SH101792,2025-05-06,Hub_North,6,RoadRunner,Van,Standard,Clear,,43.4,0.448,7,6.2,7.29,6.42,437.26
SH101793,2025-04-12,Hub_East,5,SwiftLine,Van,Express,Clear,75.1,41.5,0.491,2,5.7,6.57,4.72,626.8
SH101794,2025-06-24,Hub_West,6,RoadRunner,Van,Standard,Clear,75.5,15.5,0.126,5,8.6,7.48,5.54,496.98
SH101795,2025-03-15,Hub_South,7,RoadRunner,Van,Standard,Storm,105.9,18.9,0.146,2,3.5,7.74,8.94,599.9
SH101796,2025-12-23,Hub_South,7,RoadRunner,Van,Express,Clear,138.0,18.7,0.18,4,5.7,9.57,7.89,921.36
SH101797,2025-03-09,Hub_East,8,SwiftLine,Van,Standard,Clear,104.7,31.5,0.316,5,6.9,8.6,6.76,662.37
SH101798,2025-06-24,Hub_South,8,SwiftLine,Van,Standard,Clear,138.6,113.8,0.51,2,3.0,8.99,7.66,915.42
SH101799,2025-07-10,Hub_East,7,SwiftLine,Van,Standard,Storm,141.6,30.5,0.229,4,4.8,9.7,10.66,869.71
SH101800,2025-01-21,Hub_South,4,CargoPlus,Van,Standard,Rain,80.3,17.8,0.142,6,5.8,7.96,7.29,498.87
SH101801,2025-06-20,Hub_East,5,RoadRunner,Van,Standard,Clear,65.0,32.3,0.209,3,8.5,6.48,5.15,450.13
SH101802,2025-06-15,Hub_West,5,RoadRunner,Bike,Standard,Clear,93.7,10.9,0.11,1,5.8,9.58,7.9,349.29
SH101803,2025-04-05,Hub_South,2,RoadRunner,Van,Standard,Rain,29.5,14.3,0.159,2,7.0,4.83,3.03,218.17
SH101804,2025-02-16,Hub_North,6,RoadRunner,Bike,Standard,Clear,105.7,67.9,0.731,4,7.1,11.27,10.89,408.17
SH101805,2025-01-17,Hub_North,5,RoadRunner,Truck,Standard,Clear,99.3,21.9,0.199,2,1.0,8.2,6.35,887.41
SH101806,2025-01-04,Hub_East,5,RoadRunner,Van,Standard,Clear,40.9,13.8,0.143,7,5.7,6.76,5.65,296.96
SH101807,2025-06-25,Hub_South,7,RoadRunner,Bike,Standard,Clear,131.9,9.5,0.056,6,4.6,13.59,11.69,439.98
SH101808,2025-02-02,Hub_West,6,SwiftLine,Van,Standard,Clear,114.6,25.1,0.106,5,8.5,8.97,8.28,680.91
SH101809,17/12/2025,Hub_East,8,cargoplus,Van,Standard,Clear,91.1,10.0,0.081,4,6.9,7.78,6.82,544.13
SH101810,2025-03-31,Hub_South,8,CargoPlus,Truck,Standard,Rain,64.5,54.8,0.399,7,7.2,8.12,7.5,656.35
SH101811,2025-08-27,Hub_East,7,RoadRunner,Truck,Standard,Clear,134.3,41.4,0.458,6,6.5,10.99,9.98,1257.41
SH101812,2025-09-03,Hub_North,3,CargoPlus,Truck,Standard,Clear,30.7,17.2,0.177,6,5.7,6.29,6.08,330.77
SH101813,2025-06-30,Hub_West,2,CargoPlus,Van,Standard,Clear,68.1,77.7,0.548,4,7.2,6.9,6.91,506.8
SH101814,2025-11-19,Hub_North,3,RoadRunner,Truck,Standard,Rain,96.0,18.8,0.078,1,5.5,7.75,6.9,839.47
SH101815,2025-02-10,Hub_East,6,RoadRunner,Van,Express,Clear,119.9,21.9,0.136,1,8.1,7.98,7.01,926.54
SH101816,2025-03-27,Hub_West,7,RoadRunner,Truck,Standard,Clear,113.1,14.6,0.1,6,3.4,10.02,8.13,1022.73
SH101817,2025-04-03,Hub_East,8,SwiftLine,Bike,Express,Clear,39.2,39.1,0.368,7,7.6,7.78,5.55,363.02
SH101818,2025-02-19,Hub_West,6,SwiftLine,Truck,Standard,Clear,,10.9,0.122,1,4.8,7.31,5.26,729.22
SH101819,2025-04-18,Hub_South,6,RoadRunner,Van,Express,Clear,76.0,17.8,0.103,1,6.9,6.3,4.33,593.63
SH101820,2025-04-25,Hub_West,8,CargoPlus,Van,Standard,Clear,28.3,15.8,0.163,2,2.4,4.78,4.06,207.53
SH101821,07/10/2025,Hub_East,6,SwiftLine,Truck,Standard,Clear,37.6,30.4,0.299,3,6.0,5.7,3.47,390.55
SH101822,2025-04-21,Hub_East,2,CargoPlus,Van,Standard,Clear,24.9,8.6,0.059,2,5.2,4.65,3.84,208.45
SH101823,2025-11-16,Hub_North,5,RoadRunner,Truck,Standard,Rain,28.2,23.3,0.096,5,5.4,5.88,5.87,305.7
SH101824,2025-10-10,Hub_North,3,RoadRunner,Bike,Standard,Clear,39.3,54.7,0.233,8,,8.09,6.67,231.6
SH101825,2025-11-26,Hub_East,6,SwiftLine,Van,Standard,Clear,65.7,9.8,0.088,6,5.6,7.41,5.53,414.73
SH101826,2025-02-08,Hub_North,6,RoadRunner,Van,Standard,Rain,67.5,40.6,0.438,3,5.8,6.58,6.29,468.72
SH101827,2025-12-26,Hub_East,3,swiftline,Bike,Standard,Rain,85.0,46.2,0.418,4,1.9,9.9,8.28,346.41
SH101828,2025-08-13,Hub_West,3,SwiftLine,Truck,Standard,Clear,50.6,22.5,0.229,8,3.2,7.79,5.38,-526.35
SH101829,2025-12-25,Hub_West,1,SwiftLine,Van,Standard,Clear,123.0,3.9,0.031,7,5.8,9.89,7.67,707.5
SH101830,2025-05-10,Hub_North,3,SwiftLine,Van,Standard,,109.7,,0.241,2,6.3,7.89,5.77,696.07
SH101831,2025-12-14,Hub_West,7,SwiftLine,Van,Express,Clear,83.2,53.5,0.231,4,5.4,7.47,5.11,729.92
SH101832,2025-08-03,Hub_North,6,RoadRunner,Bike,Standard,Clear,148.6,73.8,0.778,1,5.6,13.19,10.92,691.49
SH101833,2025-01-27,Hub_South,8,RoadRunner,Truck,Standard,Clear,79.6,27.1,0.211,7,5.6,8.81,7.41,766.24
SH101834,30/05/2025,Hub_West,8,SwiftLine,Truck,Standard,Clear,32.9,5.9,0.065,6,4.4,6.39,4.65,284.37
SH101835,20/02/2025,Hub_North,7,CargoPlus,Van,Standard,Clear,94.6,39.0,0.271,2,5.1,7.31,6.39,607.73
SH101836,2025-12-10,Hub_North,2,RoadRunner,Van,Standard,Clear,73.7,6.8,0.042,6,2.7,7.71,6.31,497.76
SH101837,22/04/2025,Hub_North,3,CargoPlus,Van,Express,Rain,57.3,35.2,0.329,4,4.3,6.49,6.53,518.67
SH101838,2025-03-23,Hub_South ,1,RoadRunner,Van,Standard,Clear,61.3,43.6,0.385,7,5.4,7.54,6.31,459.01
SH101839,2025-07-21,Hub_West,1,swiftline,Truck,Express,Clear,87.9,55.8,0.538,1,8.0,7.38,5.13,1005.73
SH101840,2025-06-05,Hub_North,2,CargoPlus,Van,Standard,Clear,81.7,18.1,0.086,4,5.3,7.42,7.0,497.09
SH101841,2025-02-05,Hub_North,3,CargoPlus,Van,Express,Clear,163.6,12.2,0.057,5,9.6,10.84,10.75,1124.2
SH101842,2025-10-26,Hub_East,1,RoadRunner,Van,Standard,Rain,76.7,27.5,0.236,1,9.4,6.33,6.67,511.07
SH101843,2025-11-05,Hub_North,7,RoadRunner,Van,Standard,Rain,79.7,8.5,0.071,4,,7.34,6.31,489.59
SH101844,29/09/2025,Hub_East,5,RoadRunner,Truck,Standard,Clear,73.3,,0.093,6,4.7,8.22,6.85,686.4
SH101845,2025-08-14,Hub_West,6,RoadRunner,Bike,Standard,Clear,206.3,15.6,0.116,6,10.0,18.5,19.29,692.7
SH101846,2025-05-27,Hub_East,6,CargoPlus,Van,Standard,Clear,72.8,49.1,0.445,1,7.0,6.18,5.29,489.4
SH101847,2025-07-17,Hub_West,8,RoadRunner,Bike,Standard,Storm,40.5,64.2,0.535,6,6.4,7.57,9.3,233.91
SH101848,2025-07-10,Hub_South,2,SwiftLine,Bike,Standard,Clear,53.7,37.2,0.204,6,4.1,8.44,5.81,320.77
SH101849,2025-03-02,Hub_West,3,SwiftLine,Van,Standard,Clear,86.7,45.1,0.515,4,4.6,7.61,6.24,605.92
SH101850,2025-01-30,Hub_North,3,SwiftLine,Truck,Express,Clear,32.9,27.6,0.118,7,3.5,6.69,4.28,453.05
SH101851,2025-04-03,Hub_North,5,SwiftLine,Van,Standard,Clear,62.7,26.1,0.161,5,8.5,6.99,5.43,467.47
SH101852,2025-06-15,Hub_East,5,swiftline,Bike,Standard,Clear,127.2,,0.032,8,6.5,13.88,11.9,490.96
SH101853,2025-02-28,Hub_North,7,CargoPlus,Van,Standard,Rain,60.9,32.8,0.206,6,4.9,7.22,6.42,404.8
SH101854,2025-02-08,Hub_West,5,SwiftLine,Truck,Standard,Clear,144.4,43.1,0.409,8,4.6,12.04,9.23,1341.02
SH101855,2025-11-07,Hub_East,2,SwiftLine,Van,Express,Clear,61.6,21.3,0.089,7,3.5,7.55,5.83,511.58
SH101856,2025-05-17,Hub_West,5,SwiftLine,Bike,Express,Clear,113.2,22.0,0.095,3,5.4,11.46,8.66,578.67
SH101857,2025-08-02,Hub_South,8,RoadRunner,Truck,Standard,Clear,74.5,4.2,0.024,1,5.8,6.78,4.44,691.44
SH101858,2025-07-11,Hub_South,5,RoadRunner,Bike,Standard,Storm,40.9,22.4,0.095,6,1.0,7.6,8.54,191.65
SH101859,2025-09-26,Hub_East,5,RoadRunner,Truck,Express,Rain,161.2,49.3,0.351,5,3.6,11.9,9.49,1568.28
SH101860,2025-09-28,Hub_North,2,CargoPlus,Truck,Standard,Rain,38.9,31.6,0.185,8,4.1,7.26,7.37,413.27
SH101861,2025-04-19,Hub_South,1,cargoplus,Truck,Express,Rain,55.8,24.3,0.16,8,7.7,8.03,8.35,680.61
SH101862,2025-11-06,Hub_East,2,CargoPlus,Bike,Standard,Clear,171.0,10.4,0.111,1,4.4,14.67,12.52,634.27
SH101863,2025-05-16,Hub_West,1,CargoPlus,Bike,Standard,Clear,79.4,17.7,0.132,3,1.9,9.23,7.9,334.59
SH101864,2025-11-01,Hub_East,4,SwiftLine,Truck,Standard,Clear,48.4,15.3,0.063,5,3.3,6.79,5.06,495.98
SH101865,2025-05-28,Hub_North,8,RoadRunner,Van,Standard,Clear,73.1,11.5,0.096,6,8.9,7.69,7.56,439.36
SH101866,2025-02-10,Hub_South,4,SwiftLine,Van,Express,Rain,93.6,31.5,0.154,4,4.8,7.87,6.47,669.45
SH101867,2025-10-05,Hub_East,6,CargoPlus,Van,Standard,Clear,60.8,18.2,0.081,3,3.4,6.32,4.79,357.57
SH101868,2025-01-12,Hub_North,7,SwiftLine,Bike,Standard,Clear,133.6,46.2,0.306,4,2.2,13.11,8.54,524.91
SH101869,2025-10-09,Hub_South,7,SwiftLine,Van,Standard,Clear,50.2,24.4,0.151,7,5.5,7.12,4.76,330.93
SH101870,2025-01-16,Hub_North,6,SwiftLine,Truck,Standard,Clear,25.0,79.7,0.39,8,5.8,6.63,5.03,361.0
SH101871,2025-03-17,Hub_North,7,RoadRunner,Van,Express,Clear,107.6,18.0,0.115,6,6.4,9.01,7.66,795.35
SH101872,2025-08-09,Hub_South,3,RoadRunner,Van,Standard,Clear,66.9,53.9,0.424,2,10.0,6.25,6.52,499.1
SH101873,2025-12-10,Hub_North,4,SwiftLine,Truck,Standard,Clear,113.1,61.4,0.369,8,3.0,10.62,7.67,1028.68
SH101874,2025-05-30,Hub_East,4,RoadRunner,Van,Standard,Clear,59.4,16.8,0.072,5,4.8,6.87,6.09,454.72
SH101875,2025-02-14,Hub_North,7,SwiftLine,Bike,Express,Rain,86.8,23.1,0.257,6,6.1,10.62,8.48,479.88
SH101876,2025-03-27,Hub_East,4,CargoPlus,Van,Standard,Rain,,19.3,0.178,6,4.6,7.11,6.29,393.26
SH101877,2025-11-24,Hub_North,8,SwiftLine,Bike,Standard,Clear,63.8,,0.155,4,1.4,8.5,4.84,262.99
SH101878,2025-09-23,Hub_West,2,SwiftLine,Van,Standard,Clear,34.1,38.3,0.278,5,6.5,5.9,4.49,274.17
SH101879,2025-02-06,Hub_North,2,RoadRunner,Van,Standard,Clear,40.2,41.3,0.355,5,4.2,6.13,4.53,346.43
SH101880,2025-05-21,Hub_South,6,RoadRunner,Bike,Standard,Clear,82.5,15.0,0.144,2,3.4,9.14,7.84,300.66
SH101881,2025-04-07,Hub_South,7,CargoPlus,Bike,Standard,Clear,107.6,14.8,0.101,7,3.7,12.29,9.82,412.71
SH101882,06/03/2025,Hub_North,6,RoadRunner,Van,Standard,Rain,86.3,25.0,0.266,3,8.6,7.29,7.67,587.55
SH101883,2025-11-05,Hub_South,3,CargoPlus,Van,Express,Rain,44.2,,0.248,6,8.1,6.59,5.32,442.01
SH101884,2025-08-14,Hub_West,1,SwiftLine,Van,Standard,Clear,90.4,7.0,0.044,1,3.3,6.85,5.1,559.83
SH101885,2025-03-07,Hub_West,3,SwiftLine,Van,Standard,Rain,44.8,,0.259,1,2.0,5.11,4.08,305.74
SH101886,2025-08-26,Hub_South,4,CargoPlus,Van,Express,Clear,81.8,6.2,0.034,3,7.3,7.12,5.83,639.24
SH101887,2025-05-31,Hub_North,4,SwiftLine,Truck,Standard,Rain,50.4,13.7,0.11,3,9.6,6.28,5.4,496.81
SH101888,2025-01-23,Hub_East,8,CargoPlus,Bike,Standard,Clear,65.8,28.3,0.297,1,10.0,7.74,7.5,287.67
SH101889,2025-06-14,Hub_East,7,SwiftLine,Truck,Express,Rain,52.9,38.5,0.328,6,2.7,7.3,5.73,681.6
SH101890,2025-03-09,Hub_North,7,RoadRunner,Bike,Standard,Clear,92.2,13.1,0.09,1,8.2,9.48,9.79,324.79
SH101891,2025-03-31,Hub_East,1,SwiftLine,Van,Express,Clear,57.0,22.6,0.165,1,5.5,5.58,2.55,550.17
SH101892,2025-11-17,Hub_South,2,RoadRunner,Van,Standard,Clear,93.6,18.2,0.174,5,1.6,8.17,5.82,652.59
SH101893,2025-09-17,Hub_East,4,CargoPlus,Bike,Standard,Clear,20.8,2.1,0.017,6,3.8,6.27,4.63,94.47
SH101894,2025-02-18,Hub_South,5,SwiftLine,Bike,Express,Rain,110.3,18.9,0.159,6,3.9,12.17,8.74,568.81
SH101895,2025-11-07,Hub_South,6,SwiftLine,Truck,Standard,Clear,44.0,11.1,0.099,7,6.5,7.19,4.36,425.94
SH101896,2025-07-29,Hub_North ,3,swiftline,Truck,Standard,Rain,139.3,24.6,0.244,7,,11.51,8.97,1227.73
SH101897,2025-11-16,Hub_East ,1,SwiftLine,Truck,Express,Clear,59.0,9.8,0.088,3,7.4,6.67,4.1,707.65
SH101898,30/09/2025,Hub_North,3,SwiftLine,Truck,Express,Rain,126.4,17.8,0.169,6,6.5,10.63,9.85,1252.22
SH101899,2025-05-04,Hub_East,7,CargoPlus,Van,Express,Rain,27.8,22.5,0.21,2,7.5,4.76,4.79,359.7
SH101900,2025-07-15,Hub_East,8,SwiftLine,Bike,Standard,Clear,117.6,26.0,0.297,7,4.2,12.95,9.84,500.48
SH101901,2025-07-13,Hub_East,8,RoadRunner,Bike,Standard,Clear,,20.9,0.207,7,6.3,8.34,7.46,235.09
SH101902,2025-09-20,Hub_North,5,RoadRunner,Van,Standard,Clear,117.2,52.5,0.44,5,3.4,9.07,6.96,763.32
SH101903,2025-04-01,Hub_North,1,SwiftLine,Truck,Express,Clear,70.8,29.6,0.331,4,6.9,7.51,5.24,779.24
SH101904,2025-05-02,Hub_South,8,SwiftLine,Van,Standard,Clear,62.0,36.5,0.409,5,5.0,6.97,5.36,408.18
SH101905,2025-03-31,Hub_East,2,RoadRunner,Bike,Standard,Rain,127.9,,0.157,7,5.2,13.63,13.89,478.07
SH101906,2025-04-19,Hub_West,3,RoadRunner,Van,Standard,Rain,54.4,0.9,0.009,8,5.4,7.58,6.88,330.98
SH101907,2025-02-28,Hub_South,8,CargoPlus,Truck,Standard,Clear,144.2,9.1,0.108,1,2.0,9.93,6.72,1295.44
SH101908,2025-01-14,Hub_West,5,RoadRunner,Van,Standard,Rain,63.3,8.0,0.045,5,7.9,7.02,7.01,372.13
SH101909,2025-12-10,Hub_North,2,RoadRunner,Van,Standard,Rain,73.6,20.6,0.148,2,5.7,6.51,6.66,454.26
SH101910,2025-01-28,Hub_South,5,CargoPlus,Van,Standard,Clear,77.6,59.9,0.439,1,7.9,6.36,6.68,546.87
SH101911,2025-11-21,Hub_North,1,CargoPlus,Van,Standard,Storm,39.3,28.6,0.254,1,7.7,4.9,6.06,298.6
SH101912,2025-01-02,Hub_East,3,CargoPlus,Van,Standard,Rain,84.5,44.6,0.522,1,3.9,6.62,6.53,568.65
SH101913,2025-10-11,Hub_North,8,SwiftLine,Truck,Express,Clear,47.6,12.2,0.079,4,5.0,6.46,3.84,576.79
SH101914,2025-04-30,Hub_North,3,CargoPlus,Truck,Standard,Storm,42.9,26.0,0.261,7,2.4,7.14,9.35,421.44
SH101915,2025-07-08,Hub_East,8,CargoPlus,Van,Standard,Clear,42.6,52.8,0.54,8,8.0,7.13,6.99,362.71
SH101916,2025-04-14,Hub_South,5,CargoPlus,Van,Standard,Clear,58.9,45.1,0.432,7,6.1,7.45,7.75,456.66
SH101917,2025-06-29,Hub_North,6,RoadRunner,Bike,Standard,Clear,130.4,15.9,0.138,6,5.9,13.49,11.49,487.3
SH101918,2025-06-14,Hub_North,6,CargoPlus,Bike,Standard,Clear,50.5,22.9,0.196,5,4.9,7.93,6.68,219.16
SH101919,2025-07-13,Hub_South,5,RoadRunner,Bike,Express,Storm,834.0,47.0,0.294,1,3.6,8.9,8.67,444.79
SH101920,2025-05-24,Hub_South,1,RoadRunner,Bike,Standard,Clear,125.2,14.9,0.076,7,8.1,13.45,13.31,503.0
SH101921,2025-07-15,Hub_North,8,RoadRunner,Van,Standard,,63.5,21.9,0.146,1,9.5,5.82,5.67,415.54
SH101922,2025-10-29,Hub_East,4,RoadRunner,Truck,Express,Clear,76.9,4.6,0.027,7,8.1,8.68,7.11,853.14
SH101923,2025-06-08,Hub_North,6,CargoPlus,Van,Express,Rain,135.3,42.2,0.389,6,5.2,10.06,9.32,1004.28
SH101924,2025-05-12,Hub_East,5,SwiftLine,Van,Standard,Clear,91.2,40.5,0.438,3,6.3,7.48,6.15,-618.39
SH101925,2025-02-18,Hub_South,6,SwiftLine,Truck,Standard,Clear,85.9,5.3,0.028,1,7.6,7.29,4.82,801.44
SH101926,2025-05-12,Hub_North,3,swiftline,Truck,Standard,Clear,70.8,21.9,0.203,8,5.7,8.71,6.51,694.34
SH101927,2025-02-15,Hub_North,7,RoadRunner,Van,Standard,Clear,142.2,49.5,0.246,2,9.4,9.13,8.76,885.87
SH101928,2025-03-08,Hub_North,2,RoadRunner,Bike,Standard,Storm,59.1,10.3,0.073,5,8.0,8.5,9.79,214.83
SH101929,2025-12-14,Hub_North,6,CargoPlus,Bike,Standard,Storm,55.3,30.7,0.165,6,10.0,8.54,10.37,279.89
SH101930,2025-02-02,Hub_South,5,CargoPlus,Truck,Standard,Clear,60.7,18.0,0.115,4,5.9,7.05,5.57,542.91
SH101931,2025-06-25,Hub_West,5,RoadRunner,Bike,Standard,Rain,94.9,49.0,0.533,2,1.0,9.95,7.21,402.46
SH101932,2025-11-01,Hub_West,1,SwiftLine,Van,Standard,Rain,80.9,4.4,0.032,4,5.6,7.39,6.39,475.12
SH101933,2025-12-14,Hub_South,4,RoadRunner,Van,Standard,Clear,45.0,4.8,0.023,4,4.7,6.02,3.62,308.55
SH101934,2025-02-23,Hub_East,1,CargoPlus,Van,Standard,Clear,100.3,14.7,0.082,4,5.8,8.13,7.68,618.05
SH101935,2025-03-01,Hub_East,5,RoadRunner,Van,Express,Clear,90.5,,0.273,4,9.1,7.75,6.57,677.27
SH101936,2025-05-16,Hub_West,6,CargoPlus,Truck,Standard,Clear,50.7,25.7,0.187,1,4.4,5.7,5.24,496.39
SH101937,2025-07-22,Hub_North,5,CargoPlus,Van,Standard,Clear,83.9,5.9,0.068,3,3.8,7.2,5.26,558.67
SH101938,2025-12-17,Hub_North,7,SwiftLine,Truck,Standard,Clear,111.2,33.4,0.284,3,4.2,9.04,7.99,1012.35
SH101939,2025-03-17,Hub_South,3,RoadRunner,Bike,Standard,Rain,62.2,38.2,0.308,3,9.8,8.1,9.82,287.94
SH101940,2025-03-02,Hub_North,3,RoadRunner,Truck,Standard,Clear,28.2,25.8,0.197,1,4.6,4.68,3.42,330.3
SH101941,2025-04-03,Hub_South,4,RoadRunner,Van,Standard,Clear,67.7,49.7,0.506,4,6.0,6.88,6.08,483.69
SH101942,2025-11-16,Hub_West,2,swiftline,Bike,Standard,Clear,60.4,35.1,0.375,8,9.2,9.48,8.3,297.65
SH101943,2025-01-11,Hub_West,7,SwiftLine,Truck,Standard,Clear,24.4,17.7,0.089,2,6.8,4.81,3.67,299.65
SH101944,2025-05-19,Hub_North,7,SwiftLine,Truck,Standard,Rain,55.9,60.0,0.436,6,1.0,7.43,6.62,635.13
SH101945,2025-02-13,Hub_South,4,RoadRunner,Truck,Express,,40.4,66.4,0.416,8,4.5,7.33,5.4,597.49
SH101946,2025-02-27,Hub_South,7,SwiftLine,Truck,Express,Clear,126.8,31.1,0.348,8,4.2,11.25,7.78,1291.47
SH101947,2025-12-01,Hub_South,1,RoadRunner,Van,Standard,Clear,127.5,12.4,0.122,3,2.0,8.87,6.72,763.86
SH101948,2025-01-01,Hub_East,2,RoadRunner,Bike,Standard,Clear,87.5,48.5,0.307,2,4.5,9.47,8.44,365.52
SH101949,2025-04-28,Hub_North,3,RoadRunner,Bike,Standard,Clear,65.7,8.6,0.062,6,,9.23,6.75,267.16
SH101950,2025-12-01,Hub_West,4,CargoPlus,Truck,Standard,Storm,58.9,13.1,0.096,3,6.2,6.67,7.09,517.81
SH101951,2025-08-10,Hub_West,2,RoadRunner,Truck,Standard,Clear,107.2,44.4,0.509,3,5.5,8.86,7.96,1022.73
SH101952,2025-01-27,Hub_East,5,SwiftLine,Truck,Express,Rain,63.4,11.8,0.092,6,4.1,7.77,6.84,662.12
SH101953,2025-06-19,Hub_East,7,CargoPlus,Truck,Standard,Clear,69.3,56.6,0.235,3,1.9,7.14,4.58,683.55
SH101954,2025-12-21,Hub_South,4,CargoPlus,Van,Standard,Clear,79.5,12.3,0.121,5,8.3,7.63,7.49,515.85
SH101955,2025-05-27,Hub_South,4,roadrunner,Bike,Standard,Clear,141.4,20.0,0.095,4,4.4,13.62,12.53,532.11
SH101956,2025-07-12,Hub_North,1,CargoPlus,Bike,Standard,Rain,30.2,18.6,0.168,7,7.7,7.19,7.72,162.25
SH101957,2025-07-14,Hub_East,3,SwiftLine,Van,Standard,Clear,51.5,38.1,0.309,6,5.2,6.87,5.06,365.33
SH101958,2025-08-30,Hub_North,7,CargoPlus,Truck,Standard,Rain,35.6,37.6,0.38,3,8.4,5.61,6.42,373.63
SH101959,2025-03-10,Hub_West,7,swiftline,Bike,Standard,Rain,86.3,,0.153,1,6.7,9.09,8.17,327.36
SH101960,2025-11-03,Hub_South,1,RoadRunner,Truck,Standard,Clear,30.7,34.7,0.187,2,5.7,5.09,4.27,366.66
SH101961,2025-12-27,Hub_South,1,SwiftLine,Van,Express,Clear,47.4,28.2,0.314,2,3.8,5.51,3.07,453.83
SH101962,2025-02-22,Hub_South,7,CargoPlus,Van,Standard,Clear,76.1,39.9,0.448,7,8.1,8.1,7.66,462.29
SH101963,2025-10-26,Hub_West,2,SwiftLine,Truck,Standard,Clear,99.9,36.3,0.267,7,5.1,9.73,7.3,909.18
SH101964,2025-10-26,Hub_North,5,SwiftLine,Van,Standard,Clear,67.4,12.2,0.108,1,3.9,5.97,3.58,407.48
SH101965,2025-09-28,Hub_North,7,SwiftLine,Van,Standard,Clear,47.8,56.8,0.478,3,5.2,5.82,5.3,375.81
SH101966,2025-05-16,Hub_North,7,RoadRunner,Van,Standard,Clear,60.1,5.2,0.043,2,5.4,5.99,4.12,370.49
SH101967,2025-06-21,Hub_East,5,SwiftLine,Van,Standard,Clear,58.7,19.9,0.094,7,7.2,7.44,4.51,364.31
SH101968,2025-11-03,Hub_West,4,RoadRunner,Bike,Standard,Clear,106.4,34.8,0.277,6,1.7,11.91,11.25,444.57
SH101969,2025-02-25,Hub_North,7,SwiftLine,Van,Standard,Clear,50.3,24.0,0.139,2,10.0,5.62,3.99,300.75
SH101970,2025-10-30,Hub_West,6,CargoPlus,Truck,Standard,Rain,103.3,22.3,0.232,6,6.4,9.58,9.32,930.62
SH101971,2025-12-03,Hub_North,7,SwiftLine,Truck,Standard,Rain,66.7,19.6,0.211,7,5.5,8.22,6.8,654.01
SH101972,2025-09-06,Hub_East,5,CargoPlus,Truck,Standard,Storm,115.4,17.8,0.074,1,6.4,8.63,10.19,1059.32
SH101973,2025-05-05,Hub_North,8,SwiftLine,Bike,Standard,Clear,73.5,,0.521,5,2.4,9.44,6.57,342.23
SH101974,2025-07-24,Hub_South,7,swiftline,Truck,Express,Clear,53.2,22.6,0.111,5,5.7,7.01,5.45,667.31
SH101975,2025-01-19,Hub_East,1,SwiftLine,Bike,Standard,Clear,114.4,,0.092,2,6.8,11.24,9.54,444.23
SH101976,2025-12-07,Hub_South,3,SwiftLine,Bike,Standard,Rain,173.5,14.4,0.059,8,4.9,16.94,14.35,617.12
SH101977,2025-05-05,Hub_North,7,RoadRunner,Van,Standard,,75.8,36.9,0.285,1,6.5,6.29,3.53,523.58
SH101978,2025-01-21,Hub_West,1,SwiftLine,Truck,Standard,Clear,107.0,8.2,0.086,4,7.1,9.15,8.06,971.14
SH101979,2025-10-17,Hub_West,6,CargoPlus,Truck,Standard,Clear,74.3,,0.481,8,4.0,8.87,7.79,808.58
SH101980,2025-08-29,Hub_South,3,RoadRunner,Truck,Standard,Clear,49.4,12.3,0.14,3,8.0,6.24,5.3,470.23
SH101981,2025-08-16,Hub_East,2,SwiftLine,Bike,Standard,Clear,117.8,22.3,0.164,3,5.4,11.76,9.08,442.11
SH101982,2025-01-20,Hub_East,5,RoadRunner,Bike,Express,Clear,38.3,32.0,0.176,6,9.3,7.42,6.03,332.28
SH101983,2025-10-02,Hub_North,8,SwiftLine,Bike,Standard,Clear,35.7,46.1,0.354,2,8.1,6.05,4.75,219.31
SH101984,2025-08-21,Hub_West,8,swiftline,Van,Standard,Rain,118.4,19.1,0.172,5,6.3,9.12,8.63,764.36
SH101985,2025-10-17,Hub_North,4,SwiftLine,Van,Standard,Clear,61.3,16.4,0.132,2,3.9,6.04,4.08,413.22
SH101986,2025-10-29,Hub_East ,1,SwiftLine,Bike,Standard,Clear,40.7,26.8,0.202,1,5.3,6.08,3.61,189.68
SH101987,2025-03-19,Hub_North,8,SwiftLine,Van,Standard,Rain,144.6,14.8,0.082,3,7.5,9.52,10.23,818.74
SH101988,2025-03-18,Hub_North,8,CargoPlus,Van,Standard,Rain,97.3,20.8,0.2,2,4.4,7.41,7.28,643.55
SH101989,2025-12-04,Hub_South,5,roadrunner,Van,Standard,Clear,67.4,61.1,0.416,5,6.4,7.17,5.71,486.86
SH101990,2025-07-13,Hub_South,6,cargoplus,Van,Standard,Clear,82.6,12.2,0.144,4,6.6,7.45,6.63,519.65
SH101991,2025-06-09,Hub_West,5,SwiftLine,Van,Standard,Clear,78.0,3.6,0.026,4,5.3,7.28,5.4,473.58
SH101992,2025-04-15,Hub_West,1,CargoPlus,Van,Standard,Clear,96.6,,0.08,8,3.9,9.19,8.0,610.78
SH101993,2025-08-22,Hub_North,2,SwiftLine,Van,Standard,Rain,66.1,8.1,0.088,7,8.7,7.72,7.06,401.06
SH101994,2025-10-03,Hub_North,2,SwiftLine,Van,Express,Clear,100.5,35.9,0.204,4,6.5,8.13,6.07,765.98
SH101995,2025-01-01,Hub_South,8,CargoPlus,Bike,Standard,Rain,75.5,16.4,0.088,2,,8.68,8.78,290.92
SH101996,2025-07-21,Hub_South,1,SwiftLine,Truck,Standard,Clear,25.3,49.4,0.482,2,3.9,4.85,3.7,393.75
SH101997,2025-12-29,Hub_South,5,RoadRunner,Truck,Standard,Rain,54.7,20.5,0.131,6,7.3,7.38,7.42,514.83
SH101998,2025-04-13,Hub_West,3,CargoPlus,Bike,Standard,Clear,91.9,8.2,0.06,7,5.4,11.26,8.83,359.56
SH101999,13/04/2025,Hub_East,1,RoadRunner,Van,Standard,Rain,35.3,45.5,0.346,8,7.5,6.85,5.57,368.99
SH102000,2025-11-17,Hub_North,8,RoadRunner,Van,Standard,Clear,75.5,12.6,0.129,8,3.7,8.38,6.09,500.36
SH102001,2025-01-23,Hub_South,1,SwiftLine,Bike,Standard,Clear,61.3,3.5,0.03,1,6.1,7.44,5.34,240.53
SH102002,2025-05-26,Hub_East,7,SwiftLine,Bike,Standard,Clear,146.0,31.0,0.308,7,4.5,14.82,11.74,554.77
SH102003,2025-06-17,Hub_South,7,CargoPlus,Truck,Standard,Clear,,14.3,0.17,7,9.0,9.83,8.8,908.4
SH102004,2025-10-19,Hub_North,7,SwiftLine,Van,Standard,Clear,36.2,32.7,0.317,2,6.2,5.08,3.6,326.88
SH102005,2025-02-17,Hub_South,2,SwiftLine,Bike,Standard,Clear,94.1,41.1,0.256,3,3.5,10.2,7.25,393.01
SH102006,2025-06-08,Hub_South,8,SwiftLine,Truck,Standard,Clear,60.7,28.6,0.29,8,7.4,8.25,5.16,594.15
SH102007,2025-02-25,Hub_North,5,CargoPlus,Van,Express,Clear,72.4,14.8,0.16,4,8.0,7.06,4.93,556.96
SH102008,2025-10-15,Hub_East,4,CargoPlus,Van,Standard,Clear,61.1,46.5,0.346,6,4.8,7.23,6.03,433.34
SH102009,2025-08-19,Hub_South,6,RoadRunner,Van,Express,Rain,148.1,11.7,0.109,1,3.9,9.05,7.1,992.56
SH102010,2025-07-01,Hub_East,3,CargoPlus,Bike,Standard,Clear,142.4,32.7,0.259,6,,14.29,11.62,568.7
SH102011,2025-05-24,Hub_South,3,SwiftLine,Bike,Standard,Clear,50.2,37.2,0.187,3,7.7,7.31,6.18,259.38
SH102012,2025-02-25,Hub_West,3,CargoPlus,Truck,Standard,Clear,115.4,25.0,0.246,7,2.0,10.43,7.22,1083.27
SH102013,2025-12-03,Hub_North,5,SwiftLine,Van,Standard,Clear,54.0,,0.306,1,5.4,5.46,4.71,336.58
SH102014,2025-08-25,Hub_North,5,SwiftLine,Truck,Standard,Rain,48.7,28.7,0.194,8,2.0,7.71,6.14,529.15
SH102015,2025-04-27,Hub_South,2,SwiftLine,Bike,Standard,Clear,75.6,31.5,0.244,2,9.1,8.68,7.74,292.48
SH102016,2025-06-01,Hub_South,2,CargoPlus,Truck,Standard,Rain,70.5,40.6,0.351,4,8.2,7.49,7.97,715.32
SH102017,2025-09-23,Hub_North,8,CargoPlus,Van,Standard,Rain,44.8,27.7,0.279,1,6.1,5.11,4.63,247.47
SH102018,2025-09-20,Hub_East ,5,RoadRunner,Van,Standard,Rain,31.3,43.7,0.492,1,7.6,4.59,4.82,274.97
SH102019,2025-06-18,Hub_North,7,SwiftLine,Van,Standard,Clear,,55.1,0.522,8,5.2,8.26,5.42,538.48
SH102020,2025-04-21,Hub_North,3,swiftline,Van,Standard,Clear,44.8,33.4,0.399,6,3.9,6.61,5.52,312.13
SH102021,2025-08-29,Hub_South,3,RoadRunner,Bike,Standard,,63.1,41.2,0.217,8,2.1,9.66,8.55,300.5
SH102022,29/08/2025,Hub_East,3,SwiftLine,Bike,Express,Rain,120.8,25.1,0.131,7,,13.16,12.05,604.86
SH102023,2025-08-07,Hub_West,5,SwiftLine,Truck,Express,Rain,65.2,55.7,0.575,6,3.5,7.85,6.49,810.54
SH102024,2025-01-27,Hub_East,7,RoadRunner,Bike,Standard,Rain,30.5,30.2,0.274,6,10.0,6.91,6.57,140.89
SH102025,2025-06-22,Hub_East,5,RoadRunner,Bike,Standard,Rain,114.2,38.9,0.424,3,3.3,11.53,10.88,484.87
SH102026,13/08/2025,Hub_East,3,CargoPlus,Truck,Standard,,88.2,8.4,0.079,6,7.5,8.9,8.43,844.18
SH102027,2025-12-13,Hub_East,8,RoadRunner,Van,Standard,Clear,105.5,36.8,0.151,8,8.1,9.53,8.06,702.15
SH102028,2025-07-11,Hub_North,5,SwiftLine,Van,Standard,Clear,69.9,26.5,0.249,2,2.8,6.37,4.31,430.79
SH102029,2025-05-06,Hub_East,4,RoadRunner,Truck,Standard,Clear,69.7,,0.204,8,,8.66,6.35,655.57
SH102030,2025-07-22,Hub_East,1,SwiftLine,Van,Standard,Rain,178.8,38.3,0.29,5,5.0,11.42,9.8,1078.92
SH102031,2025-03-06,Hub_South,5,RoadRunner,Bike,Standard,Clear,88.6,40.8,0.389,7,10.0,11.04,11.07,395.28
SH102032,2025-02-03,Hub_East,5,CargoPlus,Van,Express,Clear,113.3,37.1,0.343,3,5.0,8.32,7.18,856.86
SH102033,2025-09-05,Hub_South,8,SwiftLine,Van,Standard,Storm,249.6,21.3,0.15,6,3.2,14.42,13.51,1422.82
SH102034,2025-12-26,Hub_South,2,SwiftLine,Van,Standard,Clear,176.1,68.6,0.666,5,6.5,11.32,9.49,1102.73
SH102035,2025-11-05,Hub_North,2,CargoPlus,Truck,Standard,Clear,39.4,49.5,0.572,3,3.4,5.79,4.76,423.74
SH102036,2025-08-02,Hub_East,8,RoadRunner,Truck,Standard,Rain,43.9,22.9,0.134,1,,5.39,4.5,420.04
SH102037,2025-01-15,Hub_West,5,RoadRunner,Bike,Express,Clear,35.6,22.1,0.11,8,4.6,7.85,5.64,315.02
SH102038,2025-12-27,Hub_North,1,RoadRunner,Bike,Standard,Clear,69.2,1.5,0.008,6,6.5,9.46,7.6,261.7
SH102039,2025-06-14,Hub_South,1,RoadRunner,Van,Express,Clear,195.8,10.6,0.081,4,4.4,11.77,8.48,1263.13
SH102040,2025-04-16,Hub_North,4,SwiftLine,Van,Standard,Storm,14.3,14.0,0.089,5,4.1,5.15,4.96,123.96
SH102041,2025-11-22,Hub_North,5,CargoPlus,Truck,Standard,Clear,53.8,22.5,0.174,6,7.7,7.34,5.49,545.54
SH102042,2025-09-30,Hub_West,2,CargoPlus,Bike,Standard,Clear,69.8,54.4,0.254,1,6.1,8.0,8.1,311.33
SH102043,2025-10-01,Hub_South,3,SwiftLine,Bike,Standard,Clear,,20.8,0.124,2,5.6,6.46,5.05,191.81
SH102044,2025-04-12,Hub_South,6,SwiftLine,Van,Express,Clear,62.0,10.5,0.071,8,1.7,7.87,4.03,488.03
SH102045,2025-12-29,Hub_North,8,RoadRunner,Truck,Standard,Clear,64.0,35.5,0.407,1,6.7,6.3,5.66,640.81
SH102046,2025-06-15,Hub_West,4,RoadRunner,Bike,Standard,Clear,33.9,37.2,0.237,1,4.6,5.63,4.41,245.87
SH102047,2025-07-13,Hub_North,4,SwiftLine,Truck,Standard,Rain,103.9,20.9,0.092,8,6.1,10.21,8.31,961.63
SH102048,2025-10-02,Hub_East,3,RoadRunner,Van,Standard,Storm,62.3,50.3,0.326,7,1.8,7.58,7.78,450.53
SH102049,29/08/2025,Hub_North,2,RoadRunner,Bike,Express,Clear,40.2,52.4,0.602,5,6.1,7.25,5.54,357.06
SH102050,2025-03-04,Hub_North,1,RoadRunner,Van,Express,Clear,70.4,5.6,0.042,8,5.9,8.19,6.46,540.54
SH102051,2025-04-21,Hub_East,7,SwiftLine,Van,Standard,Rain,102.2,37.4,0.395,6,5.0,8.8,8.04,682.09
SH102052,2025-05-12,Hub_North,1,SwiftLine,Van,Standard,Clear,67.3,3.2,0.02,1,3.7,5.97,3.42,424.93
SH102053,2025-12-12,Hub_East,7,RoadRunner,Van,Standard,Rain,42.1,22.7,0.115,1,7.8,5.01,5.0,261.49
SH102054,2025-09-18,Hub_North,2,cargoplus,Van,Express,Clear,76.7,89.5,0.714,8,4.0,8.43,7.12,734.36
SH102055,2025-05-14,Hub_East,6,RoadRunner,Bike,Standard,Clear,170.1,36.2,0.348,4,7.3,15.51,14.42,613.24
SH102056,2025-09-26,Hub_East,8,SwiftLine,Truck,Express,Clear,52.7,15.4,0.166,3,7.6,6.39,4.69,613.11
SH102057,2025-09-27,Hub_East,6,CargoPlus,Truck,Express,Clear,45.3,38.7,0.229,3,,6.05,4.61,609.29
SH102058,2025-05-24,Hub_North,6,SwiftLine,Van,Standard,Rain,56.7,14.4,0.171,7,7.0,7.36,6.63,357.05
SH102059,2025-05-28,Hub_East,3,RoadRunner,Van,Standard,Clear,47.0,30.4,0.241,7,4.6,6.99,4.94,397.13
SH102060,2025-11-23,Hub_West,5,swiftline,Truck,Standard,Rain,48.0,12.3,0.099,5,6.8,6.78,5.43,459.26
SH102061,2025-07-25,Hub_North,6,RoadRunner,Bike,Standard,Rain,38.0,,0.204,4,3.6,6.8,6.46,203.75
SH102062,2025-02-24,Hub_North,4,RoadRunner,Truck,Standard,Clear,113.1,49.7,0.361,5,5.3,9.72,8.27,1032.32
SH102063,2025-09-20,Hub_West,1,CargoPlus,Van,Standard,Rain,97.8,67.5,0.679,4,5.7,8.03,8.16,656.99
SH102064,2025-08-04,Hub_North,8,SwiftLine,Truck,Standard,Rain,60.2,30.3,0.259,3,5.4,6.73,5.1,590.85
SH102065,2025-07-05,Hub_East,2,RoadRunner,Van,Standard,Clear,51.7,41.5,0.211,2,6.3,5.67,4.75,407.37
SH102066,2025-09-22,Hub_East,8,SwiftLine,Van,Express,Rain,84.7,16.9,0.072,4,3.9,7.53,4.88,622.6
SH102067,2025-11-28,Hub_North,8,CargoPlus,Van,Express,Rain,76.1,11.1,0.127,4,4.4,7.2,6.37,624.08
SH102068,2025-05-01,Hub_East,1,SwiftLine,Bike,Standard,Clear,74.7,28.2,0.308,3,6.9,8.92,6.76,321.7
SH102069,2025-06-03,Hub_East,6,RoadRunner,Bike,Standard,Clear,129.8,27.0,0.32,3,4.7,12.56,10.53,501.35
SH102070,2025-03-11,Hub_South,6,RoadRunner,Truck,Standard,Clear,89.5,,0.868,6,4.5,8.96,8.93,911.48
SH102071,2025-08-25,Hub_West,2,SwiftLine,Bike,Standard,,300.1,22.2,0.203,7,3.8,24.98,23.27,1007.27
SH102072,2025-05-27,Hub_North,7,SwiftLine,Bike,Standard,Rain,54.1,,0.122,7,4.6,8.77,7.22,188.79
SH102073,2025-05-05,Hub_South,1,SwiftLine,Van,Standard,Rain,173.6,36.1,0.33,7,3.4,11.82,10.49,1052.83
SH102074,2025-09-12,Hub_West,2,RoadRunner,Van,Standard,Rain,87.4,16.5,0.13,8,7.0,8.84,7.9,559.48
SH102075,2025-05-29,Hub_North,8,CargoPlus,Van,Standard,Clear,41.2,13.7,0.096,4,4.6,5.87,4.2,276.73
SH102076,2025-06-19,Hub_West,6,RoadRunner,Bike,Express,Storm,49.2,32.6,0.308,8,3.3,8.74,8.6,323.49
SH102077,2025-06-10,Hub_North,1,CargoPlus,Truck,Standard,Clear,95.0,7.4,0.035,4,5.1,8.6,7.98,843.96
SH102078,2025-04-05,Hub_South,2,swiftline,Truck,Express,,36.4,34.8,0.279,7,2.7,6.85,5.69,527.45
SH102079,2025-02-15,Hub_North,3,SwiftLine,Bike,Express,Clear,67.2,18.1,0.182,8,3.8,9.93,6.59,404.98
SH102080,2025-10-29,Hub_East,1,CargoPlus,Truck,Standard,Clear,205.0,40.2,0.428,7,8.2,14.49,14.38,1855.58
SH102081,2025-02-03,Hub_East,2,CargoPlus,Van,Standard,Clear,16.7,56.5,0.447,4,3.3,4.94,4.58,170.51
SH102082,2025-04-29,Hub_West,5,SwiftLine,Van,Express,Clear,67.0,13.7,0.093,4,,6.86,5.72,537.55
SH102083,2025-09-01,Hub_West,1,RoadRunner,Truck,Standard,Clear,49.2,21.1,0.181,6,9.9,7.13,6.05,485.24
SH102084,2025-02-17,Hub_East,3,CargoPlus,Truck,Standard,Clear,176.9,47.7,0.24,8,6.0,13.52,13.5,1626.26
SH102085,2025-08-28,Hub_East,3,CargoPlus,Van,Standard,Clear,64.6,30.3,0.143,2,4.5,6.16,5.35,422.64
SH102086,2025-09-25,Hub_South,8,RoadRunner,Van,Standard,,45.4,68.4,0.722,3,1.5,5.73,5.86,398.83
SH102087,2025-08-30,Hub_West,8,SwiftLine,Van,Standard,Clear,36.6,31.1,0.156,4,5.8,5.7,4.59,261.11
SH102088,2025-04-22,Hub_East,7,SwiftLine,Van,Standard,Clear,39.1,54.7,0.401,7,4.0,6.69,5.13,337.05
SH102089,2025-01-08,Hub_West,3,roadrunner,Van,Express,Clear,163.8,9.7,0.071,2,6.6,9.95,8.04,1067.15
SH102090,2025-11-20,Hub_North,5,RoadRunner,Bike,Standard,Clear,20.6,13.4,0.159,4,,5.66,4.03,115.89
SH102091,2025-04-30,Hub_South,5,SwiftLine,Truck,Express,Clear,89.0,62.9,0.606,2,6.1,7.73,5.97,1064.89
SH102092,2025-10-21,Hub_East,7,SwiftLine,Van,Express,Storm,135.9,13.1,0.133,6,8.4,10.09,11.2,917.47
SH102093,2025-03-14,Hub_North,6,SwiftLine,Bike,Standard,Clear,66.6,63.3,0.592,2,6.8,8.09,7.65,331.17
SH102094,2025-03-01,Hub_North,8,RoadRunner,Truck,Standard,Clear,39.5,14.8,0.091,1,2.9,5.19,4.34,360.85
SH102095,2025-10-12,Hub_West,5,SwiftLine,Van,Standard,Rain,88.8,8.1,0.056,4,5.7,7.69,6.19,564.49
SH102096,2025-12-10,Hub_South,8,SwiftLine,Van,Standard,Clear,43.9,22.0,0.12,1,7.4,5.08,3.11,298.66
SH102097,2025-11-11,Hub_North,6,SwiftLine,Van,Express,Clear,51.1,9.7,0.081,3,2.5,5.95,2.62,453.83
SH102098,2025-10-02,Hub_South,6,CargoPlus,Truck,Express,Rain,46.7,37.9,0.175,8,8.9,7.62,7.38,588.9
SH102099,2025-04-01,Hub_South,6,RoadRunner,Truck,Standard,Clear,47.8,3.3,0.037,7,5.8,7.37,6.35,461.31
SH102100,2025-11-30,Hub_East,3,SwiftLine,Van,Express,Clear,109.7,79.0,0.44,6,6.7,9.09,6.97,897.26
SH102101,2025-09-01,Hub_West,5,RoadRunner,Van,Standard,Clear,62.8,26.9,0.154,4,4.8,6.7,5.19,455.78
SH102102,2025-03-04,Hub_West,3,RoadRunner,Truck,Express,Rain,,,0.31,7,5.6,9.35,8.63,990.7
SH102103,2025-02-17,Hub_East,6,RoadRunner,Truck,Standard,Rain,91.5,42.6,0.279,1,3.7,7.55,6.61,862.55
SH102104,2025-11-14,Hub_East,3,RoadRunner,Bike,Standard,Clear,69.3,29.0,0.155,4,8.6,8.87,8.04,285.9
SH102105,11/04/2025,Hub_South,7,RoadRunner,Van,Express,Clear,1399.0,34.4,0.409,4,9.1,9.64,9.26,978.05
SH102106,2025-10-07,Hub_West,5,RoadRunner,Truck,Standard,Clear,42.1,19.8,0.123,1,9.8,5.31,4.41,431.91
SH102107,2025-02-20,Hub_North,6,swiftline,Bike,Standard,Clear,65.5,42.5,0.421,1,2.0,7.72,4.87,322.71
SH102108,2025-04-13,Hub_North,2,swiftline,Van,Standard,Rain,25.6,70.2,0.689,4,6.2,5.28,4.85,257.91
SH102109,2025-04-14,Hub_West,7,SwiftLine,Van,Standard,Clear,71.6,19.3,0.115,2,6.4,6.43,4.94,464.18
SH102110,2025-04-13,Hub_West,7,RoadRunner,Van,Standard,Rain,106.4,46.0,0.286,8,4.1,9.56,10.31,664.12
SH102111,2025-09-04,Hub_South,2,RoadRunner,Van,Standard,Rain,33.8,51.2,0.424,2,6.2,4.99,5.76,294.34
SH102112,2025-11-30,Hub_East,3,RoadRunner,Bike,Standard,Clear,52.1,18.5,0.201,1,2.6,6.83,6.88,267.51
SH102113,29/11/2025,Hub_South,6,SwiftLine,Truck,Standard,Rain,47.1,25.0,0.248,7,8.4,7.33,5.91,469.65
SH102114,2025-09-28,Hub_South,7,RoadRunner,Van,Standard,Rain,16.1,24.2,0.155,4,2.4,4.91,5.19,140.32
SH102115,15/03/2025,Hub_North,6,SwiftLine,Truck,Standard,,39.2,22.3,0.097,4,6.0,6.08,5.21,413.18
SH102116,2025-12-17,Hub_North,4,SwiftLine,Van,Standard,Clear,95.0,15.1,0.134,3,7.1,7.62,5.95,606.0
SH102117,2025-07-17,Hub_South,3,RoadRunner,Bike,Express,Rain,67.8,25.7,0.201,1,4.3,7.87,6.21,393.72
SH102118,2025-07-19,Hub_South,8,SwiftLine,Truck,Express,Clear,81.0,21.5,0.145,6,8.2,8.57,6.92,844.72
SH102119,2025-09-14,Hub_South,7,SwiftLine,Truck,Standard,Rain,106.6,57.9,0.531,5,1.9,9.43,7.56,1006.86
SH102120,2025-10-08,Hub_North ,8,SwiftLine,Van,Standard,Clear,156.7,30.6,0.355,4,5.4,10.28,7.62,933.7
SH102121,2025-12-14,Hub_West,3,RoadRunner,Van,Express,Rain,39.1,16.2,0.182,2,,5.19,2.95,435.68
SH102122,2025-08-01,Hub_East,4,SwiftLine,Van,Express,Rain,89.7,60.2,0.561,2,4.0,7.12,4.69,702.53
SH102123,2025-08-11,Hub_West,2,CargoPlus,Truck,Standard,Clear,51.1,53.0,0.619,6,4.5,7.22,6.55,506.2
SH102124,30/09/2025,Hub_North,8,CargoPlus,Van,Standard,Clear,40.9,22.1,0.158,1,4.4,4.96,4.41,302.69
SH102125,2025-04-04,Hub_East,7,CargoPlus,Truck,Standard,Clear,59.7,29.3,0.141,8,8.0,8.21,6.96,570.68
SH102126,2025-04-23,Hub_West,2,SwiftLine,Van,Standard,Rain,91.8,58.4,0.445,5,3.2,8.1,7.23,601.87
SH102127,2025-08-17,Hub_South,2,RoadRunner,Van,Standard,Clear,70.9,44.8,0.416,2,2.4,6.41,5.17,508.91
SH102128,2025-01-24,Hub_North,5,SwiftLine,Van,Standard,Rain,,6.8,0.071,8,4.6,7.64,6.46,359.8
SH102129,2025-04-27,Hub_North,4,CargoPlus,Bike,Standard,Clear,96.5,12.5,0.144,3,5.7,10.36,9.61,391.43
SH102130,2025-09-20,Hub_North,4,RoadRunner,Truck,Express,Rain,92.9,17.4,0.142,3,6.5,8.21,7.27,992.37
SH102131,2025-12-23,Hub_South,3,SwiftLine,Bike,Standard,Clear,54.3,18.9,0.132,6,7.8,8.48,7.68,210.01
SH102132,2025-07-09,Hub_South,6,SwiftLine,Truck,Standard,Rain,89.3,24.6,0.154,1,1.2,7.45,5.93,791.51
SH102133,2025-05-26,Hub_North,8,CargoPlus,Bike,Standard,Clear,70.0,33.5,0.297,6,8.9,9.51,8.53,338.88
SH102134,2025-06-10,Hub_East,8,CargoPlus,Van,Standard,Clear,47.3,24.6,0.235,3,3.9,5.8,5.87,331.48
SH102135,2025-09-08,Hub_North,4,RoadRunner,Truck,Standard,Storm,92.6,51.9,0.47,7,4.9,9.4,9.89,975.13
SH102136,2025-07-18,Hub_South,7,RoadRunner,Van,Express,Clear,94.1,19.2,0.107,4,5.5,7.89,5.83,728.61
SH102137,2025-01-09,Hub_East,6,CargoPlus,Bike,Standard,Clear,37.5,52.0,0.394,6,1.2,7.37,7.68,267.08
SH102138,2025-07-16,Hub_North,2,CargoPlus,Van,Standard,Clear,89.0,,0.141,4,4.6,7.7,6.92,548.87
SH102139,2025-05-27,Hub_North,7,CargoPlus,Bike,Standard,Clear,113.4,29.4,0.24,2,7.5,11.17,10.32,441.95
SH102140,2025-09-13,Hub_North,3,SwiftLine,Truck,Standard,Rain,39.6,,0.239,3,6.8,5.79,5.29,455.48
SH102141,2025-11-16,Hub_North,6,RoadRunner,Bike,Express,Clear,,37.7,0.419,7,4.5,10.22,8.31,454.52
SH102142,2025-12-18,Hub_South,6,CargoPlus,Van,Express,Rain,40.0,24.5,0.256,5,5.9,6.13,5.55,415.7
SH102143,2025-08-11,Hub_North,8,SwiftLine,Bike,Standard,Clear,42.0,14.9,0.147,2,6.4,6.47,4.37,201.35
SH102144,2025-05-13,Hub_North,8,SwiftLine,Van,Express,Storm,29.2,58.8,0.288,1,5.0,4.51,4.14,384.82
SH102145,2025-06-12,Hub_West,7,SwiftLine,Truck,Standard,Clear,120.7,28.2,0.214,1,6.5,8.87,6.55,1083.34
SH102146,2025-03-06,Hub_West,5,RoadRunner,Truck,Express,Storm,114.0,28.4,0.155,7,3.9,10.37,9.81,1164.18
SH102147,2025-12-08,Hub_North,4,CargoPlus,Van,Standard,Clear,117.2,102.8,0.447,8,3.6,9.97,10.01,818.16
SH102148,2025-11-06,Hub_South,4,SwiftLine,Bike,Standard,Storm,57.0,52.3,0.378,5,4.9,8.36,8.27,273.68
SH102149,2025-11-08,Hub_South,8,RoadRunner,Bike,Standard,Clear,106.5,23.1,0.15,5,,11.62,8.6,409.97
SH102150,2025-04-30,Hub_West,2,SwiftLine,Truck,Express,Clear,40.8,,0.302,5,6.9,6.45,5.0,511.39
SH102151,2025-04-28,Hub_West ,5,CargoPlus,Bike,Express,Rain,37.2,13.8,0.157,3,,6.45,6.03,317.42
SH102152,2025-11-09,Hub_North,6,CargoPlus,Van,Standard,Clear,57.5,10.3,0.118,7,5.1,7.39,7.07,385.41
SH102153,2025-07-18,Hub_North,1,roadrunner,Van,Express,Clear,110.5,23.1,0.095,3,7.1,8.22,6.17,817.18
SH102154,2025-09-15,Hub_South,6,RoadRunner,Truck,Standard,Clear,77.4,36.1,0.294,6,6.3,8.41,7.6,727.47
SH102155,2025-06-28,Hub_West,3,SwiftLine,Van,Standard,Rain,54.1,14.5,0.06,1,7.6,5.46,5.3,333.72
SH102156,2025-06-11,Hub_West,3,CargoPlus,Van,Standard,Rain,52.7,44.9,0.397,5,8.7,6.61,7.55,425.74
SH102157,2025-08-19,Hub_North,5,RoadRunner,Truck,Standard,Clear,120.8,12.0,0.097,5,,10.07,9.17,1078.71
SH102158,2025-10-24,Hub_East,1,SwiftLine,Truck,Standard,Rain,98.0,23.3,0.173,2,4.1,8.14,6.02,919.87
SH102159,02/05/2025,Hub_North,2,CargoPlus,Van,Standard,Clear,124.0,42.3,0.187,7,6.9,9.93,9.72,752.41
SH102160,23/10/2025,Hub_East,4,SwiftLine,Truck,Standard,Clear,119.8,82.5,0.399,2,4.1,9.13,7.7,1166.65
SH102161,2025-03-31,Hub_West,5,RoadRunner,Van,Standard,Clear,26.5,64.1,0.417,6,4.0,5.91,4.82,305.29
SH102162,2025-05-28,Hub_South,1,SwiftLine,Van,Standard,Clear,112.8,55.4,0.329,4,4.9,8.6,6.5,741.3
SH102163,2025-11-30,Hub_North,3,RoadRunner,Bike,Standard,Clear,98.9,28.9,0.157,7,7.8,11.72,11.17,390.7
SH102164,2025-12-15,Hub_East,3,SwiftLine,Van,Standard,Clear,,46.5,0.503,4,7.0,5.94,3.87,355.21
SH102165,2025-12-04,Hub_South,5,SwiftLine,Van,Standard,Clear,57.4,21.9,0.093,5,7.3,6.79,4.84,394.26
SH102166,2025-04-26,Hub_West,3,RoadRunner,Bike,Standard,Clear,63.6,40.5,0.233,6,,9.09,8.39,352.33
SH102167,2025-11-04,Hub_South,1,CargoPlus,Bike,Express,Rain,154.9,9.5,0.108,1,6.6,13.61,13.59,670.0
SH102168,2025-12-08,Hub_West,5,swiftline,Van,Express,Clear,71.3,33.6,0.369,2,6.7,6.42,4.54,615.38
SH102169,2025-12-24,Hub_North,7,RoadRunner,Bike,Standard,Clear,96.8,9.5,0.065,4,4.1,10.68,8.3,359.69
SH102170,2025-01-08,Hub_North,5,RoadRunner,Van,Express,Rain,112.0,,0.554,3,6.7,8.27,6.93,825.62
SH102171,2025-09-29,Hub_South,3,CargoPlus,Van,Standard,Clear,55.5,,0.235,1,,5.52,4.39,418.8
SH102172,2025-12-30,Hub_North,4,SwiftLine,Van,Express,Rain,119.3,68.0,0.62,6,,9.45,8.7,874.69
SH102173,2025-10-07,Hub_North,2,RoadRunner,Van,Standard,,67.5,10.7,0.118,1,4.8,5.98,4.58,450.89
SH102174,2025-03-27,Hub_East,2,CargoPlus,Van,Standard,Clear,206.5,102.1,0.794,7,4.4,13.08,12.13,1285.77
SH102175,2025-10-06,Hub_North,4,SwiftLine,Van,Standard,Clear,42.6,26.5,0.141,2,4.9,5.33,3.63,289.26
SH102176,2025-02-08,Hub_North,5,RoadRunner,Van,Express,Clear,64.3,52.7,0.455,5,5.5,7.05,5.78,563.21
SH102177,2025-06-25,Hub_North,4,cargoplus,Van,Standard,Clear,,13.3,0.133,8,6.8,9.87,8.31,704.44
SH102178,2025-08-17,Hub_North,8,SwiftLine,Truck,Standard,Rain,48.2,35.4,0.387,3,8.5,6.18,5.3,471.27
SH102179,2025-06-16,Hub_West,6,SwiftLine,Bike,Standard,Clear,101.9,24.4,0.172,2,6.6,10.42,9.16,412.98
SH102180,2025-09-13,Hub_West,1,SwiftLine,Van,Express,Clear,59.0,45.0,0.282,2,5.7,5.95,3.93,530.66
SH102181,2025-03-29,Hub_North ,5,CargoPlus,Van,Standard,Clear,39.3,5.7,0.054,4,1.5,5.8,5.08,261.2
SH102182,2025-08-10,Hub_East,5,CargoPlus,Truck,Standard,Rain,35.6,12.4,0.074,3,10.0,5.61,6.21,346.54
SH102183,2025-08-24,Hub_East,1,RoadRunner,Bike,Standard,Rain,76.0,,0.335,8,4.1,10.51,9.29,420.2
SH102184,2025-08-20,Hub_West,4,RoadRunner,Van,Express,Clear,86.6,12.2,0.067,7,4.1,8.5,4.11,611.78
SH102185,2025-04-16,Hub_South,7,SwiftLine,Van,Standard,Rain,41.5,24.7,0.171,6,8.0,6.48,5.75,315.07
SH102186,2025-04-22,Hub_North,3,SwiftLine,Van,Standard,Rain,90.3,22.3,0.168,3,3.3,7.45,5.36,567.63
SH102187,2025-04-05,Hub_South,4,SwiftLine,Truck,Standard,Clear,34.1,32.9,0.322,2,6.2,5.25,3.92,356.42
SH102188,2025-06-18,Hub_West,2,SwiftLine,Bike,Standard,Clear,56.0,14.4,0.07,2,4.6,7.39,6.22,249.23
SH102189,2025-08-02,Hub_East,1,swiftline,Bike,Standard,Clear,66.7,59.6,0.441,4,,8.7,6.39,312.87
SH102190,2025-05-13,Hub_South,3,RoadRunner,Van,Standard,Clear,64.1,33.4,0.309,7,5.6,7.65,6.73,412.47
SH102191,2025-05-30,Hub_North,7,SwiftLine,Van,Standard,Rain,74.2,63.7,0.533,7,3.1,8.03,7.5,508.62
SH102192,2025-04-15,Hub_East,8,SwiftLine,Van,Standard,Rain,65.4,44.7,0.461,8,5.3,8.0,7.25,464.34
SH102193,2025-03-21,Hub_West,6,SwiftLine,Van,Standard,Clear,61.0,32.0,0.356,4,7.6,6.63,5.3,405.31
SH102194,2025-08-28,Hub_South,7,SwiftLine,Bike,Standard,Clear,60.9,2.5,0.014,5,5.4,8.61,5.19,216.71
SH102195,2025-10-25,Hub_East,6,SwiftLine,Truck,Express,Rain,50.4,40.2,0.453,2,10.0,5.98,5.08,653.25
SH102196,2025-04-17,Hub_South,6,SwiftLine,Van,Standard,Clear,91.2,39.9,0.442,6,5.7,8.38,6.63,624.42
SH102197,2025-11-11,Hub_South,4,SwiftLine,Bike,Standard,Clear,61.3,63.0,0.435,6,3.1,8.94,7.53,288.89
SH102198,2025-07-28,Hub_South,1,RoadRunner,Van,Standard,Storm,47.7,30.2,0.317,1,4.5,5.22,6.91,352.9
SH102199,2025-03-03,Hub_East,4,CargoPlus,Truck,Express,Clear,88.4,1.3,0.011,4,1.6,8.31,5.4,926.31
SH102200,2025-05-14,Hub_West,7,CargoPlus,Truck,Express,Clear,82.1,28.3,0.297,8,7.7,9.22,6.83,929.31
SH102201,2025-01-03,Hub_South,5,CargoPlus,Bike,Express,Rain,40.6,41.8,0.417,5,8.7,7.28,6.13,341.2
SH102202,2025-01-15,Hub_South,7,RoadRunner,Van,Standard,Clear,130.1,28.2,0.33,4,7.2,9.26,9.1,833.65
SH102203,03/05/2025,Hub_South,1,cargoplus,Bike,Standard,Clear,56.3,19.5,0.112,1,3.8,7.11,5.77,262.05
SH102204,2025-06-15,Hub_North,2,RoadRunner,Bike,Standard,Rain,57.5,,0.464,7,3.8,8.99,7.37,242.68
SH102205,2025-10-19,Hub_North,3,RoadRunner,Truck,Standard,Clear,67.8,4.9,0.02,8,7.0,8.57,6.35,630.67
SH102206,2025-02-19,Hub_North,3,RoadRunner,Truck,Standard,Clear,80.9,27.9,0.317,8,4.5,9.17,7.68,766.27
SH102207,2025-11-03,Hub_South,8,SwiftLine,Bike,Standard,Clear,69.4,20.6,0.115,8,3.8,10.07,7.71,315.52
SH102208,2025-03-27,Hub_North,4,SwiftLine,Truck,Standard,Rain,45.6,12.1,0.085,8,3.6,7.57,7.14,474.03
SH102209,2025-02-20,Hub_South,6,SwiftLine,Van,Standard,Clear,27.6,32.6,0.35,3,,5.05,3.51,213.15
SH102210,2025-09-13,Hub_East,6,CargoPlus,Truck,Standard,Clear,128.9,68.4,0.535,7,4.6,11.04,10.3,1254.07
SH102211,2025-10-10,Hub_North,4,SwiftLine,Truck,Express,Clear,42.7,13.9,0.129,3,7.2,5.93,3.56,539.18
SH102212,2025-08-09,Hub_East,8,RoadRunner,Van,Standard,Clear,85.4,40.2,0.277,3,6.6,7.26,6.72,548.25
SH102213,2025-02-12,Hub_West,2,CargoPlus,Truck,Standard,Rain,69.1,36.3,0.306,2,3.8,6.83,7.61,714.39
SH102214,2025-02-12,Hub_East,1,RoadRunner,Bike,Standard,Rain,24.3,10.5,0.113,1,5.6,5.0,4.99,120.56
SH102215,2025-05-23,Hub_North,6,SwiftLine,Van,Standard,Clear,50.0,36.1,0.402,5,3.5,6.51,5.78,366.34
SH102216,2025-06-14,Hub_South,6,RoadRunner,Van,Standard,Rain,143.9,21.4,0.164,1,,8.89,9.33,859.54
SH102217,2025-12-31,Hub_East,3,swiftline,Truck,Standard,Rain,28.6,16.7,0.163,2,3.7,5.0,2.9,319.35
SH102218,2025-04-15,Hub_South,7,CargoPlus,Bike,Standard,Rain,58.6,16.4,0.127,2,6.2,7.56,6.95,283.47
SH102219,2025-03-12,Hub_North,2,RoadRunner,Van,Standard,Clear,80.9,107.0,1.232,5,4.5,7.69,7.46,674.99
SH102220,2025-12-12,Hub_South,3,RoadRunner,Truck,Standard,Clear,,6.7,0.066,4,3.7,6.24,4.43,435.8
SH102221,2025-02-26,Hub_South,2,roadrunner,Van,Standard,Clear,72.7,54.7,0.408,8,7.7,8.27,7.43,474.19
SH102222,2025-01-10,Hub_North,2,RoadRunner,Bike,Standard,Clear,89.1,23.4,0.187,6,4.5,10.77,8.45,394.31
SH102223,2025-06-04,Hub_East,6,RoadRunner,Van,Standard,Clear,83.7,13.0,0.071,2,1.8,6.89,5.74,-533.57
SH102224,2025-05-27,Hub_North,6,SwiftLine,Van,Standard,Clear,72.6,,0.233,3,6.3,6.77,5.91,495.01
SH102225,2025-08-15,Hub_South,6,SwiftLine,Van,Standard,Clear,63.2,57.5,0.347,2,4.1,6.11,4.34,460.57
SH102226,2025-11-17,Hub_West,7,SwiftLine,Van,Standard,Clear,43.7,59.1,0.322,4,,5.97,4.4,362.78
SH102227,2025-12-07,Hub_North,1,RoadRunner,Van,Standard,Clear,87.8,,0.097,1,7.2,6.75,6.35,564.43
SH102228,2025-04-16,Hub_East,5,CargoPlus,Truck,Standard,Clear,68.4,35.4,0.347,4,6.2,7.4,7.27,721.25
SH102229,2025-12-24,Hub_South,1,RoadRunner,Truck,Express,Clear,153.2,33.8,0.32,3,,10.94,8.53,1514.36
SH102230,2025-08-19,Hub_South,8,RoadRunner,Bike,Standard,Clear,98.5,22.7,0.137,1,2.9,9.89,8.0,355.78
SH102231,2025-01-26,Hub_West,6,CargoPlus,Truck,Standard,Clear,53.9,37.8,0.231,8,7.9,7.94,7.63,565.99
SH102232,2025-12-09,Hub_South,7,SwiftLine,Truck,Express,Storm,76.6,44.1,0.26,3,4.9,7.47,7.61,868.18
SH102233,2025-02-20,Hub_North,5,SwiftLine,Van,Standard,Clear,37.4,12.1,0.107,1,2.6,4.83,2.24,236.25
SH102234,2025-08-03,Hub_West,4,CargoPlus,Van,Standard,Clear,26.9,6.2,0.072,6,1.0,5.93,4.09,193.33
SH102235,2025-10-16,Hub_East,6,CargoPlus,Bike,Standard,Rain,53.1,10.4,0.116,6,4.9,8.4,6.07,236.41
SH102236,2025-04-02,Hub_East,7,RoadRunner,Van,Standard,Clear,33.8,19.8,0.159,3,3.9,5.29,3.48,279.94
SH102237,2025-04-09,Hub_North,2,SwiftLine,Van,Standard,Clear,93.6,22.8,0.16,4,,7.87,4.52,574.65
SH102238,2025-06-23,Hub_North,7,CargoPlus,Van,Standard,Clear,146.4,46.9,0.336,2,6.2,9.29,8.33,899.86
SH102239,2025-11-19,Hub_East,6,CargoPlus,Bike,Standard,Clear,112.9,25.4,0.265,3,8.9,11.44,11.76,434.3
SH102240,23/03/2025,Hub_North ,1,RoadRunner,Bike,Standard,Clear,57.3,19.8,0.182,2,3.7,7.48,5.04,294.98
SH102241,2025-08-31,Hub_North,8,SwiftLine,Van,Standard,Clear,95.6,5.9,0.026,2,5.7,7.35,6.14,607.61
SH102242,2025-06-15,Hub_East,2,RoadRunner,Bike,Standard,Clear,51.7,56.2,0.259,4,4.4,7.71,7.63,298.23
SH102243,10/02/2025,Hub_North,5,CargoPlus,Van,Standard,Clear,119.9,12.7,0.1,7,3.5,9.78,8.26,730.4
SH102244,2025-09-17,Hub_North,2,CargoPlus,Truck,Express,Clear,89.1,59.3,0.49,2,3.5,7.74,6.48,992.5
SH102245,2025-10-31,Hub_North,2,RoadRunner,Van,Standard,Clear,67.9,18.3,0.214,7,8.8,7.79,5.76,458.38
SH102246,2025-07-30,Hub_South,6,RoadRunner,Bike,Standard,Clear,65.8,11.0,0.056,7,5.5,9.54,8.02,241.12
SH102247,2025-03-06,Hub_East,6,RoadRunner,Bike,Standard,Clear,89.0,27.0,0.282,1,5.1,9.27,6.9,374.58
SH102248,2025-02-26,Hub_West,6,RoadRunner,Van,Express,Clear,66.1,14.2,0.159,3,4.1,6.52,3.29,492.63
SH102249,2025-06-04,Hub_North,3,RoadRunner,Truck,Standard,Clear,110.0,21.7,0.152,5,5.6,9.58,7.34,964.37
SH102250,2025-07-04,Hub_North,7,SwiftLine,Van,Standard,Clear,56.8,26.4,0.14,2,4.2,5.87,3.87,341.0
SH102251,2025-07-21,Hub_South,1,SwiftLine,Truck,Express,Rain,62.6,43.7,0.261,4,9.4,7.14,6.18,800.33
SH102252,2025-03-30,Hub_South,7,CargoPlus,Truck,Standard,Clear,64.4,80.1,0.745,6,6.0,7.82,7.4,695.58
SH102253,2025-07-02,Hub_South,3,SwiftLine,Bike,Express,Storm,60.4,16.8,0.077,1,5.8,7.38,6.61,342.99
SH102254,2025-04-18,Hub_West,5,SwiftLine,Van,Standard,Clear,45.1,28.7,0.318,6,5.7,6.62,4.89,389.16
SH102255,2025-09-08,Hub_South,8,CargoPlus,Van,Express,Rain,54.7,9.0,0.09,3,8.1,6.09,5.07,454.07
SH102256,2025-10-18,Hub_South,3,RoadRunner,Van,Standard,Clear,67.4,39.0,0.404,7,5.5,7.77,6.58,478.45
SH102257,2025-08-27,Hub_West,4,SwiftLine,Van,Standard,Clear,65.0,30.3,0.301,2,4.5,6.18,4.17,420.34
SH102258,2025-01-01,Hub_North,7,SwiftLine,Van,Standard,Rain,136.9,5.8,0.029,6,5.8,10.12,7.72,820.92
SH102259,2025-12-29,Hub_West,7,CargoPlus,Van,Standard,Storm,81.0,31.5,0.31,7,7.1,8.29,9.56,529.23
SH102260,2025-01-09,Hub_South,2,RoadRunner,Van,Standard,Rain,122.8,13.8,0.121,4,7.9,8.99,9.1,716.05
SH102261,2025-12-31,Hub_South,5,RoadRunner,Van,Express,Clear,31.7,21.4,0.094,4,5.9,5.51,4.12,330.92
SH102262,2025-01-12,Hub_West,3,RoadRunner,Bike,Standard,Clear,103.2,68.1,0.427,4,6.0,11.1,9.42,447.85
SH102263,2025-07-08,Hub_South,5,SwiftLine,Van,Standard,Clear,81.1,6.7,0.049,7,7.5,8.29,6.02,470.3
SH102264,2025-02-08,Hub_South,4,RoadRunner,Van,Standard,Clear,64.5,41.3,0.345,4,1.0,6.76,28.68,408.53
SH102265,2025-02-04,Hub_North,1,SwiftLine,Van,Express,,43.3,12.2,0.066,8,5.7,7.15,5.26,433.59
SH102266,2025-09-07,Hub_East,8,RoadRunner,Bike,Standard,Clear,92.7,10.4,0.085,2,4.3,9.81,8.13,379.11
SH102267,2025-09-23,Hub_East,6,SwiftLine,Van,Standard,Clear,86.6,16.2,0.189,4,5.6,7.6,4.89,521.96
SH102268,2025-02-13,Hub_North,4,SwiftLine,Truck,Standard,Rain,94.4,9.6,0.066,5,6.2,8.88,8.02,803.77
SH102269,2025-12-23,Hub_East,1,SwiftLine,Van,Standard,Clear,54.1,92.4,0.482,5,8.0,6.66,6.51,475.99
SH102270,2025-04-27,Hub_East,1,CargoPlus,Bike,Standard,Clear,109.7,6.2,0.048,4,2.7,11.53,9.34,403.6
SH102271,2025-04-27,Hub_South ,4,SwiftLine,Van,Standard,Clear,89.8,8.9,0.068,8,4.1,8.93,6.11,521.35
SH102272,2025-04-19,Hub_North,6,SwiftLine,Van,Standard,Clear,56.3,4.6,0.052,4,3.7,6.45,4.74,354.61
SH102273,2025-06-18,Hub_South,3,SwiftLine,Van,Standard,Clear,130.3,13.5,0.104,2,4.3,8.67,6.47,706.61
SH102274,2025-03-06,Hub_North,6,RoadRunner,Bike,Standard,Rain,75.6,27.4,0.163,4,2.8,9.28,7.85,320.49
SH102275,05/06/2025,Hub_North,4,RoadRunner,Van,Express,Clear,28.5,29.6,0.172,1,9.8,4.49,3.48,354.36
SH102276,2025-03-18,Hub_South,1,CargoPlus,Truck,Standard,Clear,56.3,32.2,0.138,3,7.2,6.55,5.91,596.87
SH102277,2025-01-19,Hub_North,5,RoadRunner,Van,Express,Clear,109.1,33.7,0.335,4,3.9,8.46,6.26,-813.58
SH102278,2025-05-15,Hub_North,2,RoadRunner,Van,Standard,Clear,57.1,49.4,0.303,1,,5.58,5.07,425.48
SH102279,2025-09-03,Hub_East,1,RoadRunner,Bike,Express,Clear,69.6,69.0,0.711,4,4.6,8.89,6.79,528.42
SH102280,2025-10-06,Hub_South,2,SwiftLine,Bike,Standard,Clear,110.7,38.8,0.326,2,5.8,11.0,8.53,428.72
SH102281,2025-05-09,Hub_West,3,CargoPlus,Truck,Express,Clear,57.4,26.6,0.258,8,4.0,8.1,6.5,647.74
SH102282,2025-04-29,Hub_West,5,CargoPlus,Truck,Standard,,,12.4,0.07,2,2.5,8.12,7.3,908.93
SH102283,2025-10-15,Hub_East,8,SwiftLine,Bike,Standard,Clear,38.0,28.7,0.15,4,4.4,6.8,3.5,227.91
SH102284,2025-09-06,Hub_West,2,RoadRunner,Truck,Standard,Clear,79.8,37.8,0.278,2,8.3,7.32,7.02,797.95
SH102285,2025-10-31,Hub_West,1,SwiftLine,Bike,Standard,Clear,77.6,20.8,0.143,4,2.5,9.41,6.69,311.62
SH102286,2025-11-27,Hub_South,2,RoadRunner,Van,Standard,Clear,83.0,43.4,0.349,4,7.7,7.47,6.3,539.48
SH102287,2025-10-27,Hub_East,3,CargoPlus,Van,Standard,Clear,87.8,33.3,0.333,4,6.6,7.65,6.54,538.44
SH102288,2025-12-08,Hub_North,2,CargoPlus,Van,Standard,Rain,71.0,14.3,0.161,4,4.7,7.01,7.19,428.34
SH102289,2025-06-02,Hub_East,3,SwiftLine,Van,Express,Clear,67.1,16.3,0.143,4,7.0,6.86,4.92,514.25
SH102290,2025-05-25,Hub_South,8,RoadRunner,Van,Standard,Clear,69.5,54.6,0.317,3,5.9,6.65,5.05,487.69
SH102291,2025-04-28,Hub_North,4,RoadRunner,Bike,Standard,Clear,,4.6,0.029,8,1.2,13.93,10.47,497.2
SH102292,2025-03-27,Hub_North,6,SwiftLine,Truck,Standard,,74.3,5.5,0.062,6,4.7,8.27,6.84,665.63
SH102293,2025-10-01,Hub_West,6,RoadRunner,Bike,Standard,Clear,172.7,10.8,0.061,5,4.7,15.98,14.06,610.97
SH102294,2025-09-18,Hub_South,2,RoadRunner,Bike,Standard,Clear,87.6,96.4,0.459,4,8.4,10.07,9.11,468.96
SH102295,2025-10-20,Hub_North,2,CargoPlus,Truck,Standard,Clear,74.3,34.1,0.388,7,4.7,8.57,7.87,710.27
SH102296,2025-03-03,Hub_North,4,cargoplus,Van,Express,Clear,39.6,16.1,0.068,6,5.1,6.41,4.01,391.12
SH102297,2025-06-29,Hub_South,4,SwiftLine,Van,Express,Clear,100.6,34.5,0.345,2,3.2,7.54,4.88,793.75
SH102298,2025-03-23,Hub_West,1,SwiftLine,Van,Standard,Clear,61.7,15.1,0.078,4,5.4,6.65,4.26,405.15
SH102299,2025-11-22,Hub_East,6,SwiftLine,Bike,Standard,,107.8,26.5,0.247,8,3.1,12.6,10.71,450.29
SH102300,2025-04-08,Hub_South,3,SwiftLine,Van,Express,Clear,49.3,17.6,0.097,8,,7.38,4.61,515.49
SH102301,2025-02-22,Hub_North,3,RoadRunner,Van,Standard,Clear,69.3,33.7,0.377,8,4.7,8.14,6.07,446.58
SH102302,2025-07-28,Hub_North,5,CargoPlus,Van,Standard,,60.5,22.3,0.098,7,3.1,7.51,6.41,400.08
SH102303,2025-11-17,Hub_South,8,RoadRunner,Van,Standard,Clear,97.0,16.4,0.106,8,8.0,9.2,8.16,592.28
SH102304,2025-12-01,Hub_West,7,RoadRunner,Truck,Standard,Clear,132.8,26.4,0.271,3,2.9,10.02,8.29,1193.37
SH102305,2025-02-05,Hub_East,8,SwiftLine,Truck,Standard,Clear,68.6,19.2,0.164,8,6.0,8.61,6.36,639.19
SH102306,2025-04-29,Hub_South,4,SwiftLine,Van,Standard,Clear,58.3,19.2,0.142,8,2.5,7.72,4.53,422.6
SH102307,2025-02-26,Hub_East,1,CargoPlus,Truck,Express,Clear,40.6,7.6,0.057,6,6.1,6.74,5.47,518.22
SH102308,2025-04-23,Hub_South,2,RoadRunner,Truck,Express,Clear,,33.1,0.265,6,7.6,7.4,6.62,737.78
SH102309,2025-07-14,Hub_East,3,SwiftLine,Truck,Standard,Clear,133.6,116.8,1.397,6,4.2,10.95,9.1,1328.96
SH102310,2025-04-13,Hub_South,3,CargoPlus,Van,Standard,Clear,69.1,27.3,0.256,1,3.1,6.04,5.16,495.92
SH102311,2025-01-25,Hub_East,2,RoadRunner,Bike,Express,Clear,85.6,20.1,0.159,1,3.2,9.04,6.16,506.03
SH102312,2025-07-06,Hub_South,2,SwiftLine,Bike,Standard,Rain,34.5,20.6,0.135,2,5.4,5.97,6.09,177.17
SH102313,2025-01-20,Hub_West,2,RoadRunner,Truck,Standard,Storm,33.9,,0.428,3,,5.54,6.91,413.95
SH102314,2025-03-24,Hub_South,6,RoadRunner,Van,Standard,Storm,31.9,1.6,0.018,1,7.6,4.62,5.65,239.76
SH102315,2025-01-01,Hub_North,4,SwiftLine,Truck,Standard,Clear,117.8,27.9,0.16,7,7.8,10.54,7.92,1066.44
SH102316,2025-02-01,Hub_North,1,CargoPlus,Van,Express,Clear,70.3,23.3,0.158,1,3.4,6.08,5.25,620.86
SH102317,2025-06-09,Hub_South,5,RoadRunner,Bike,Standard,Rain,48.5,22.2,0.1,3,7.7,7.2,6.63,206.0
SH102318,2025-11-07,Hub_South,7,RoadRunner,Van,Standard,Clear,102.0,25.8,0.233,1,7.5,7.29,7.11,624.1
SH102319,2025-10-10,Hub_East,4,CargoPlus,Truck,Standard,Clear,60.2,11.4,0.116,5,6.1,7.33,5.9,554.92
SH102320,06/02/2025,Hub_East,3,RoadRunner,Bike,Express,Rain,107.6,11.8,0.107,8,4.2,12.59,10.54,526.47
SH102321,2025-01-13,Hub_North,3,RoadRunner,Van,Standard,Clear,68.5,6.7,0.07,5,7.4,7.21,5.43,434.33
SH102322,2025-05-04,Hub_East,4,SwiftLine,Truck,Standard,Rain,108.3,33.7,0.343,5,4.1,9.51,7.53,991.82
SH102323,27/08/2025,Hub_East,3,SwiftLine,Bike,Standard,Storm,45.8,2.5,0.029,5,,7.62,7.92,187.23
SH102324,2025-09-30,Hub_South,8,SwiftLine,Van,Standard,Storm,84.2,28.9,0.22,3,4.7,7.21,7.59,515.7
SH102325,2025-10-28,Hub_South,8,SwiftLine,Van,Express,Clear,93.9,16.2,0.076,3,3.5,7.58,4.46,728.24
SH102326,2025-05-05,Hub_North,3,RoadRunner,Truck,Express,Clear,32.8,11.2,0.093,3,4.7,5.49,2.5,471.85
SH102327,03/03/2025,Hub_South,8,SwiftLine,Van,Express,Clear,70.4,26.6,0.27,8,9.4,8.19,6.35,575.76
SH102328,2025-01-10,Hub_East,7,SwiftLine,Bike,Standard,Clear,40.1,18.1,0.131,3,3.2,6.64,3.28,188.85
SH102329,2025-02-23,Hub_West,1,RoadRunner,Bike,Standard,Clear,34.4,26.2,0.199,2,7.5,5.97,4.7,170.18
SH102330,2025-01-24,Hub_East,4,SwiftLine,Van,Standard,Clear,62.3,12.0,0.119,5,7.2,6.98,4.24,376.22
SH102331,2025-11-11,Hub_North,6,RoadRunner,Van,Standard,Clear,85.9,31.1,0.129,7,5.1,8.48,7.58,528.97
SH102332,2025-04-08,Hub_East,4,RoadRunner,Bike,Standard,Clear,49.4,22.8,0.211,4,4.4,7.56,6.72,206.85
SH102333,2025-10-28,Hub_East,4,SwiftLine,Truck,Standard,Storm,63.7,42.1,0.407,1,3.0,6.29,7.06,664.35
SH102334,2025-07-21,Hub_South,4,SwiftLine,Bike,Standard,Rain,52.8,7.8,0.092,4,8.1,7.78,6.67,245.77
SH102335,2025-07-16,Hub_West,6,RoadRunner,Truck,Standard,Clear,104.1,18.0,0.177,7,3.1,9.92,7.35,915.81
SH102336,2025-06-15,Hub_North,3,SwiftLine,Truck,Standard,Clear,121.7,16.4,0.083,7,1.0,10.71,7.24,1114.88
SH102337,2025-10-27,Hub_North,5,RoadRunner,Van,Standard,Clear,189.0,36.4,0.291,7,6.1,12.41,11.09,1099.94
SH102338,2025-01-16,Hub_North,2,RoadRunner,Van,Standard,,114.0,48.9,0.354,5,2.8,8.95,7.47,754.57
SH102339,2025-02-03,Hub_North,8,RoadRunner,Bike,Standard,Clear,89.4,27.7,0.2,8,5.3,11.39,10.03,366.96
SH102340,2025-06-04,Hub_West,1,RoadRunner,Van,Standard,Rain,104.1,22.2,0.228,1,2.8,7.37,5.06,630.61
SH102341,2025-05-24,Hub_South,1,cargoplus,Van,Express,Rain,53.1,42.1,0.364,1,4.3,5.43,5.22,522.14
SH102342,2025-07-19,Hub_North,1,SwiftLine,Bike,Standard,Clear,61.7,19.3,0.19,6,5.6,8.97,7.21,298.18
SH102343,27/09/2025,Hub_South,3,CargoPlus,Van,Express,Rain,78.2,68.6,0.684,7,6.0,8.18,7.4,639.27
SH102344,2025-08-03,Hub_South ,5,CargoPlus,Bike,Standard,Storm,32.2,14.0,0.133,2,8.2,5.82,6.92,191.09
SH102345,2025-04-04,Hub_South,8,RoadRunner,Van,Express,Rain,51.1,4.0,0.04,3,5.5,5.95,4.68,426.77
SH102346,2025-04-30,Hub_North,4,SwiftLine,Van,Standard,Rain,175.6,7.7,0.044,2,5.7,10.4,9.21,1052.17
SH102347,2025-10-02,Hub_East,2,SwiftLine,Van,Express,Clear,61.9,18.5,0.089,2,5.0,6.06,2.88,548.01
SH102348,2025-03-15,Hub_North,3,CargoPlus,Bike,Express,Rain,29.7,90.2,0.477,1,7.3,5.36,5.56,353.29
SH102349,2025-07-04,Hub_East,2,SwiftLine,Bike,Standard,Rain,55.8,11.8,0.124,2,3.2,7.38,5.89,220.53
SH102350,2025-07-16,Hub_North,4,CargoPlus,Van,Standard,Clear,75.7,68.0,0.792,6,4.6,7.79,7.61,563.56
SH102351,2025-10-01,Hub_East,6,roadrunner,Van,Standard,Clear,87.1,27.5,0.316,6,5.5,8.22,6.76,581.22
SH102352,2025-09-18,Hub_West,1,RoadRunner,Van,Standard,Clear,68.6,11.7,0.048,8,3.7,8.12,5.11,445.58
SH102353,2025-06-19,Hub_North,7,roadrunner,Bike,Express,Clear,83.0,19.8,0.237,8,8.3,10.97,9.65,463.07
SH102354,2025-04-23,Hub_North,2,SwiftLine,Van,Express,Rain,50.8,45.1,0.5,2,6.1,5.64,3.3,486.57
SH102355,2025-05-15,Hub_West,6,RoadRunner,Truck,Standard,,123.3,21.6,0.121,6,3.0,10.49,7.75,1119.14
SH102356,2025-05-31,Hub_South,7,cargoplus,Van,Standard,Rain,110.8,12.0,0.102,4,6.3,8.53,7.53,664.37
SH102357,2025-03-22,Hub_East,7,SwiftLine,Van,Standard,Rain,27.4,18.8,0.223,3,8.1,5.05,4.45,179.49
SH102358,2025-08-17,Hub_North,6,CargoPlus,Van,Standard,Clear,42.7,51.9,0.403,6,,6.53,5.09,355.9
SH102359,2025-03-18,Hub_North,6,CargoPlus,Truck,Standard,Clear,102.2,107.7,1.252,4,8.2,8.93,9.92,1050.3
SH102360,2025-08-25,Hub_South,2,SwiftLine,Truck,Standard,Rain,80.5,43.5,0.363,5,6.0,8.25,6.71,819.55
SH102361,2025-10-02,Hub_West,2,RoadRunner,Bike,Express,Clear,78.5,71.1,0.48,2,,8.87,6.2,539.98
SH102362,2025-12-18,Hub_North,4,SwiftLine,Bike,Standard,Rain,73.7,42.7,0.226,4,7.9,9.16,8.54,340.23
SH102363,2025-02-13,Hub_East,5,RoadRunner,Bike,Standard,Rain,114.2,42.5,0.205,1,5.9,10.93,9.74,492.55
SH102364,2025-10-05,Hub_East,5,CargoPlus,Truck,Standard,Clear,79.3,36.3,0.35,1,6.3,6.99,7.1,780.25
SH102365,2025-02-01,Hub_North,7,CargoPlus,Bike,Standard,Clear,87.6,32.1,0.213,7,5.7,10.97,9.54,364.7
SH102366,2025-05-04,Hub_North,3,CargoPlus,Truck,Standard,,74.7,14.4,0.105,8,2.0,8.88,8.64,659.72
SH102367,06/03/2025,Hub_North,7,SwiftLine,Bike,Standard,Rain,44.7,25.7,0.295,1,6.3,6.35,5.28,215.03
SH102368,2025-03-01,Hub_South,4,RoadRunner,Van,Standard,Clear,105.5,43.4,0.243,6,6.0,8.93,7.97,672.67
SH102369,2025-03-06,Hub_East,2,SwiftLine,Van,Express,Storm,59.5,32.3,0.226,6,4.7,7.17,6.77,529.7
SH102370,2025-01-17,Hub_South,6,CargoPlus,Van,Standard,Clear,59.2,6.7,0.076,3,1.0,6.26,6.1,369.26
SH102371,2025-10-28,Hub_North,2,SwiftLine,Van,Standard,Clear,65.0,51.6,0.595,4,6.7,6.78,4.66,497.32
SH102372,2025-01-23,Hub_East,4,SwiftLine,Van,Standard,Clear,37.9,37.7,0.393,3,,5.45,1.85,331.58
SH102373,26/05/2025,Hub_East,7,SwiftLine,Van,Standard,Rain,162.7,49.7,0.351,1,3.2,9.61,8.17,992.23
SH102374,2025-09-13,Hub_South,7,SwiftLine,Van,Standard,Storm,102.0,11.6,0.058,7,3.1,9.09,8.33,584.13
SH102375,2025-12-28,Hub_East,3,SwiftLine,Van,Standard,,43.2,6.8,0.07,3,1.6,5.65,3.49,262.85
SH102376,2025-11-08,Hub_North,2,swiftline,Truck,Standard,,138.3,21.6,0.231,5,6.4,10.87,9.03,1276.83
SH102377,2025-02-20,Hub_East,1,CargoPlus,Truck,Express,Clear,54.7,33.3,0.324,1,10.0,5.88,4.7,695.49
SH102378,2025-12-27,Hub_South,1,CargoPlus,Van,Standard,Rain,59.1,64.2,0.43,1,4.3,5.66,5.6,426.44
SH102379,2025-08-27,Hub_South,7,swiftline,Van,Standard,Rain,54.3,30.4,0.28,6,7.1,6.97,6.37,344.54
SH102380,2025-03-07,Hub_North,7,cargoplus,Truck,Standard,Clear,126.3,82.3,0.792,4,5.3,10.02,9.24,1213.99
SH102381,2025-06-13,Hub_East,5,RoadRunner,Van,Standard,Rain,116.4,18.0,0.2,6,6.1,9.34,8.64,750.3
SH102382,2025-12-02,Hub_East,5,CargoPlus,Truck,Standard,Clear,65.9,36.2,0.185,8,5.4,8.49,7.24,661.31
SH102383,24/05/2025,Hub_South,3,SwiftLine,Truck,Standard,Rain,68.5,,0.033,8,7.1,8.6,8.48,623.9
SH102384,2025-03-09,Hub_West,2,RoadRunner,Bike,Express,Rain,100.0,45.5,0.329,1,3.1,9.99,8.95,540.56
SH102385,2025-11-16,Hub_West,1,SwiftLine,Bike,Standard,Clear,98.7,61.7,0.647,3,5.7,10.51,8.05,395.19
SH102386,2025-12-14,Hub_North,6,SwiftLine,Van,Standard,Storm,70.4,31.9,0.356,2,7.8,6.39,7.34,464.56
SH102387,2025-12-23,Hub_East,1,RoadRunner,Van,Standard,Clear,71.4,9.6,0.06,2,6.9,6.42,4.65,477.14
SH102388,2025-12-15,Hub_South,1,CargoPlus,Van,Standard,Storm,102.8,25.5,0.205,4,6.2,8.22,9.01,631.24
SH102389,2025-11-15,Hub_West,7,CargoPlus,Truck,Express,Clear,30.9,17.6,0.156,4,5.7,5.7,2.23,441.19
SH102390,2025-06-15,Hub_North,5,swiftline,Van,Standard,Rain,84.9,19.2,0.102,8,4.8,8.74,7.22,542.06
SH102391,2025-03-12,Hub_North,4,RoadRunner,Van,Express,Clear,82.4,25.3,0.262,7,4.8,8.34,6.06,620.52
SH102392,2025-08-14,Hub_South,2,cargoplus,Van,Standard,Clear,126.7,9.2,0.071,1,2.4,8.23,7.18,758.05
SH102393,2025-03-22,Hub_North,2,swiftline,Bike,Standard,Storm,88.5,30.0,0.335,5,6.5,10.43,11.78,344.51
SH102394,2025-06-22,Hub_East,4,SwiftLine,Van,Standard,Clear,92.9,,0.156,2,8.2,7.24,6.09,564.51
SH102395,2025-08-28,Hub_South,3,SwiftLine,Truck,Standard,Clear,51.6,34.3,0.366,8,6.1,7.84,6.53,517.16
SH102396,2025-12-12,Hub_North,5,SwiftLine,Bike,Standard,Rain,53.3,34.4,0.151,3,5.5,7.51,7.05,249.28
SH102397,2025-04-16,Hub_South,2,SwiftLine,Truck,Express,Clear,84.0,11.5,0.086,1,6.7,7.21,5.14,892.65
SH102398,2025-04-02,Hub_West,2,SwiftLine,Truck,Standard,Clear,24.5,20.7,0.152,8,1.3,6.61,5.31,275.39
SH102399,2025-09-26,Hub_East,1,RoadRunner,Bike,Standard,Storm,61.1,20.1,0.112,6,4.5,8.93,8.87,259.11
SH102400,2025-01-03,Hub_South,4,RoadRunner,Truck,Standard,Clear,39.3,24.7,0.21,6,5.4,6.68,5.03,411.68
SH102401,2025-07-26,Hub_North,3,CargoPlus,Truck,Standard,Clear,54.6,56.8,0.568,6,2.1,7.37,5.93,560.93
SH102402,30/09/2025,Hub_North,2,RoadRunner,Van,Standard,Clear,27.2,15.6,0.124,6,5.8,5.94,4.21,157.5
SH102403,2025-07-21,Hub_West,5,SwiftLine,Bike,Standard,Rain,41.4,20.6,0.22,2,1.8,6.43,4.79,201.1
SH102404,2025-05-21,Hub_East,4,CargoPlus,Van,Standard,Clear,120.3,34.7,0.22,6,6.9,9.49,9.8,733.04
SH102405,2025-10-30,Hub_East,2,RoadRunner,Van,Standard,Clear,40.0,26.6,0.17,2,6.0,5.23,4.56,308.61
SH102406,2025-05-16,Hub_West,6,RoadRunner,Bike,Standard,Clear,46.9,44.7,0.238,8,5.1,8.59,8.01,238.86
SH102407,2025-09-17,Hub_North,3,SwiftLine,Van,Standard,Clear,56.7,33.9,0.348,4,7.0,6.46,4.84,351.86
SH102408,2025-06-19,Hub_East,3,RoadRunner,Truck,Standard,Clear,93.3,20.5,0.106,8,5.8,9.73,8.17,858.75
SH102409,2025-01-10,Hub_North,4,RoadRunner,Van,Standard,Rain,65.0,28.3,0.147,3,6.5,6.48,6.46,463.41
SH102410,2025-07-13,Hub_North,2,RoadRunner,Van,Standard,Clear,31.5,52.3,0.212,2,6.1,4.9,4.23,294.29
SH102411,2025-01-19,Hub_South,4,CargoPlus,Truck,Express,Clear,25.6,10.0,0.071,3,3.8,5.16,3.71,356.09
SH102412,2025-12-06,Hub_South,5,CargoPlus,Bike,Express,Storm,60.9,10.9,0.082,5,8.6,8.61,11.23,354.5
SH102413,2025-08-08,Hub_West,2,CargoPlus,Bike,Express,Clear,64.4,12.1,0.092,6,8.0,9.14,8.22,370.6
SH102414,2025-05-16,Hub_South,5,RoadRunner,Van,Standard,Storm,105.9,21.1,0.214,1,6.4,7.44,8.15,647.39
SH102415,2025-06-27,Hub_West,1,CargoPlus,Van,Standard,Rain,42.1,22.9,0.168,1,5.8,5.01,4.54,288.94
SH102416,2025-08-15,Hub_East,5,CargoPlus,Bike,Express,Clear,133.8,57.4,0.232,3,7.0,12.82,12.48,624.62
SH102417,2025-04-05,Hub_East,1,SwiftLine,Truck,Standard,,31.7,17.5,0.155,6,8.0,6.34,5.06,330.51
SH102418,2025-04-16,Hub_West,2,RoadRunner,Bike,Standard,Clear,31.9,7.4,0.04,3,9.3,6.1,5.6,188.25
SH102419,2025-06-02,Hub_South,3,SwiftLine,Van,Standard,Clear,60.1,52.2,0.219,4,,6.59,5.22,427.29
SH102420,2025-04-05,Hub_South,5,SwiftLine,Van,Standard,Clear,104.2,17.0,0.174,8,7.6,9.48,7.19,605.81
SH102421,2025-10-04,Hub_North,6,swiftline,Van,Standard,Clear,78.4,40.3,0.24,2,,6.69,5.91,563.24
SH102422,2025-02-07,Hub_North,4,RoadRunner,Van,Standard,Clear,41.3,,0.47,2,2.3,5.28,4.8,380.69
SH102423,29/10/2025,Hub_West,2,SwiftLine,Bike,Standard,Rain,166.4,29.7,0.271,6,7.2,15.87,15.12,603.87
SH102424,2025-05-08,Hub_South,4,SwiftLine,Truck,Standard,Clear,76.7,,0.272,7,8.4,8.68,7.43,732.33
SH102425,2025-07-24,Hub_South,7,SwiftLine,Truck,Express,Clear,80.2,14.1,0.097,3,7.4,7.63,5.5,866.96
SH102426,2025-02-27,Hub_North,1,RoadRunner,Van,Standard,Clear,99.5,13.8,0.127,2,5.2,7.5,5.75,628.79
SH102427,21/05/2025,Hub_South,6,CargoPlus,Bike,Express,Clear,81.5,48.0,0.41,2,6.3,9.07,7.18,460.07
SH102428,2025-10-03,Hub_East ,4,CargoPlus,Van,Standard,Rain,55.4,32.9,0.338,8,6.9,7.61,7.98,390.01
SH102429,2025-04-09,Hub_North,1,RoadRunner,Van,Express,Rain,142.9,48.2,0.32,5,6.6,10.05,8.38,986.18
SH102430,2025-02-18,Hub_East,6,SwiftLine,Bike,Standard,Clear,,17.9,0.157,4,8.0,12.71,11.19,482.01
SH102431,2025-07-10,Hub_East,1,CargoPlus,Bike,Express,Clear,154.6,54.4,0.453,3,7.4,14.19,14.58,768.71
SH102432,2025-03-01,Hub_East,3,SwiftLine,Bike,Express,Clear,58.3,67.4,0.293,2,4.3,7.54,5.53,449.25
SH102433,2025-04-25,Hub_North,2,cargoplus,Van,Standard,Rain,140.3,9.3,0.04,3,5.6,9.35,9.2,803.42
SH102434,2025-06-14,Hub_East,5,RoadRunner,Van,Standard,Clear,40.3,9.8,0.11,7,4.5,6.74,4.98,300.26
SH102435,2025-07-25,Hub_North,1,roadrunner,Truck,Standard,Rain,71.0,42.0,0.383,4,5.8,7.52,6.22,687.02
SH102436,2025-08-22,Hub_South,1,SwiftLine,Van,Standard,Clear,98.0,28.6,0.255,8,1.8,9.24,6.88,630.88
SH102437,2025-09-04,Hub_East,5,SwiftLine,Van,Standard,Clear,35.8,22.0,0.219,5,9.4,5.97,4.68,248.29
SH102438,2025-11-05,Hub_East,8,RoadRunner,Bike,Standard,Clear,149.4,46.3,0.191,5,3.9,14.45,12.68,549.69
SH102439,2025-01-25,Hub_North,1,RoadRunner,Truck,Standard,Clear,55.5,16.0,0.094,6,,7.41,5.59,515.16
SH102440,2025-05-13,Hub_West,4,CargoPlus,Bike,Standard,Clear,130.3,16.8,0.155,2,5.7,12.29,10.87,412.92
SH102441,2025-01-01,Hub_North,7,RoadRunner,Bike,Express,Clear,37.6,10.4,0.101,4,2.7,6.78,4.7,267.78
SH102442,2025-01-04,Hub_East,3,RoadRunner,Van,Standard,Clear,70.3,,0.454,7,4.8,7.88,5.88,550.46
SH102443,2025-03-19,Hub_West,4,SwiftLine,Van,Express,Storm,50.3,8.7,0.063,5,5.8,6.52,6.84,378.35
SH102444,2025-08-07,Hub_South,7,RoadRunner,Truck,Standard,Clear,50.5,46.5,0.405,3,8.8,6.29,5.46,495.08
SH102445,2025-11-23,Hub_West,6,SwiftLine,Van,Standard,Rain,39.8,37.5,0.36,5,5.8,6.12,5.42,354.94
SH102446,2025-10-10,Hub_East,3,RoadRunner,Van,Standard,Clear,38.4,47.4,0.344,6,4.7,6.37,6.58,293.57
SH102447,2025-08-24,Hub_East,7,RoadRunner,Van,Express,Clear,42.2,11.1,0.094,8,3.2,7.11,27.900000000000002,397.56
SH102448,2025-10-12,Hub_East,6,CargoPlus,Van,Standard,Clear,41.5,24.1,0.112,7,9.8,6.78,6.23,301.61
SH102449,2025-03-04,Hub_East,5,RoadRunner,Van,Standard,Clear,117.0,14.2,0.076,1,5.7,7.86,6.45,662.18
SH102450,2025-11-03,Hub_North,4,SwiftLine,Van,Standard,Rain,125.1,63.5,0.646,5,5.7,9.37,7.45,843.04
SH102451,21/11/2025,Hub_East,8,CargoPlus,Bike,Standard,Clear,34.9,27.2,0.191,6,2.8,7.2,6.32,186.75
SH102452,2025-02-04,Hub_North,7,RoadRunner,Truck,Standard,Clear,62.6,17.4,0.178,6,6.5,7.74,5.0,580.59
SH102453,2025-06-21,Hub_West,8,RoadRunner,Bike,Standard,Clear,115.8,13.5,0.127,1,4.3,11.03,9.42,453.06
SH102454,2025-10-30,Hub_North,6,RoadRunner,Van,Standard,Rain,92.6,29.4,0.203,3,8.4,7.53,7.09,557.19
SH102455,2025-06-23,Hub_North ,3,CargoPlus,Truck,Express,Rain,60.4,17.5,0.178,3,6.4,6.74,5.61,698.86
SH102456,2025-11-03,Hub_West,1,SwiftLine,Van,Standard,Clear,51.3,19.0,0.095,2,5.8,5.66,3.83,323.38
SH102457,2025-12-08,Hub_North,2,RoadRunner,Van,Standard,Rain,35.2,23.2,0.123,7,2.9,6.54,5.01,234.69
SH102458,2025-06-23,Hub_South,8,CargoPlus,Van,Standard,Clear,145.5,87.8,0.639,4,5.3,9.85,9.28,1013.23
SH102459,2025-01-22,Hub_East,3,SwiftLine,Bike,Express,Clear,80.8,26.3,0.243,3,5.1,9.33,6.03,458.53
SH102460,2025-05-05,Hub_North,1,CargoPlus,Truck,Standard,Clear,74.2,17.0,0.108,5,5.7,7.96,6.14,718.19
SH102461,2025-03-20,Hub_North,2,SwiftLine,Van,Standard,Clear,45.2,26.3,0.173,1,1.6,5.12,2.93,312.42
SH102462,2025-06-23,Hub_South,1,SwiftLine,Truck,Standard,Clear,67.5,14.8,0.161,2,3.7,6.76,5.3,608.74
SH102463,2025-08-02,Hub_North,5,SwiftLine,Bike,Express,Rain,116.6,63.1,0.707,5,4.5,12.28,10.83,543.54
SH102464,2025-06-19,Hub_North,5,CargoPlus,Van,Standard,Storm,33.3,41.1,0.464,2,6.5,4.97,6.42,272.77
SH102465,2025-03-13,Hub_North,4,CargoPlus,Van,Standard,Clear,44.8,9.2,0.038,4,1.6,6.01,4.52,257.82
SH102466,2025-04-20,Hub_South,6,SwiftLine,Bike,Express,Clear,36.8,40.9,0.425,3,8.3,6.43,4.17,337.38
SH102467,2025-09-06,Hub_South,4,SwiftLine,Van,Standard,Clear,131.0,29.9,0.302,8,8.0,10.5,8.4,770.04
SH102468,2025-01-10,Hub_North,8,SwiftLine,Truck,Standard,Clear,32.7,36.1,0.219,8,3.5,6.98,4.44,380.19
SH102469,2025-03-20,Hub_East,7,SwiftLine,Bike,Standard,Clear,78.9,51.1,0.297,8,10.0,10.7,10.21,415.48
SH102470,2025-11-22,Hub_East,1,RoadRunner,Truck,Standard,Clear,37.0,11.9,0.051,4,6.0,5.98,4.14,441.81
SH102471,2025-02-06,Hub_North,3,swiftline,Van,Standard,Clear,75.1,23.9,0.253,3,5.3,6.87,4.95,494.52
SH102472,2025-06-01,Hub_South,7,SwiftLine,Van,Standard,Rain,36.4,34.8,0.308,5,6.7,5.99,4.54,288.64
SH102473,2025-03-17,Hub_West,5,SwiftLine,Van,Standard,Clear,53.4,47.6,0.196,7,6.3,7.24,6.14,382.81
SH102474,2025-02-08,Hub_East,7,roadrunner,Van,Standard,Clear,140.9,39.0,0.226,7,5.7,10.58,9.62,850.01
SH102475,2025-06-04,Hub_South,3,RoadRunner,Van,Standard,Rain,86.2,23.4,0.249,5,3.3,7.89,7.86,523.89
SH102476,2025-07-10,Hub_South,1,RoadRunner,Van,Standard,Clear,73.2,,0.44,5,4.6,7.39,6.96,549.52
SH102477,2025-03-06,Hub_North,7,RoadRunner,Van,Standard,Clear,83.4,21.9,0.238,5,6.2,7.78,5.91,519.56
SH102478,2025-01-29,Hub_West,7,CargoPlus,Van,Standard,Clear,146.5,,0.1,4,,9.89,8.7,926.78
SH102479,2025-02-19,Hub_West,6,RoadRunner,Van,Standard,,75.5,4.7,0.055,1,8.4,6.28,5.39,438.61
SH102480,2025-08-26,Hub_West,4,CargoPlus,Van,Express,Rain,113.0,10.3,0.058,3,4.6,8.31,6.64,792.4
SH102481,2025-11-11,Hub_North,1,RoadRunner,Bike,Standard,Clear,114.6,22.1,0.142,7,5.7,12.75,11.31,405.95
SH102482,2025-03-07,Hub_South,6,SwiftLine,Bike,Standard,Clear,107.5,10.9,0.124,7,4.2,12.29,9.38,412.57
SH102483,2025-04-27,Hub_North,6,CargoPlus,Van,Express,Clear,194.1,6.4,0.042,5,7.7,12.01,11.38,1231.44
SH102484,2025-05-06,Hub_South,6,roadrunner,Truck,Standard,Clear,93.9,12.4,0.109,8,4.9,9.75,8.57,854.67
SH102485,2025-05-12,Hub_South,2,RoadRunner,Bike,Standard,Rain,,67.2,0.454,8,4.3,12.72,11.7,476.73
SH102486,2025-03-31,Hub_East,6,SwiftLine,Van,Standard,Rain,53.9,8.9,0.088,5,5.6,6.66,4.37,362.83
SH102487,2025-01-21,Hub_North,6,RoadRunner,Van,Standard,Clear,70.5,9.7,0.063,7,2.2,7.89,6.5,458.09
SH102488,2025-07-11,Hub_West,7,CargoPlus,Van,Standard,Clear,68.8,,0.346,2,6.6,6.33,5.4,503.58
SH102489,2025-05-11,Hub_North,5,SwiftLine,Van,Standard,,44.7,34.4,0.161,4,4.9,6.01,5.03,310.49
SH102490,2025-05-05,Hub_North ,6,SwiftLine,Van,Standard,Rain,47.0,24.1,0.274,4,10.0,6.09,5.38,340.26
SH102491,2025-04-07,Hub_West,4,swiftline,Van,Standard,Clear,68.3,43.5,0.489,7,4.3,7.81,6.16,464.12
SH102492,2025-12-06,Hub_East,6,RoadRunner,Truck,Standard,Clear,77.3,27.0,0.282,4,5.0,7.8,5.98,768.07
SH102493,2025-08-11,Hub_South,6,CargoPlus,Bike,Standard,Clear,143.9,0.7,0.008,3,7.5,13.48,12.25,507.64
SH102494,2025-06-02,Hub_East,7,RoadRunner,Van,Express,Clear,44.6,16.0,0.141,4,7.1,6.0,4.23,435.21
SH102495,16/03/2025,Hub_North ,7,CargoPlus,Van,Standard,Clear,43.4,98.0,0.459,7,7.6,6.86,7.29,408.98
SH102496,2025-10-20,Hub_North,1,RoadRunner,Truck,Standard,Clear,33.8,27.0,0.123,5,4.9,6.13,4.71,344.76
SH102497,2025-11-21,Hub_South,7,SwiftLine,Truck,Standard,Clear,100.6,53.6,0.551,1,3.2,7.96,5.79,971.98
SH102498,2025-01-12,Hub_South,7,SwiftLine,Bike,Standard,Clear,159.9,56.2,0.457,1,10.0,13.94,13.69,660.98
SH102499,2025-12-06,Hub_East,5,SwiftLine,Bike,Standard,Clear,66.4,38.5,0.239,3,6.5,8.38,7.12,287.14
SH102500,2025-09-13,Hub_North,5,RoadRunner,Van,Standard,Clear,79.0,24.9,0.107,7,6.0,8.21,7.21,542.35
SH102501,2025-02-06,Hub_East,6,SwiftLine,Truck,Standard,Clear,67.1,13.2,0.157,7,7.1,8.24,6.37,643.06
SH102502,2025-10-02,Hub_East,4,SwiftLine,Bike,Standard,Clear,95.9,8.9,0.042,2,2.9,10.02,6.51,308.58
SH102503,2025-02-09,Hub_North,4,CargoPlus,Van,Standard,Rain,40.3,55.0,0.38,1,4.6,4.94,5.18,315.76
SH102504,2025-01-19,Hub_North,7,RoadRunner,Van,Standard,Clear,86.4,33.0,0.312,3,3.4,7.3,5.78,618.61
SH102505,2025-02-12,Hub_South,7,SwiftLine,Van,Standard,Rain,67.1,33.2,0.298,7,5.8,7.76,6.75,452.5
SH102506,2025-06-17,Hub_East,2,RoadRunner,Van,Standard,Rain,102.3,38.3,0.192,4,2.7,8.2,6.55,633.67
SH102507,2025-08-15,Hub_East,7,RoadRunner,Bike,Express,Rain,100.5,19.6,0.176,1,6.8,10.02,9.27,487.24
SH102508,2025-05-29,Hub_East,3,CargoPlus,Truck,Standard,Clear,81.7,48.4,0.324,5,7.9,8.3,8.05,798.81
SH102509,2025-02-14,Hub_South,2,RoadRunner,Bike,Standard,Clear,61.9,28.3,0.152,6,7.8,8.98,8.26,300.65
SH102510,2025-03-14,Hub_North,8,SwiftLine,Truck,Standard,Rain,45.4,,0.189,1,6.4,5.46,4.46,447.14
SH102511,2025-11-08,Hub_South,2,SwiftLine,Bike,Express,Clear,99.5,33.6,0.376,6,5.9,11.46,9.78,506.05
SH102512,2025-12-18,Hub_North,2,SwiftLine,Van,Standard,Rain,71.6,49.5,0.496,7,4.7,7.93,6.96,446.46
SH102513,2025-10-03,Hub_East,3,RoadRunner,Van,Standard,Clear,70.9,20.5,0.109,1,6.4,6.11,5.72,435.9
SH102514,2025-02-07,Hub_North,4,RoadRunner,Van,Standard,Clear,57.3,97.5,0.526,1,,5.59,5.16,474.19
SH102515,2025-10-27,Hub_North,2,RoadRunner,Van,Standard,Clear,133.0,8.6,0.067,7,1.8,10.28,6.99,791.58
SH102516,2025-09-10,Hub_South,2,RoadRunner,Van,Standard,Clear,135.9,,0.153,4,4.3,9.49,8.34,848.97
SH102517,2025-07-12,Hub_South,4,SwiftLine,Bike,Standard,Clear,59.5,14.6,0.061,1,7.1,7.32,5.46,286.81
SH102518,2025-02-22,Hub_East,2,SwiftLine,Van,Standard,Rain,48.6,28.8,0.173,2,3.2,5.55,4.15,317.86
SH102519,2025-12-30,Hub_South,2,SwiftLine,Truck,Standard,Rain,62.1,42.1,0.204,7,3.2,8.01,7.38,630.13
SH102520,2025-06-11,Hub_West,8,RoadRunner,Van,Standard,Clear,50.5,192.4,1.611,7,5.1,7.13,6.64,591.12
SH102521,2025-01-17,Hub_West,5,RoadRunner,Van,Express,Clear,85.5,5.9,0.026,8,1.2,8.76,4.79,613.51
SH102522,2025-03-18,Hub_West,1,CargoPlus,Van,Standard,Clear,70.5,,0.068,6,7.0,7.59,6.53,466.53
SH102523,2025-05-27,Hub_East,1,SwiftLine,Van,Standard,Clear,97.2,37.7,0.168,6,6.8,8.61,7.21,669.99
SH102524,2025-01-23,Hub_East,7,RoadRunner,Truck,Standard,Storm,59.8,50.3,0.415,8,7.4,8.21,10.2,619.32
SH102525,2025-04-29,Hub_East,3,SwiftLine,Van,Standard,Rain,201.4,18.8,0.128,8,5.9,13.18,12.0,1162.08
SH102526,2025-06-20,Hub_South,2,RoadRunner,Truck,Standard,Clear,34.7,10.8,0.05,1,3.8,4.97,2.11,387.42
SH102527,2025-12-13,Hub_South,6,SwiftLine,Truck,Standard,Rain,69.3,38.6,0.264,6,3.0,8.04,6.1,694.01
SH102528,2025-02-01,Hub_East,7,RoadRunner,Van,Standard,Clear,181.7,16.4,0.066,7,,12.13,10.06,1031.93
SH102529,2025-07-30,Hub_North,4,SwiftLine,Van,Standard,Storm,97.9,60.8,0.645,8,6.9,9.24,9.14,658.72
SH102530,2025-12-01,Hub_North,6,swiftline,Van,Standard,Clear,64.5,35.7,0.247,1,,5.86,3.82,435.68
SH102531,2025-10-22,Hub_West,4,RoadRunner,Truck,Standard,Clear,83.2,37.9,0.353,7,3.0,8.97,7.49,779.11
SH102532,2025-12-04,Hub_North,1,SwiftLine,Bike,Standard,Rain,38.3,56.0,0.542,5,5.5,7.12,6.95,220.98
SH102533,2025-03-04,Hub_South,7,RoadRunner,Bike,Standard,Clear,71.4,83.7,0.706,6,5.8,9.61,9.08,368.92
SH102534,2025-10-20,Hub_East,8,SwiftLine,Bike,Express,Clear,37.9,12.6,0.11,8,7.4,8.0,5.25,319.19
SH102535,2025-12-24,Hub_North,8,cargoplus,Truck,Standard,Clear,28.5,21.7,0.161,8,6.8,6.79,6.52,305.27
SH102536,2025-04-30,Hub_West,1,SwiftLine,Van,Standard,Clear,128.8,60.8,0.441,2,5.3,8.61,6.89,835.67
SH102537,2025-07-02,Hub_North,5,RoadRunner,Bike,Standard,Clear,51.8,27.8,0.179,4,7.6,7.71,6.74,268.87
SH102538,2025-07-13,Hub_West,5,CargoPlus,Van,Standard,Clear,36.6,17.9,0.082,4,4.8,5.7,4.29,258.89
SH102539,30/06/2025,Hub_East,1,RoadRunner,Truck,Express,,60.4,25.6,0.174,4,4.9,7.04,4.86,679.17
SH102540,2025-04-16,Hub_North,8,SwiftLine,Truck,Standard,Rain,94.9,79.3,0.611,4,7.2,8.6,8.12,981.27
SH102541,2025-12-21,Hub_North,1,RoadRunner,Bike,Standard,Clear,38.0,26.5,0.134,7,,7.7,5.72,189.19
SH102542,2025-12-16,Hub_South,3,SwiftLine,Van,Standard,Clear,55.1,41.0,0.462,8,7.5,7.6,6.44,444.99
SH102543,2025-05-19,Hub_South,8,RoadRunner,Van,Standard,Clear,100.6,21.3,0.087,6,5.1,8.74,7.29,648.34
SH102544,2025-10-21,Hub_North,5,RoadRunner,Van,Standard,Clear,73.0,7.4,0.043,6,5.6,7.69,6.61,465.09
SH102545,26/05/2025,Hub_West,6,CargoPlus,Bike,Standard,Storm,130.5,49.3,0.465,2,3.8,12.3,75.84,532.28
SH102546,2025-10-18,Hub_North,4,CargoPlus,Bike,Standard,Clear,101.3,21.3,0.226,3,7.3,10.68,10.53,422.05
SH102547,2025-08-02,Hub_West,7,SwiftLine,Truck,Standard,Clear,89.9,53.0,0.413,3,4.3,8.07,5.28,884.58
SH102548,2025-06-21,Hub_North,1,SwiftLine,Van,Express,Clear,99.6,39.7,0.346,1,1.5,7.2,4.5,709.09
SH102549,2025-02-16,Hub_West,6,SwiftLine,Bike,Standard,Clear,34.1,33.5,0.207,5,4.6,6.85,5.39,193.48
SH102550,2025-08-27,Hub_North,1,RoadRunner,Van,Standard,Clear,68.8,63.8,0.742,6,3.8,7.53,5.69,522.01
SH102551,2025-04-28,Hub_South,2,SwiftLine,Bike,Standard,Clear,168.8,21.4,0.196,1,1.0,14.53,10.57,585.02
SH102552,2025-03-21,Hub_East,5,RoadRunner,Van,Standard,Clear,57.6,48.5,0.245,4,4.4,6.5,6.22,489.51
SH102553,2025-03-12,Hub_North,4,RoadRunner,Van,Standard,Clear,69.4,26.7,0.264,5,7.1,7.25,5.76,455.42
SH102554,2025-12-25,Hub_West,2,CargoPlus,Bike,Standard,Clear,52.2,20.1,0.101,4,6.3,7.74,7.71,249.22
SH102555,2025-02-07,Hub_North,7,RoadRunner,Bike,Standard,Clear,52.0,37.2,0.269,2,6.3,7.13,5.02,287.79
SH102556,2025-10-19,Hub_South,3,SwiftLine,Truck,Standard,Clear,106.5,18.3,0.145,1,8.4,8.23,6.87,985.97
SH102557,2025-11-13,Hub_South,7,SwiftLine,Truck,Express,Clear,165.3,22.0,0.215,2,4.3,11.19,6.53,1593.18
SH102558,2025-01-12,Hub_East,1,RoadRunner,Bike,Standard,Clear,138.8,,0.362,8,3.2,14.65,12.52,536.46
SH102559,2025-08-04,Hub_North,2,SwiftLine,Van,Express,Clear,27.0,61.6,0.429,8,6.5,6.53,3.57,389.91
SH102560,2025-07-30,Hub_North,3,SwiftLine,Bike,Standard,Clear,67.2,65.8,0.619,6,6.2,9.33,6.75,344.8
SH102561,2025-05-11,Hub_North,5,SwiftLine,Truck,Standard,Clear,58.2,11.2,0.105,3,3.0,6.64,4.51,521.7
SH102562,2025-09-01,Hub_South,4,RoadRunner,Truck,Standard,Clear,39.9,19.4,0.106,1,5.1,5.21,4.49,399.81
SH102563,2025-05-30,Hub_North,2,CargoPlus,Van,Standard,Clear,108.7,43.1,0.394,8,6.6,9.65,8.71,668.12
SH102564,2025-06-10,Hub_West,5,swiftline,Van,Standard,Clear,60.3,17.4,0.192,4,6.0,6.6,4.83,395.89
SH102565,2025-06-07,Hub_South,8,swiftline,Van,Standard,Clear,42.3,19.1,0.161,5,7.0,6.21,5.51,289.21
SH102566,2025-10-20,Hub_East,2,roadrunner,Bike,Standard,Clear,83.6,,0.203,8,4.2,11.01,8.55,356.32
SH102567,2025-08-20,Hub_South,3,SwiftLine,Van,Standard,Clear,37.8,41.8,0.384,8,2.7,6.94,4.45,269.03
SH102568,2025-05-19,Hub_North,4,CargoPlus,Bike,Express,Clear,120.5,32.9,0.344,5,3.7,12.54,10.78,568.45
SH102569,2025-12-05,Hub_South,6,RoadRunner,Van,Standard,Clear,125.0,66.4,0.385,6,7.2,9.67,9.13,797.45
SH102570,2025-10-20,Hub_North,2,RoadRunner,Van,Standard,Rain,98.7,30.0,0.159,5,7.6,8.37,9.03,624.48
SH102571,2025-12-07,Hub_South,2,CargoPlus,Bike,Standard,Clear,88.1,33.3,0.307,4,5.2,10.11,8.24,362.41
SH102572,2025-09-24,Hub_South,2,RoadRunner,Van,Standard,Clear,66.9,26.7,0.114,2,8.5,6.25,4.26,472.74
SH102573,2025-05-23,Hub_South,5,SwiftLine,Truck,Standard,Clear,80.9,36.0,0.382,1,5.2,7.07,4.43,779.1
SH102574,2025-10-10,Hub_West,1,RoadRunner,Van,Standard,Clear,66.1,20.3,0.13,8,4.5,8.02,6.85,431.97
SH102575,2025-05-01,Hub_North ,6,RoadRunner,Van,Standard,Rain,33.3,37.3,0.182,8,2.7,6.77,6.88,248.99
SH102576,2025-04-09,Hub_South,4,RoadRunner,Truck,Standard,Clear,96.4,,0.173,4,,8.67,7.76,876.12
SH102577,2025-06-14,Hub_North ,3,CargoPlus,Bike,Express,Clear,133.6,58.3,0.337,6,7.6,13.71,13.4,635.78
SH102578,2025-12-20,Hub_South,7,swiftline,Van,Standard,Clear,52.3,27.9,0.201,1,8.0,5.4,4.66,379.05
SH102579,2025-07-27,Hub_East,7,RoadRunner,Van,Express,Rain,104.3,74.3,0.543,2,7.6,7.68,7.04,858.44
SH102580,2025-05-21,Hub_North,7,SwiftLine,Bike,Standard,Storm,70.4,57.6,0.608,7,6.5,9.84,9.6,308.23
SH102581,2025-06-18,Hub_East,8,SwiftLine,Truck,Express,Clear,54.3,34.0,0.208,8,8.7,7.96,4.94,670.26
SH102582,2025-04-17,Hub_South,2,RoadRunner,Van,Express,Clear,24.0,44.3,0.402,5,3.6,5.52,2.86,351.41
SH102583,2025-08-29,Hub_North,7,CargoPlus,Van,Express,Clear,97.9,37.9,0.454,4,7.9,8.04,5.84,781.62
SH102584,2025-05-08,Hub_West,2,RoadRunner,Bike,Standard,Storm,885.0,11.4,0.1,6,6.1,10.73,10.82,314.17
SH102585,2025-07-22,Hub_South,3,SwiftLine,Truck,Standard,Clear,41.9,33.0,0.169,1,5.9,5.3,3.1,423.35
SH102586,2025-05-15,Hub_East,5,SwiftLine,Truck,Express,Clear,61.9,31.8,0.199,3,2.7,6.8,4.42,737.27
SH102587,2025-04-28,Hub_South,6,RoadRunner,Bike,Standard,Clear,70.1,26.5,0.219,3,6.2,8.62,7.55,289.22
SH102588,2025-12-21,Hub_West,5,RoadRunner,Van,Standard,Clear,82.9,39.9,0.262,5,7.8,7.76,7.78,540.93
SH102589,2025-05-07,Hub_North,5,CargoPlus,Bike,Standard,Clear,114.6,33.5,0.272,7,1.2,12.75,9.3,442.28
SH102590,2025-01-26,Hub_South,4,RoadRunner,Van,Standard,Rain,64.9,35.1,0.293,1,7.1,5.88,5.91,459.15
SH102591,2025-05-19,Hub_East,5,CargoPlus,Van,Standard,Clear,30.8,71.9,0.711,4,1.0,5.48,5.6,338.46
SH102592,2025-07-14,Hub_South,4,CargoPlus,Bike,Standard,Clear,71.8,30.2,0.271,7,2.7,9.93,7.94,309.98
SH102593,2025-02-04,Hub_South,4,SwiftLine,Van,Standard,Storm,57.7,49.1,0.471,7,5.3,7.4,7.87,419.32
SH102594,2025-04-22,Hub_West,5,roadrunner,Truck,Standard,Storm,47.9,27.7,0.159,7,8.7,7.37,9.57,502.54
SH102595,2025-03-02,Hub_East,5,RoadRunner,Van,Standard,Clear,106.2,72.8,0.538,4,5.2,8.35,7.15,731.19
SH102596,2025-07-02,Hub_East,3,CargoPlus,Bike,Standard,Clear,45.5,,0.458,8,6.4,8.5,8.63,250.05
SH102597,2025-09-21,Hub_East,2,RoadRunner,Truck,Express,Rain,36.1,34.0,0.341,2,3.7,5.34,3.33,542.79
SH102598,2025-12-20,Hub_West,3,roadrunner,Bike,Standard,Clear,55.5,18.6,0.101,7,5.1,8.86,8.24,216.97
SH102599,2025-05-23,Hub_West,4,SwiftLine,Van,Standard,Storm,69.4,73.8,0.333,2,5.4,6.35,8.17,518.44
SH102600,2025-11-12,Hub_East,2,RoadRunner,Van,Standard,Clear,73.9,55.1,0.508,6,8.8,7.72,6.5,499.07
SH102601,2025-03-20,Hub_North,2,CargoPlus,Bike,Standard,Rain,121.4,17.5,0.132,8,4.0,13.5,12.19,439.57
SH102602,2025-10-12,Hub_North,8,cargoplus,Bike,Standard,Clear,50.6,8.8,0.064,6,4.2,8.24,6.1,182.37
SH102603,2025-07-25,Hub_East,3,SwiftLine,Bike,Standard,Clear,98.4,24.1,0.101,2,,10.19,8.59,379.17
SH102604,2025-10-04,Hub_West,6,SwiftLine,Bike,Standard,Rain,55.6,14.6,0.103,8,5.0,9.16,6.86,247.61
SH102605,2025-10-03,Hub_South,2,CargoPlus,Van,Standard,Clear,25.8,26.0,0.141,8,5.7,6.48,4.48,152.52
SH102606,2025-07-14,Hub_North,8,RoadRunner,Truck,Standard,Clear,115.8,47.1,0.201,4,6.4,9.55,7.78,1082.08
SH102607,2025-04-04,Hub_North,2,CargoPlus,Bike,Express,Clear,33.2,54.9,0.395,3,4.2,6.19,5.46,340.85
SH102608,2025-07-12,Hub_South,4,SwiftLine,Van,Standard,Clear,78.9,8.1,0.086,6,1.4,7.91,4.12,478.4
SH102609,2025-10-29,Hub_West,7,CargoPlus,Van,Standard,Clear,35.1,10.8,0.12,8,7.7,6.84,6.69,206.28
SH102610,2025-12-21,Hub_North,2,RoadRunner,Bike,Standard,Clear,86.3,14.2,0.084,8,5.7,11.19,10.12,359.93
SH102611,2025-12-05,Hub_East,5,SwiftLine,Van,Standard,Clear,39.2,,0.202,1,2.9,4.9,3.84,324.8
SH102612,08/03/2025,Hub_East,7,SwiftLine,Van,Standard,Clear,30.0,57.3,0.274,2,7.1,4.84,3.72,313.81
SH102613,2025-08-07,Hub_West,1,RoadRunner,Van,Express,Clear,62.5,27.8,0.313,5,9.5,6.98,6.51,528.71
SH102614,2025-02-08,Hub_North,1,SwiftLine,Van,Standard,Rain,21.8,7.9,0.036,7,7.9,6.03,4.07,175.27
SH102615,2025-09-02,Hub_West,7,CargoPlus,Van,Standard,Clear,65.3,35.3,0.406,1,9.7,5.89,6.44,430.33
SH102616,2025-12-29,Hub_East,3,RoadRunner,Truck,Standard,Rain,98.1,21.2,0.194,6,,9.35,9.93,876.72
SH102617,2025-01-20,Hub_East ,8,RoadRunner,Bike,Standard,Clear,168.0,21.4,0.22,3,6.0,15.07,13.44,579.44
SH102618,2025-08-28,Hub_North,8,SwiftLine,Truck,Standard,Clear,75.8,32.4,0.187,3,6.2,7.43,5.73,734.68
SH102619,2025-12-12,Hub_South,8,CargoPlus,Bike,Standard,Clear,67.5,41.0,0.363,7,5.3,9.65,8.12,334.3
SH102620,2025-11-06,Hub_East,8,RoadRunner,Bike,Standard,Clear,118.0,53.4,0.26,3,4.8,11.78,10.28,524.52
SH102621,2025-05-24,Hub_South,7,CargoPlus,Bike,Standard,Clear,37.6,58.3,0.54,2,1.0,6.18,5.18,240.7
SH102622,2025-02-07,Hub_South,4,CargoPlus,Truck,Standard,Rain,45.8,,0.431,8,8.9,7.58,6.54,480.85
SH102623,2025-12-04,Hub_East,8,RoadRunner,Van,Standard,Clear,97.0,45.5,0.482,8,2.3,9.2,7.73,634.78
SH102624,2025-12-03,Hub_East,3,CargoPlus,Truck,Standard,Clear,54.8,10.3,0.094,8,7.3,7.98,7.7,544.5
SH102625,2025-07-31,Hub_North,5,RoadRunner,Van,Standard,Rain,60.0,43.2,0.509,5,5.5,6.89,5.99,471.04
SH102626,2025-12-24,Hub_South,1,RoadRunner,Van,Standard,Clear,71.5,26.3,0.208,3,5.4,6.73,5.14,499.5
SH102627,2025-01-02,Hub_North,8,SwiftLine,Truck,Standard,Rain,39.9,57.7,0.486,6,5.1,6.71,6.46,486.9
SH102628,2025-08-14,Hub_West,5,swiftline,Truck,Standard,Clear,30.4,20.2,0.093,7,5.9,6.58,4.15,360.72
SH102629,2025-01-15,Hub_West,8,RoadRunner,Truck,Standard,Clear,44.4,24.9,0.121,3,6.8,6.01,5.28,454.1
SH102630,08/12/2025,Hub_North,3,SwiftLine,Van,Standard,,57.6,18.3,0.099,5,7.4,6.8,5.26,389.46
SH102631,06/09/2025,Hub_North,3,RoadRunner,Truck,Express,Clear,86.4,20.8,0.103,8,5.2,9.42,8.63,950.02
SH102632,2025-11-30,Hub_North,5,CargoPlus,Bike,Standard,Clear,68.9,65.3,0.333,5,3.1,9.14,7.89,364.77
SH102633,2025-07-25,Hub_South,7,RoadRunner,Truck,Standard,Storm,95.3,19.0,0.116,7,3.0,9.52,9.53,898.33
SH102634,2025-01-31,Hub_West,5,SwiftLine,Truck,Standard,Clear,68.4,30.6,0.191,1,7.6,6.5,5.21,649.05
SH102635,2025-01-10,Hub_South,7,RoadRunner,Van,Standard,Storm,102.2,20.2,0.193,8,5.0,9.4,10.24,665.34
SH102636,2025-05-03,Hub_North,2,SwiftLine,Bike,Standard,Clear,60.4,30.6,0.241,8,3.5,9.48,8.14,263.65
SH102637,2025-09-29,Hub_North,7,CargoPlus,Bike,Standard,Clear,23.0,35.3,0.403,2,4.0,5.22,5.3,190.83
SH102638,2025-02-25,Hub_North,6,RoadRunner,Truck,Standard,Clear,50.1,42.9,0.289,4,5.3,6.57,4.96,523.67
SH102639,2025-11-08,Hub_West,8,RoadRunner,Truck,Express,Storm,,28.7,0.129,3,2.9,7.28,7.23,802.24
SH102640,2025-03-29,Hub_East,1,RoadRunner,Van,Express,Clear,91.0,69.2,0.744,5,5.4,8.07,6.08,707.54
SH102641,2025-07-01,Hub_East,4,RoadRunner,Truck,Standard,Rain,52.6,8.7,0.093,7,8.0,7.58,6.59,493.83
SH102642,2025-03-16,Hub_South,1,SwiftLine,Van,Standard,Clear,,18.4,0.127,2,5.3,6.61,2.74,453.68
SH102643,2025-06-20,Hub_West,4,SwiftLine,Truck,Express,Rain,56.1,17.9,0.082,6,2.0,7.44,6.27,638.84
SH102644,2025-06-15,Hub_South,7,RoadRunner,Bike,Standard,Rain,46.1,15.0,0.166,2,7.2,6.74,5.96,221.25
SH102645,2025-01-02,Hub_West,6,CargoPlus,Bike,Express,Clear,91.0,40.8,0.468,4,,10.3,9.13,470.37
SH102646,2025-07-27,Hub_West,7,SwiftLine,Van,Standard,Clear,82.7,18.0,0.216,5,7.8,7.76,7.81,550.81
SH102647,2025-10-15,Hub_South,6,SwiftLine,Van,Standard,Clear,194.9,2.4,0.017,4,5.6,11.74,9.1,1178.32
SH102648,2025-12-08,Hub_West,8,SwiftLine,Van,Standard,Storm,52.7,33.1,0.166,1,10.0,5.41,6.46,364.11
SH102649,2025-05-01,Hub_North,8,RoadRunner,Truck,Standard,Clear,123.6,70.3,0.494,4,7.0,9.9,9.44,1219.13
SH102650,2025-11-18,Hub_East,5,SwiftLine,Bike,Express,Clear,33.2,3.4,0.03,3,10.0,6.19,4.24,236.07
SH102651,2025-11-17,Hub_North,8,CargoPlus,Van,Standard,Rain,123.7,39.4,0.171,5,8.2,9.32,9.45,785.51
SH102652,2025-12-27,Hub_South,1,SwiftLine,Bike,Standard,Clear,69.1,51.6,0.32,3,7.9,8.55,8.11,342.24
SH102653,2025-05-17,Hub_North,6,RoadRunner,Truck,Standard,Clear,57.6,19.6,0.226,4,,6.91,5.45,633.92
SH102654,2025-11-07,Hub_North,5,SwiftLine,Bike,Express,Clear,82.8,35.9,0.156,8,3.6,10.96,7.98,465.92
SH102655,2025-07-26,Hub_North,8,RoadRunner,Van,Standard,Clear,85.8,,0.004,4,5.7,7.57,5.58,524.58
SH102656,2025-01-22,Hub_South,5,SwiftLine,Van,Standard,Clear,116.4,31.4,0.272,6,5.1,9.34,7.27,719.55
SH102657,2025-04-09,Hub_East,2,RoadRunner,Van,Standard,Clear,42.9,42.3,0.493,3,4.4,5.64,5.02,325.88
SH102658,2025-09-03,Hub_South,6,CargoPlus,Van,Standard,Rain,33.0,21.1,0.243,6,5.2,6.16,6.56,247.59
SH102659,2025-02-28,Hub_South,8,SwiftLine,Bike,Express,Clear,83.1,21.6,0.131,4,5.1,9.78,6.8,451.44
SH102660,2025-06-08,Hub_West,1,CargoPlus,Van,Standard,Rain,80.6,36.5,0.325,5,4.2,7.68,6.95,518.57
SH102661,2025-10-10,Hub_West,1,SwiftLine,Bike,Standard,Clear,115.4,28.7,0.336,2,6.8,11.31,10.32,456.16
SH102662,2025-02-24,Hub_North,6,RoadRunner,Bike,Express,Storm,54.7,55.7,0.503,7,4.0,8.81,9.38,390.63
SH102663,2025-07-01,Hub_South,5,RoadRunner,Van,Standard,Clear,49.5,30.3,0.175,2,5.4,5.59,4.88,344.68
SH102664,2025-03-20,Hub_East,5,SwiftLine,Bike,Standard,Clear,81.9,37.4,0.357,2,3.1,9.1,6.08,402.48
SH102665,2025-07-15,Hub_East,1,RoadRunner,Bike,Express,Storm,71.0,22.0,0.178,6,5.7,9.58,9.9,415.1
SH102666,2025-03-29,Hub_South,5,SwiftLine,Van,Standard,Clear,90.0,21.9,0.174,3,5.9,7.43,6.13,587.83
SH102667,2025-12-19,Hub_East,5,RoadRunner,Van,Express,Rain,48.1,46.2,0.365,8,3.6,7.34,5.76,487.33
SH102668,2025-01-28,Hub_North,7,RoadRunner,Van,Standard,Clear,123.1,49.6,0.243,6,5.6,9.6,9.52,805.7
SH102669,2025-12-18,Hub_South,4,CargoPlus,Van,Standard,Clear,79.4,10.0,0.103,2,5.3,6.73,6.6,486.33
SH102670,2025-10-17,Hub_East,3,SwiftLine,Van,Standard,Clear,114.0,25.2,0.171,8,4.6,9.85,7.54,637.64
SH102671,2025-11-09,Hub_East,1,CargoPlus,Van,Standard,Rain,64.0,37.7,0.207,8,4.6,7.94,7.63,444.01
SH102672,2025-11-07,Hub_West,5,SwiftLine,Van,Standard,Clear,46.8,3.9,0.029,3,6.4,5.79,4.06,277.82
SH102673,2025-03-10,Hub_North,6,RoadRunner,Van,Standard,Rain,84.3,24.9,0.228,6,5.6,8.12,7.62,531.01
SH102674,2025-12-06,Hub_North,3,swiftline,Van,Standard,Clear,95.5,90.7,0.764,4,7.4,7.94,7.77,709.44
SH102675,2025-08-05,Hub_North,6,swiftline,Van,Standard,Clear,306.0,15.3,0.161,8,3.4,6.67,4.06,275.13
SH102676,2025-12-18,Hub_North,8,SwiftLine,Truck,Standard,Rain,1606.0,14.8,0.159,8,5.1,12.78,10.68,1390.61
SH102677,2025-11-17,Hub_North,2,RoadRunner,Van,Standard,Storm,49.3,27.5,0.247,4,4.3,6.18,7.35,343.68
SH102678,2025-07-31,Hub_South,5,SwiftLine,Van,Standard,Clear,74.6,29.0,0.244,8,5.6,8.35,6.76,491.33
SH102679,2025-05-17,Hub_South,6,RoadRunner,Van,Standard,Clear,93.0,23.1,0.197,6,6.0,8.45,7.06,585.06
SH102680,2025-02-12,Hub_East,1,CargoPlus,Truck,Standard,Clear,70.7,,0.359,1,3.1,6.6,6.11,712.76
SH102681,2025-02-06,Hub_South,2,SwiftLine,Van,Standard,Clear,72.8,6.5,0.05,5,6.7,7.38,6.3,463.58
SH102682,2025-05-23,Hub_North,4,SwiftLine,Van,Standard,Rain,73.7,14.4,0.118,4,9.8,7.11,6.98,454.57
SH102683,2025-10-24,Hub_East,2,SwiftLine,Truck,Standard,Clear,25.2,25.0,0.26,8,5.8,6.64,5.02,284.24
SH102684,2025-07-04,Hub_North,3,SwiftLine,Van,Standard,Clear,75.9,57.2,0.57,2,3.8,6.6,4.73,547.39
SH102685,2025-06-25,Hub_West,2,RoadRunner,Van,Express,Rain,54.2,18.6,0.104,1,4.9,5.47,4.33,466.67
SH102686,2025-03-31,Hub_North,8,RoadRunner,Van,Standard,Rain,112.9,13.3,0.157,2,4.9,8.01,6.36,664.79
SH102687,2025-07-26,Hub_South,5,SwiftLine,Bike,Express,Clear,103.2,4.9,0.057,1,4.2,10.2,6.29,495.44
SH102688,2025-08-21,Hub_West,3,SwiftLine,Truck,Standard,Rain,33.9,12.1,0.075,4,6.9,5.84,5.57,330.31
SH102689,2025-12-25,Hub_East,7,RoadRunner,Van,Standard,Clear,33.1,5.4,0.065,7,1.9,6.46,5.75,205.16
SH102690,2025-09-24,Hub_East,1,SwiftLine,Bike,Standard,Clear,163.9,17.7,0.145,4,6.0,15.1,12.26,561.89
SH102691,2025-08-10,Hub_East,5,RoadRunner,Bike,Standard,Rain,18.7,40.2,0.234,1,8.1,4.63,4.84,155.03
SH102692,2025-11-29,Hub_North,6,CargoPlus,Truck,Standard,Clear,50.4,,0.349,7,8.0,7.48,5.96,552.64
SH102693,05/06/2025,Hub_East,7,SwiftLine,Van,Standard,Storm,38.3,41.6,0.182,8,,6.96,8.78,318.7
SH102694,2025-12-08,Hub_West,2,RoadRunner,Van,Standard,Clear,121.4,10.5,0.1,7,4.2,9.83,7.89,698.59
SH102695,2025-05-16,Hub_West,5,CargoPlus,Truck,Standard,Rain,65.3,7.8,0.083,1,8.4,6.36,8.01,644.68
SH102696,16/02/2025,Hub_South,7,RoadRunner,Van,Standard,Clear,49.2,34.4,0.234,2,6.2,5.58,4.08,346.23
SH102697,2025-06-02,Hub_South,7,CargoPlus,Truck,Standard,Clear,71.5,47.7,0.318,1,8.3,6.64,6.08,754.21
SH102698,2025-02-16,Hub_East,2,CargoPlus,Van,Standard,Rain,157.0,27.5,0.17,6,7.7,10.89,11.45,940.15
SH102699,2025-02-13,Hub_South,8,RoadRunner,Van,Express,Rain,88.3,36.2,0.263,3,6.1,7.37,6.96,702.98
SH102700,2025-11-18,Hub_North,3,RoadRunner,Truck,Standard,Rain,87.4,,0.225,1,5.0,7.36,7.22,810.44
SH102701,2025-10-18,Hub_North,4,RoadRunner,Truck,Standard,Clear,30.0,19.6,0.198,6,10.0,6.26,5.75,314.97
SH102702,2025-03-22,Hub_North,2,RoadRunner,Bike,Standard,Clear,115.8,22.0,0.244,6,1.9,12.53,9.43,475.92
SH102703,2025-11-02,Hub_South,2,RoadRunner,Bike,Standard,Clear,42.5,47.1,0.395,5,5.2,7.4,6.8,237.45
SH102704,2025-01-26,Hub_North,3,SwiftLine,Truck,Standard,Clear,84.7,25.9,0.202,2,2.7,7.54,6.5,819.78
SH102705,2025-04-14,Hub_North,2,CargoPlus,Van,Express,Clear,46.9,46.8,0.327,8,5.7,7.29,6.42,484.65
SH102706,2025-09-15,Hub_North,6,SwiftLine,Van,Standard,Rain,71.2,,0.266,4,6.2,7.02,5.62,471.27
SH102707,2025-04-21,Hub_West,5,swiftline,Bike,Standard,Clear,69.4,17.5,0.09,6,4.2,9.47,7.39,302.18
SH102708,2025-09-24,Hub_North,4,SwiftLine,Truck,Standard,Clear,217.9,37.7,0.292,1,4.4,13.27,9.59,1941.98
SH102709,2025-11-16,Hub_North,5,SwiftLine,Van,Standard,Rain,56.5,26.6,0.215,5,2.9,6.76,5.88,368.29
SH102710,2025-01-25,Hub_South,5,RoadRunner,Truck,Standard,Storm,80.2,54.1,0.489,8,6.4,9.13,9.51,778.48
SH102711,2025-01-09,Hub_North ,2,SwiftLine,Van,Express,Clear,64.9,14.7,0.067,5,4.6,7.08,4.84,552.01
SH102712,2025-12-10,Hub_West,3,roadrunner,Truck,Standard,Rain,37.2,5.5,0.041,3,6.3,5.69,5.05,308.66
SH102713,2025-07-09,Hub_West,8,RoadRunner,Van,Standard,Rain,84.6,40.4,0.408,4,4.5,7.53,7.55,571.26
SH102714,2025-07-04,Hub_South,1,SwiftLine,Van,Standard,Clear,106.1,61.5,0.632,3,6.0,8.05,6.65,673.71
SH102715,2025-06-19,Hub_South,8,SwiftLine,Van,Standard,Rain,39.9,47.6,0.397,6,7.0,6.42,6.57,330.46
SH102716,2025-06-08,Hub_South,8,RoadRunner,Van,Standard,Rain,61.3,64.8,0.711,5,6.5,6.94,7.24,501.33
SH102717,2025-09-09,Hub_North,3,RoadRunner,Van,Standard,Rain,72.2,73.7,0.74,8,,8.26,8.82,518.18
SH102718,2025-07-31,Hub_North,3,SwiftLine,Bike,Standard,Clear,100.6,24.0,0.249,1,5.3,10.03,7.76,408.62
SH102719,2025-03-01,Hub_North,2,SwiftLine,Van,Standard,Clear,102.6,12.5,0.129,8,6.5,9.41,7.23,649.9
SH102720,2025-08-17,Hub_North ,5,SwiftLine,Van,Standard,Rain,29.0,2.4,0.024,3,4.3,5.11,3.02,188.46
SH102721,2025-09-01,Hub_East,2,SwiftLine,Bike,Standard,Clear,1631.0,5.9,0.064,1,5.1,14.15,10.92,554.0
SH102722,2025-02-11,Hub_North,7,SwiftLine,Van,Standard,,,39.2,0.187,3,6.2,7.38,5.83,591.01
SH102723,2025-05-18,Hub_North,4,CargoPlus,Van,Standard,Clear,70.2,6.4,0.051,4,8.6,6.98,6.28,466.31
SH102724,2025-10-16,Hub_South,8,SwiftLine,Van,Express,Rain,100.2,32.6,0.346,6,4.3,8.72,7.08,813.8
SH102725,2025-08-14,Hub_South,7,SwiftLine,Van,Standard,Clear,130.6,41.0,0.2,5,3.7,9.58,6.92,797.19
SH102726,2025-02-19,Hub_North,4,CargoPlus,Bike,Standard,Storm,64.5,28.3,0.148,2,6.1,7.95,9.63,302.21
SH102727,2025-01-15,Hub_North,5,RoadRunner,Truck,Express,Clear,60.8,21.7,0.157,6,7.9,7.66,6.76,695.17
SH102728,2025-08-01,Hub_North,1,RoadRunner,Truck,Standard,Rain,37.6,14.1,0.12,1,7.1,5.1,4.94,351.12
SH102729,2025-06-18,Hub_North,1,RoadRunner,Van,Standard,Clear,61.2,67.6,0.662,3,5.5,6.34,5.47,465.39
SH102730,2025-12-17,Hub_West,5,cargoplus,Van,Standard,Rain,91.5,2.8,0.024,8,8.0,8.99,9.1,541.4
SH102731,2025-07-10,Hub_West,4,SwiftLine,Bike,Express,Rain,61.2,14.1,0.081,8,1.9,9.53,7.68,377.74
SH102732,2025-12-06,Hub_South,4,swiftline,Truck,Standard,Clear,60.1,21.8,0.235,3,7.5,6.72,5.23,591.84
SH102733,2025-03-20,Hub_South,1,CargoPlus,Bike,Standard,,146.5,20.0,0.122,4,4.9,13.96,12.05,542.61
SH102734,2025-06-13,Hub_East,7,CargoPlus,Truck,Express,Rain,79.7,42.7,0.464,3,6.8,7.61,6.94,927.61
SH102735,2025-02-20,Hub_East,4,CargoPlus,Truck,Standard,Rain,79.8,30.4,0.242,3,7.5,7.62,7.52,807.82
SH102736,2025-07-29,Hub_North,4,SwiftLine,Bike,Standard,Clear,92.2,9.7,0.042,2,5.9,9.78,7.44,349.01
SH102737,2025-03-10,Hub_North,4,CargoPlus,Van,Standard,Clear,109.0,45.7,0.358,7,5.6,9.36,8.98,691.17
SH102738,2025-06-29,Hub_South,4,SwiftLine,Van,Standard,Rain,73.0,,0.13,6,4.7,7.69,7.39,456.25
SH102739,06/05/2025,Hub_East,6,RoadRunner,Van,Standard,Rain,45.5,33.0,0.364,5,8.9,6.34,5.93,330.69
SH102740,2025-03-09,Hub_North,7,CargoPlus,Bike,Standard,Clear,88.0,63.9,0.553,7,6.2,11.0,9.89,396.27
SH102741,2025-02-05,Hub_North,5,SwiftLine,Van,Standard,Clear,115.9,16.8,0.2,8,5.9,9.92,7.16,663.5
SH102742,2025-07-06,Hub_South,2,SwiftLine,Bike,Express,Clear,87.4,17.5,0.123,7,8.5,10.96,10.11,430.49
SH102743,2025-12-12,Hub_North,7,RoadRunner,Truck,Standard,Rain,99.8,24.1,0.144,1,4.5,7.92,7.7,939.13
SH102744,2025-03-14,Hub_South,3,CargoPlus,Van,Express,Rain,60.1,24.7,0.186,7,5.0,7.49,6.23,543.88
SH102745,2025-05-28,Hub_East,1,SwiftLine,Van,Standard,Clear,49.2,31.2,0.289,1,7.4,5.28,3.84,362.41
SH102746,2025-03-23,Hub_South,1,CargoPlus,Truck,Standard,Clear,77.2,38.2,0.182,6,9.0,8.4,8.94,743.63
SH102747,2025-10-23,Hub_North,7,SwiftLine,Van,Standard,Clear,54.9,13.4,0.063,8,5.6,7.59,5.55,348.08
SH102748,2025-06-01,Hub_North,4,RoadRunner,Van,Standard,Clear,132.4,26.6,0.239,8,6.3,10.55,9.74,771.13
SH102749,22/12/2025,Hub_West,1,SwiftLine,Van,Standard,Storm,89.4,11.7,0.083,4,2.3,7.71,7.47,531.79
SH102750,2025-03-31,Hub_South,7,CargoPlus,Van,Express,Rain,56.8,41.5,0.426,8,8.1,7.67,7.12,512.2
SH102751,2025-01-30,Hub_North ,3,SwiftLine,Van,Standard,Clear,41.2,52.6,0.321,2,3.3,5.27,2.03,304.88
SH102752,2025-08-01,Hub_North,8,RoadRunner,Truck,Standard,Clear,114.1,19.8,0.148,8,4.4,10.67,8.56,1043.01
SH102753,2025-08-26,Hub_West,8,SwiftLine,Van,Standard,Clear,44.3,29.4,0.239,6,5.9,6.59,4.5,306.34
SH102754,2025-12-28,Hub_East,1,CargoPlus,Van,Standard,Rain,71.2,61.6,0.711,7,4.2,7.92,8.21,518.85
SH102755,2025-11-15,Hub_West,6,CargoPlus,Truck,Standard,Clear,80.1,34.4,0.14,8,1.6,9.13,7.62,732.03
SH102756,2025-11-19,Hub_East,5,SwiftLine,Van,Standard,Clear,44.6,11.8,0.068,7,3.0,6.9,4.82,316.51
SH102757,2025-08-20,Hub_South,2,SwiftLine,Truck,Express,Storm,66.1,7.4,0.035,8,5.7,8.5,8.78,742.94
SH102758,2025-05-12,Hub_South,3,SwiftLine,Bike,Standard,Clear,122.8,15.1,0.18,4,8.5,12.39,9.97,441.27
SH102759,2025-06-06,Hub_North,4,RoadRunner,Bike,Standard,Rain,34.2,22.7,0.115,8,8.3,7.75,7.4,215.55
SH102760,2025-02-18,Hub_East,2,CargoPlus,Van,Standard,Clear,113.8,44.8,0.474,7,6.3,9.54,8.12,726.6
SH102761,2025-06-07,Hub_East,6,RoadRunner,Van,Express,Clear,77.5,,0.174,2,,6.66,3.99,619.46
SH102762,2025-05-14,Hub_North,3,RoadRunner,Truck,Express,Rain,51.9,,0.114,3,7.1,6.35,5.1,577.64
SH102763,2025-01-14,Hub_West,8,RoadRunner,Van,Standard,Rain,33.0,22.1,0.142,7,8.2,6.46,6.06,232.87
SH102764,2025-03-16,Hub_South,7,RoadRunner,Bike,Standard,Rain,67.0,23.1,0.18,5,5.7,9.02,8.69,270.47
SH102765,2025-07-15,Hub_North,6,SwiftLine,Van,Standard,Clear,53.3,15.6,0.184,1,5.8,5.43,3.87,374.54
SH102766,2025-05-15,Hub_South,1,SwiftLine,Van,Express,Clear,66.6,21.4,0.102,5,5.9,7.14,4.19,580.35
SH102767,2025-12-29,Hub_West,1,SwiftLine,Van,Express,Clear,93.0,29.6,0.265,3,7.5,7.55,5.35,698.69
SH102768,2025-06-24,Hub_West,2,RoadRunner,Van,Standard,Clear,31.8,6.5,0.076,1,2.8,4.61,3.91,228.26
SH102769,2025-12-16,Hub_South,4,SwiftLine,Van,Standard,Clear,75.4,23.1,0.116,2,5.5,6.58,5.71,508.46
SH102770,2025-08-30,Hub_West,7,RoadRunner,Truck,Standard,Clear,150.4,101.0,1.083,2,,10.52,9.86,1451.3
SH102771,2025-01-15,Hub_West,2,SwiftLine,Van,Standard,,56.9,33.6,0.209,3,1.7,6.17,4.11,363.44
SH102772,2025-03-16,Hub_West,6,RoadRunner,Van,Standard,Clear,86.8,45.2,0.253,8,7.3,8.81,7.31,598.45
SH102773,2025-09-15,Hub_West,1,SwiftLine,Bike,Standard,Clear,25.0,,0.327,2,,5.35,4.74,216.44
SH102774,2025-07-18,Hub_South,3,RoadRunner,Truck,Standard,Clear,31.7,68.6,0.678,2,1.6,5.14,5.44,412.77
SH102775,2025-04-21,Hub_East,5,SwiftLine,Van,Standard,Rain,50.1,17.8,0.076,8,4.7,7.41,5.85,364.46
SH102776,2025-07-10,Hub_East,7,SwiftLine,Van,Standard,Storm,125.7,7.0,0.052,4,4.7,9.1,9.89,767.2
SH102777,2025-11-26,Hub_East,7,SwiftLine,Van,Standard,Clear,54.1,50.1,0.48,8,3.7,7.56,6.18,423.22
SH102778,2025-05-22,Hub_North,5,RoadRunner,Bike,Standard,Clear,88.1,22.9,0.117,3,4.0,9.81,7.79,324.71
SH102779,2025-01-17,Hub_East,1,CargoPlus,Van,Standard,Rain,53.8,23.8,0.138,2,4.5,5.75,5.14,331.4
SH102780,2025-04-24,Hub_West,3,SwiftLine,Bike,Standard,Clear,37.9,37.8,0.197,7,6.7,7.7,7.56,222.96
SH102781,2025-12-08,Hub_South,7,RoadRunner,Truck,Standard,,62.9,26.9,0.113,2,8.0,6.55,6.86,613.94
SH102782,2025-10-06,Hub_West,1,RoadRunner,Van,Express,Clear,91.9,31.5,0.241,6,6.6,8.41,7.21,713.06
SH102783,2025-11-02,Hub_South,6,RoadRunner,Truck,Standard,Clear,114.3,33.3,0.266,2,3.7,8.88,6.96,1100.44
SH102784,2025-11-29,Hub_North,6,RoadRunner,Van,Standard,Clear,67.1,,0.585,7,7.1,7.76,6.85,502.83
SH102785,2025-02-12,Hub_North,7,SwiftLine,Bike,Standard,Rain,88.0,35.6,0.35,5,6.7,10.4,8.9,366.83
SH102786,2025-04-14,Hub_East,2,RoadRunner,Van,Standard,Clear,72.6,11.5,0.135,2,1.0,6.47,4.88,437.0
SH102787,2025-01-22,Hub_East,2,CargoPlus,Bike,Standard,Clear,75.9,11.3,0.114,8,8.0,10.5,9.61,314.82
SH102788,2025-01-02,Hub_South,2,cargoplus,Truck,Standard,Clear,45.0,16.6,0.196,3,5.8,6.04,4.47,457.3
SH102789,2025-11-01,Hub_East,4,SwiftLine,Bike,Standard,Clear,47.3,34.3,0.205,6,5.8,8.02,5.73,234.0
SH102790,2025-12-08,Hub_South,5,RoadRunner,Truck,Standard,Storm,39.7,12.3,0.066,2,2.0,5.5,7.64,326.27
SH102791,2025-02-26,Hub_South,1,SwiftLine,Bike,Express,Clear,55.6,12.3,0.088,4,8.7,7.96,5.73,331.18
SH102792,2025-09-21,Hub_West,5,RoadRunner,Van,Standard,Clear,106.4,32.7,0.259,3,6.2,8.06,7.1,692.16
SH102793,2025-07-15,Hub_East,2,SwiftLine,Bike,Standard,Clear,140.4,17.7,0.188,8,7.1,14.75,12.45,481.75
SH102794,2025-01-26,Hub_East,5,SwiftLine,Van,Standard,Clear,106.3,65.2,0.543,1,2.9,7.46,5.38,730.41
SH102795,01/12/2025,Hub_East,3,RoadRunner,Van,Standard,Rain,860.0,18.4,0.214,5,6.5,7.88,6.55,549.85
SH102796,2025-11-15,Hub_West,8,CargoPlus,Truck,Express,Rain,71.7,42.4,0.267,3,6.6,7.25,7.06,804.03
SH102797,2025-07-27,Hub_North,3,SwiftLine,Van,Standard,Clear,106.1,24.3,0.21,7,5.2,9.25,6.67,680.07
SH102798,2025-09-16,Hub_North,7,RoadRunner,Bike,Standard,Clear,243.7,10.4,0.096,5,2.9,20.66,17.01,832.41
SH102799,2025-05-25,Hub_North,2,RoadRunner,Truck,Standard,Clear,79.4,18.0,0.094,4,5.4,7.9,5.35,736.39
SH102800,2025-10-17,Hub_East,1,CargoPlus,Van,Standard,Clear,91.3,25.5,0.262,7,3.6,8.68,6.94,549.11
SH102801,2025-06-12,Hub_East,2,RoadRunner,Truck,Standard,Clear,79.7,,0.166,6,4.1,8.51,7.47,775.37
SH102802,2025-12-28,Hub_East,4,SwiftLine,Van,Standard,Clear,158.9,60.7,0.336,6,7.8,10.96,10.87,969.13
SH102803,2025-01-24,Hub_South,8,SwiftLine,Van,Express,Clear,66.0,13.5,0.099,4,5.7,6.82,4.29,511.81
SH102804,2025-03-04,Hub_North,2,RoadRunner,Bike,Standard,Clear,47.1,19.9,0.182,2,5.3,6.8,5.16,222.12
SH102805,2025-12-20,Hub_East,7,SwiftLine,Truck,Standard,Clear,97.0,35.3,0.348,1,3.1,7.8,5.59,889.41
SH102806,2025-04-16,Hub_West,6,CargoPlus,Bike,Express,Rain,47.2,77.8,0.571,5,5.4,7.71,8.67,471.66
SH102807,2025-04-24,Hub_North,3,CargoPlus,Truck,Express,Clear,82.1,38.7,0.378,5,5.2,8.32,6.63,887.33
SH102808,2025-10-16,Hub_North,3,CargoPlus,Bike,Standard,Rain,71.9,33.9,0.206,2,3.5,8.44,7.87,337.37
SH102809,2025-03-11,Hub_North,8,SwiftLine,Truck,Standard,Clear,87.2,46.1,0.297,3,7.7,7.95,6.06,886.81
SH102810,2025-07-07,Hub_South,6,RoadRunner,Truck,Express,Clear,73.4,54.2,0.222,1,7.6,6.73,5.03,877.67
SH102811,2025-04-15,Hub_North,2,RoadRunner,Truck,Standard,Clear,28.2,61.5,0.486,5,4.0,5.88,5.11,346.92
SH102812,2025-03-14,Hub_South,8,SwiftLine,Van,Standard,Clear,92.9,38.6,0.213,8,6.3,9.04,7.88,613.57
SH102813,2025-12-18,Hub_East,4,SwiftLine,Van,Standard,Clear,83.4,30.8,0.272,6,,8.08,5.84,575.7
SH102814,2025-03-14,Hub_South,1,SwiftLine,Truck,Express,Clear,118.5,13.9,0.163,1,6.1,8.77,6.8,1149.23
SH102815,2025-02-04,Hub_South,7,SwiftLine,Van,Standard,Clear,49.5,32.4,0.389,4,7.1,6.19,3.99,385.05
SH102816,2025-09-03,Hub_North,7,CargoPlus,Van,Standard,Clear,26.3,68.9,0.482,8,,6.5,5.22,293.39
SH102817,2025-11-13,Hub_West,4,CargoPlus,Bike,Standard,,96.5,3.6,0.036,2,5.5,10.06,9.25,401.09
SH102818,2025-02-16,Hub_South,6,SwiftLine,Van,Standard,Clear,94.6,57.5,0.672,3,5.8,7.61,5.83,651.51
SH102819,2025-09-16,Hub_South,2,RoadRunner,Van,Standard,Clear,91.9,30.7,0.251,7,10.0,8.71,7.37,592.23
SH102820,2025-07-17,Hub_North ,7,SwiftLine,Van,Standard,Clear,20.2,49.3,0.329,6,10.0,5.67,4.4,237.21
SH102821,2025-10-30,Hub_East,3,SwiftLine,Bike,Standard,Storm,171.9,39.7,0.208,2,6.1,15.03,15.76,614.66
SH102822,2025-02-16,Hub_West,3,SwiftLine,Van,Standard,Rain,16.7,27.7,0.15,1,4.2,4.04,3.01,150.24
SH102823,2025-12-23,Hub_North,5,RoadRunner,Truck,Express,Storm,26.1,30.7,0.333,2,6.0,4.88,6.48,426.56
SH102824,2025-08-14,Hub_North,3,RoadRunner,Van,Standard,Storm,37.2,41.8,0.254,5,,6.02,8.56,290.03
SH102825,2025-11-04,Hub_North,5,CargoPlus,Truck,Standard,Clear,101.6,14.6,0.09,3,2.2,8.6,7.33,908.75
SH102826,2025-05-13,Hub_East,6,CargoPlus,Bike,Standard,Clear,122.9,27.9,0.278,2,1.3,11.8,9.29,523.29
SH102827,2025-12-11,Hub_West,4,SwiftLine,Van,Standard,Clear,73.6,38.2,0.409,1,3.2,6.21,5.06,543.13
SH102828,2025-08-17,Hub_South,7,RoadRunner,Van,Standard,Clear,93.3,44.6,0.253,1,7.0,6.96,6.18,552.05
SH102829,2025-02-16,Hub_South,4,SwiftLine,Van,Standard,Rain,47.9,,0.397,3,7.1,5.83,5.03,362.97
SH102830,2025-12-03,Hub_East,8,SwiftLine,Van,Standard,Rain,42.1,22.6,0.171,2,6.4,5.31,4.04,273.4
SH102831,2025-10-18,Hub_East,3,RoadRunner,Bike,Standard,Clear,30.5,29.3,0.182,7,7.7,7.21,5.62,207.39
SH102832,2025-04-20,Hub_North,6,SwiftLine,Van,Standard,Rain,93.1,11.3,0.092,7,5.1,8.75,7.95,573.43
SH102833,2025-07-19,Hub_North,5,SwiftLine,Bike,Standard,Rain,118.7,55.6,0.568,7,5.0,13.02,10.9,534.31
SH102834,2025-05-22,Hub_South,8,SwiftLine,Van,Express,Clear,35.1,33.1,0.159,6,6.3,6.24,3.59,377.86
SH102835,2025-07-18,Hub_East,2,SwiftLine,Truck,Standard,Clear,46.5,29.2,0.133,4,8.9,6.41,4.76,452.38
SH102836,2025-12-19,Hub_East,2,CargoPlus,Bike,Express,Storm,55.1,29.1,0.329,2,6.3,7.33,7.52,371.59
SH102837,2025-11-25,Hub_East,7,SwiftLine,Van,Standard,Clear,37.9,24.6,0.288,2,,5.15,3.14,267.96
SH102838,2025-03-20,Hub_West,8,RoadRunner,Van,Standard,Clear,82.8,45.1,0.371,5,6.3,7.76,6.75,556.23
SH102839,2025-12-21,Hub_North,6,CargoPlus,Van,Standard,Clear,59.2,29.6,0.152,8,8.3,7.76,7.72,436.71
SH102840,2025-06-09,Hub_South,4,RoadRunner,Bike,Standard,Rain,128.5,13.7,0.063,6,4.8,13.37,11.82,482.06
SH102841,2025-09-15,Hub_North,4,RoadRunner,Van,Express,Rain,48.3,17.0,0.089,7,4.6,7.04,5.77,442.04
SH102842,2025-10-06,Hub_West,6,CargoPlus,Truck,Standard,Clear,106.4,9.9,0.062,7,4.6,10.02,7.66,959.61
SH102843,2025-06-26,Hub_East,6,swiftline,Van,Standard,Storm,31.7,67.2,0.636,1,7.1,4.61,5.07,268.87
SH102844,2025-06-16,Hub_North,3,SwiftLine,Van,Standard,Clear,51.5,,0.127,8,3.9,7.47,4.28,310.83
SH102845,16/06/2025,Hub_North,1,RoadRunner,Van,Standard,Storm,75.2,71.6,0.365,5,6.8,7.47,9.72,584.12
SH102846,2025-11-11,Hub_East,1,RoadRunner,Truck,Standard,Clear,83.2,31.7,0.308,7,,8.97,6.85,772.55
SH102847,2025-05-22,Hub_East,3,cargoplus,Bike,Standard,Rain,137.8,21.8,0.132,8,5.0,14.58,13.95,547.33
SH102848,2025-04-13,Hub_East ,6,SwiftLine,Bike,Express,Rain,81.7,,0.143,2,5.4,9.08,7.64,448.78
SH102849,2025-05-12,Hub_North,4,RoadRunner,Van,Standard,Rain,82.3,31.0,0.268,8,,8.64,9.08,539.41
SH102850,2025-03-13,Hub_West,5,RoadRunner,Van,Standard,Clear,42.4,14.0,0.065,5,7.4,6.22,6.14,313.56
SH102851,2025-05-23,Hub_East,4,CargoPlus,Van,Standard,Rain,45.5,11.0,0.099,4,4.8,6.04,5.7,329.34
SH102852,11/02/2025,Hub_East,3,SwiftLine,Bike,Standard,Clear,54.6,52.1,0.216,8,4.5,9.1,6.8,274.8
SH102853,2025-02-02,Hub_East,6,SwiftLine,Bike,Standard,Clear,69.3,21.0,0.123,5,4.2,9.17,7.31,292.94
SH102854,2025-09-22,Hub_West,6,CargoPlus,Van,Standard,Clear,66.0,72.7,0.553,6,3.3,7.42,8.06,504.33
SH102855,2025-01-29,Hub_West,8,RoadRunner,Van,Standard,Clear,83.5,39.0,0.353,5,8.7,7.79,6.7,563.31
SH102856,2025-07-27,Hub_East,7,swiftline,Van,Standard,Clear,130.5,19.9,0.112,6,4.0,9.88,7.0,790.44
SH102857,2025-10-12,Hub_South,4,SwiftLine,Van,Express,Clear,70.9,89.7,0.99,6,8.9,7.61,4.67,657.28
SH102858,2025-09-22,Hub_South,6,CargoPlus,Bike,Standard,Clear,99.9,53.7,0.61,3,5.7,10.58,8.59,438.6
SH102859,2025-06-12,Hub_West,3,RoadRunner,Van,Standard,Clear,45.2,8.6,0.067,8,5.3,7.22,6.51,264.06
SH102860,2025-03-12,Hub_East,7,RoadRunner,Truck,Express,,139.7,16.0,0.099,6,5.7,11.23,9.74,1369.93
SH102861,2025-12-06,Hub_North,5,CargoPlus,Truck,Express,Clear,69.7,1.2,0.006,4,,7.46,5.33,757.09
SH102862,2025-11-01,Hub_North,7,SwiftLine,Bike,Express,Clear,138.6,23.4,0.269,5,3.8,13.74,10.21,611.77
SH102863,2025-08-12,Hub_West,3,SwiftLine,Van,Standard,Clear,61.5,82.7,0.419,1,6.5,5.75,6.22,486.98
SH102864,2025-02-01,Hub_West ,1,RoadRunner,Truck,Standard,Clear,56.7,6.3,0.04,1,5.4,5.97,4.49,517.93
SH102865,2025-01-13,Hub_West,2,CargoPlus,Van,Standard,Clear,50.8,34.6,0.229,6,6.3,6.84,7.2,355.48
SH102866,2025-04-26,Hub_South,5,SwiftLine,Van,Standard,Clear,39.3,102.3,0.629,4,5.1,5.8,4.18,418.31
SH102867,2025-02-27,Hub_East,8,RoadRunner,Bike,Standard,Rain,110.5,24.5,0.098,8,4.8,12.78,12.57,439.46
SH102868,2025-11-11,Hub_West,6,SwiftLine,Van,Standard,Storm,46.5,33.3,0.188,4,6.6,6.07,6.51,366.4
SH102869,2025-03-17,Hub_South,7,SwiftLine,Truck,Standard,Clear,82.2,20.8,0.208,7,2.7,8.92,5.96,819.78
SH102870,2025-04-14,Hub_North,4,cargoplus,Truck,Express,Clear,37.1,15.6,0.088,6,8.3,6.58,4.61,524.62
SH102871,2025-12-23,Hub_West,8,SwiftLine,Truck,Standard,Clear,158.4,44.2,0.447,1,5.7,10.58,8.65,1409.88
SH102872,2025-10-26,Hub_North,8,SwiftLine,Van,Express,Clear,111.8,45.0,0.33,3,4.4,8.27,6.32,821.51
SH102873,2025-03-21,Hub_East,2,CargoPlus,Van,Express,Clear,108.1,36.9,0.172,8,6.2,9.62,7.9,839.76
SH102874,2025-05-20,Hub_East,7,SwiftLine,Bike,Standard,Clear,75.7,18.5,0.196,7,4.1,10.19,8.42,298.27
SH102875,2025-07-08,Hub_East,1,SwiftLine,Bike,Express,,65.8,37.3,0.339,2,5.7,8.04,5.29,411.25
SH102876,2025-08-31,Hub_North,5,CargoPlus,Bike,Standard,Clear,52.8,8.2,0.073,2,5.7,7.18,6.05,228.79
SH102877,2025-12-08,Hub_East,4,SwiftLine,Truck,Standard,Rain,137.4,39.8,0.207,8,8.0,11.73,11.02,1256.5
SH102878,2025-11-14,Hub_North,3,RoadRunner,Bike,Express,Clear,31.3,14.8,0.133,4,6.1,6.36,5.49,323.61
SH102879,2025-12-23,Hub_West,8,SwiftLine,Van,Standard,Clear,94.1,,0.145,6,3.3,8.49,6.38,573.12
SH102880,2025-01-15,Hub_North,6,swiftline,Van,Standard,Rain,47.6,69.5,0.832,4,6.7,6.12,5.83,459.4
SH102881,2025-03-28,Hub_East,2,RoadRunner,Van,Express,Clear,37.0,2.7,0.025,2,6.9,5.11,2.96,353.28
SH102882,2025-07-25,Hub_East,2,SwiftLine,Van,Standard,Clear,58.7,24.0,0.179,5,2.3,6.84,4.28,380.02
SH102883,2025-01-18,Hub_North,1,CargoPlus,Bike,Standard,,59.1,8.9,0.094,1,3.1,7.3,5.13,220.7
SH102884,2025-05-10,Hub_North ,3,CargoPlus,Van,Standard,Rain,84.4,30.3,0.133,8,9.5,8.72,9.93,526.95
SH102885,26/02/2025,Hub_East,1,CargoPlus,Van,Standard,Clear,117.3,16.1,0.118,3,4.8,8.48,37.56,725.78
SH102886,2025-12-07,Hub_North,3,SwiftLine,Truck,Standard,Clear,64.8,9.5,0.094,7,,8.14,5.76,570.5
SH102887,2025-01-24,Hub_North,7,SwiftLine,Van,Standard,Clear,26.9,21.0,0.144,2,5.4,4.73,3.48,192.24
SH102888,2025-02-24,Hub_South,7,CargoPlus,Truck,Express,Clear,45.8,13.1,0.059,1,4.2,5.48,2.76,580.63
SH102889,2025-03-13,Hub_West,7,RoadRunner,Van,Standard,Clear,64.3,13.6,0.066,1,2.0,5.85,4.15,358.44
SH102890,2025-02-24,Hub_East,4,roadrunner,Bike,Standard,Clear,55.7,40.8,0.218,1,3.3,7.07,4.98,238.55
SH102891,2025-07-27,Hub_South,6,CargoPlus,Van,Standard,,94.1,7.8,0.083,8,4.2,9.09,7.64,567.17
SH102892,2025-05-13,Hub_West,8,SwiftLine,Truck,Standard,Clear,82.7,3.5,0.034,1,4.5,7.15,4.81,758.05
SH102893,2025-11-30,Hub_South,1,SwiftLine,Bike,Standard,Rain,,31.6,0.32,2,4.0,10.43,7.46,402.55
SH102894,06/04/2025,Hub_South ,8,RoadRunner,Bike,Standard,Clear,20.8,23.8,0.268,2,2.5,5.07,3.99,150.77
SH102895,2025-07-16,Hub_South,6,RoadRunner,Truck,Standard,Clear,112.5,15.6,0.1,8,4.4,10.6,8.1,996.57
SH102896,2025-08-29,Hub_South,4,SwiftLine,Truck,Standard,Clear,28.2,40.5,0.403,7,7.7,6.48,27.54,374.25
SH102897,2025-08-17,Hub_South,4,RoadRunner,Bike,Standard,Clear,90.6,73.4,0.508,3,4.2,9.97,8.63,455.45
SH102898,2025-10-18,Hub_East,4,CargoPlus,Truck,Standard,Clear,126.3,26.2,0.269,4,,10.02,9.06,1129.87
SH102899,2025-03-15,Hub_North,2,SwiftLine,Van,Standard,Clear,24.4,26.6,0.254,5,8.4,5.53,4.15,206.73
SH102900,05/07/2025,Hub_East,2,SwiftLine,Van,Standard,Rain,19.5,,0.126,3,4.1,4.74,4.08,112.98
SH102901,2025-10-20,Hub_North ,3,RoadRunner,Van,Standard,Clear,66.2,8.2,0.082,6,10.0,7.43,4.94,438.82
SH102902,2025-11-12,Hub_South,1,CargoPlus,Truck,Standard,Clear,,24.5,0.099,3,7.3,6.53,6.11,517.47
SH102903,2025-08-14,Hub_North,5,CargoPlus,Bike,Express,Rain,35.0,6.0,0.058,3,5.7,6.31,5.43,266.93
SH102904,2025-08-26,Hub_East,4,SwiftLine,Truck,Standard,Clear,19.5,5.1,0.025,8,5.0,6.38,3.98,205.56
SH102905,2025-11-12,Hub_East,3,CargoPlus,Bike,Standard,Clear,113.6,35.0,0.293,4,8.2,11.79,11.86,418.11
SH102906,2025-08-17,Hub_South,2,CargoPlus,Van,Standard,Rain,36.1,8.2,0.043,8,4.1,6.88,7.0,229.21
SH102907,2025-12-13,Hub_North,8,RoadRunner,Van,Standard,Clear,218.8,36.0,0.286,7,4.6,13.55,11.11,1303.11
SH102908,2025-02-16,Hub_North,6,SwiftLine,Truck,Standard,Clear,37.6,56.6,0.585,3,8.7,5.7,5.34,426.39
SH102909,2025-05-07,Hub_West,4,SwiftLine,Truck,Standard,Clear,39.2,33.2,0.21,1,4.7,5.18,4.13,441.47
SH102910,2025-02-10,Hub_North,6,RoadRunner,Truck,Standard,Clear,15.4,7.0,0.037,2,4.6,4.4,3.19,199.24
SH102911,2025-02-03,Hub_East,3,SwiftLine,Van,Standard,Clear,36.0,90.2,0.588,3,,5.37,3.43,343.06
SH102912,2025-06-22,Hub_South,2,SwiftLine,Van,Standard,Rain,42.7,27.9,0.15,7,1.6,6.83,6.78,302.57
SH102913,2025-03-24,Hub_North,6,CargoPlus,Truck,Express,Rain,67.4,26.2,0.143,7,7.5,8.25,7.9,758.25
SH102914,2025-05-29,Hub_East,7,SwiftLine,Van,Standard,Clear,90.7,23.4,0.224,4,5.4,7.76,5.93,561.51
SH102915,2025-06-09,Hub_South,6,CargoPlus,Van,Standard,Rain,51.1,15.2,0.146,3,7.6,5.95,6.02,379.2
SH102916,2025-08-15,Hub_North,5,RoadRunner,Van,Express,Rain,90.1,11.4,0.094,6,5.2,8.34,7.26,676.3
SH102917,2025-12-12,Hub_West,1,CargoPlus,Van,Standard,Clear,147.4,2.7,0.016,1,4.7,9.02,8.12,813.0
SH102918,2025-11-07,Hub_North,6,SwiftLine,Van,Standard,Clear,60.0,8.8,0.072,4,4.2,6.59,4.44,365.95
SH102919,2025-05-19,Hub_South,5,RoadRunner,Van,Standard,,52.6,21.8,0.253,2,,5.71,3.79,348.27
SH102920,2025-04-29,Hub_South,4,RoadRunner,Bike,Express,Clear,39.2,,0.245,6,3.9,7.48,6.02,344.61
SH102921,2025-10-09,Hub_South,2,CargoPlus,Truck,Standard,Rain,68.3,,0.092,6,6.3,7.99,7.29,682.96
SH102922,2025-02-15,Hub_East,8,SwiftLine,Truck,Standard,Rain,136.5,31.8,0.253,7,5.6,11.39,9.61,1264.45
SH102923,2025-07-17,Hub_North,4,SwiftLine,Van,Standard,Rain,66.7,20.6,0.112,8,3.4,8.05,6.58,433.14
SH102924,2025-06-04,Hub_West,3,CargoPlus,Truck,Standard,Clear,91.8,,0.145,2,4.6,7.86,6.42,833.05
SH102925,2025-03-08,Hub_East,6,SwiftLine,Van,Standard,Clear,68.6,47.0,0.448,2,5.5,6.32,4.96,518.63
SH102926,2025-08-14,Hub_West,4,RoadRunner,Van,Standard,,65.7,32.0,0.169,4,4.9,6.81,5.8,438.73
SH102927,2025-04-28,Hub_West,5,SwiftLine,Truck,Standard,Clear,199.8,36.6,0.323,5,9.3,13.65,12.99,1754.03
SH102928,2025-03-09,Hub_West,6,SwiftLine,Van,Standard,Clear,81.8,96.1,0.681,6,6.0,8.02,6.97,633.38
SH102929,2025-08-27,Hub_East,3,RoadRunner,Truck,Standard,Clear,106.4,12.5,0.081,2,5.1,8.52,6.61,931.01
SH102930,2025-03-05,Hub_South,2,RoadRunner,Van,Standard,Clear,87.6,44.4,0.373,5,4.8,7.94,7.08,600.45
SH102931,2025-09-03,Hub_South,2,RoadRunner,Van,Standard,Clear,67.5,36.1,0.21,8,5.0,8.08,6.99,451.94
SH102932,2025-03-01,Hub_East,8,RoadRunner,Bike,Standard,,18.9,36.0,0.233,1,4.3,4.65,3.89,143.24
SH102933,2025-06-08,Hub_South,5,RoadRunner,Truck,Standard,Clear,50.2,29.3,0.24,8,3.9,7.77,6.06,439.08
SH102934,2025-10-22,Hub_East,4,CargoPlus,Bike,Standard,Rain,134.8,33.7,0.312,2,6.7,12.58,12.95,545.48
SH102935,2025-03-25,Hub_North,3,SwiftLine,Van,Standard,Clear,25.9,21.1,0.226,4,8.6,5.29,3.93,182.51
SH102936,2025-10-08,Hub_West,6,SwiftLine,Bike,Standard,Clear,46.6,26.6,0.282,2,4.6,6.77,5.28,208.3
SH102937,2025-09-21,Hub_North,8,SwiftLine,Van,Standard,Clear,47.1,51.5,0.411,1,6.4,5.2,4.19,375.92
SH102938,2025-11-26,Hub_West,7,CargoPlus,Van,Standard,Clear,110.1,16.6,0.076,3,,8.2,6.78,665.14
SH102939,2025-03-03,Hub_North,5,SwiftLine,Truck,Standard,Clear,137.9,18.1,0.1,5,5.7,10.85,8.12,1294.9
SH102940,2025-09-19,Hub_North,4,RoadRunner,Van,Standard,Rain,32.5,34.5,0.138,4,2.9,5.54,5.29,223.93
SH102941,2025-12-08,Hub_West,7,RoadRunner,Bike,Standard,Clear,62.6,32.4,0.178,6,,9.03,7.58,276.1
SH102942,2025-10-06,Hub_West,7,RoadRunner,Bike,Standard,Clear,108.4,20.5,0.087,6,3.7,12.04,9.13,435.23
SH102943,2025-03-10,Hub_East,4,CargoPlus,Bike,Standard,Clear,48.5,35.2,0.342,5,5.2,7.8,7.37,233.4
SH102944,2025-10-28,Hub_West,8,RoadRunner,Van,Standard,Clear,91.3,34.9,0.292,6,3.2,8.38,6.76,590.93
SH102945,2025-02-09,Hub_North,7,RoadRunner,Truck,Standard,Rain,60.9,87.1,0.373,3,1.0,6.76,6.17,744.21
SH102946,2025-08-03,Hub_West,7,SwiftLine,Van,Standard,Clear,174.9,105.0,0.939,7,2.8,11.87,9.84,1150.6
SH102947,2025-07-01,Hub_South,1,RoadRunner,Van,Standard,Clear,50.7,115.9,1.218,1,5.2,5.33,5.52,516.13
SH102948,2025-07-13,Hub_South,2,SwiftLine,Bike,Standard,Clear,98.9,34.7,0.147,7,3.9,11.72,10.16,421.3
SH102949,2025-07-09,Hub_South,3,CargoPlus,Truck,Express,Clear,54.9,47.4,0.238,1,4.3,5.89,4.45,711.45
SH102950,2025-01-12,Hub_North,7,SwiftLine,Truck,Express,Clear,74.1,34.1,0.265,6,,8.26,5.77,832.63
SH102951,2025-07-05,Hub_East,1,SwiftLine,Truck,Express,Clear,34.4,24.6,0.107,7,3.9,6.76,4.54,446.12
SH102952,2025-12-08,Hub_East,1,SwiftLine,Bike,Express,,91.7,36.3,0.151,8,,11.54,8.91,531.45
SH102953,2025-06-09,Hub_North,1,RoadRunner,Van,Express,Rain,118.5,24.3,0.21,5,9.8,9.12,9.32,859.69
SH102954,2025-04-12,Hub_West,2,CargoPlus,Truck,Standard,Clear,,27.7,0.235,7,4.7,6.62,4.82,358.22
SH102955,2025-12-30,Hub_South,8,SwiftLine,Bike,Standard,Rain,45.3,26.0,0.272,3,5.1,6.99,5.07,217.61
SH102956,2025-02-06,Hub_North,6,SwiftLine,Van,Standard,,112.4,26.3,0.122,3,6.3,8.29,7.5,678.82
SH102957,2025-06-27,Hub_East,6,RoadRunner,Truck,Standard,Clear,57.1,16.8,0.188,8,3.9,8.09,5.13,581.94
SH102958,2025-07-07,Hub_North,3,cargoplus,Truck,Standard,Clear,64.7,44.6,0.185,5,4.3,7.53,7.36,660.56
SH102959,2025-06-24,Hub_North,6,cargoplus,Van,Express,Clear,37.5,35.6,0.228,8,5.3,6.93,6.38,370.37
SH102960,2025-12-03,Hub_East,7,SwiftLine,Van,Standard,Clear,119.7,16.3,0.072,5,5.9,9.17,7.42,719.83
SH102961,2025-06-03,Hub_North,5,RoadRunner,Truck,Standard,Rain,34.4,25.5,0.152,7,3.6,6.76,6.42,360.5
SH102962,2025-12-22,Hub_North,7,CargoPlus,Van,Standard,Clear,,12.0,0.126,2,6.6,6.17,4.32,346.99
SH102963,2025-01-25,Hub_East,5,CargoPlus,Truck,Standard,Clear,50.2,30.8,0.154,5,8.6,6.87,6.03,491.12
SH102964,2025-09-25,Hub_North,3,RoadRunner,Van,Standard,Clear,100.6,51.3,0.288,2,1.7,7.54,5.95,730.02
SH102965,2025-08-05,Hub_West,6,RoadRunner,Truck,Standard,Clear,201.7,21.3,0.189,5,6.3,13.74,12.59,1725.27
SH102966,2025-03-29,Hub_East,8,RoadRunner,Truck,Standard,Clear,27.2,44.0,0.184,3,5.3,5.23,4.41,303.95
SH102967,2025-03-25,Hub_North,7,SwiftLine,Van,Standard,Clear,48.5,26.4,0.233,5,4.9,6.45,4.78,282.88
SH102968,2025-09-20,Hub_South,4,SwiftLine,Van,Standard,Clear,56.5,22.0,0.245,8,6.2,7.66,5.8,341.98
SH102969,2025-08-21,Hub_North,5,SwiftLine,Bike,Standard,Clear,33.7,15.6,0.071,2,8.3,5.92,21.6,123.72
SH102970,2025-08-12,Hub_East,8,SwiftLine,Truck,Standard,Clear,68.3,,0.096,6,6.0,7.99,6.36,624.12
SH102971,2025-01-19,Hub_North,6,SwiftLine,Van,Standard,Clear,105.2,44.9,0.325,6,7.4,8.91,6.85,724.36
SH102972,2025-08-07,Hub_West,5,CargoPlus,Van,Standard,Storm,77.8,33.6,0.363,3,5.4,6.97,8.28,537.59
SH102973,2025-12-25,Hub_North,3,CargoPlus,Truck,Standard,Clear,92.9,13.5,0.155,5,6.2,8.81,8.63,842.07
SH102974,2025-01-07,Hub_East,8,SwiftLine,Truck,Express,Rain,46.9,36.7,0.382,8,4.4,7.63,4.99,651.88
SH102975,2025-06-21,Hub_North,8,SwiftLine,Truck,Standard,Clear,93.4,30.0,0.276,5,5.6,8.83,6.89,864.0
SH102976,2025-06-30,Hub_North,1,RoadRunner,Van,Standard,Clear,76.5,12.1,0.09,2,5.0,6.62,5.62,453.81
SH102977,2025-11-24,Hub_South,1,RoadRunner,Truck,Standard,Clear,36.5,9.6,0.099,6,5.7,6.55,5.45,352.86
SH102978,2025-04-14,Hub_East,1,SwiftLine,Truck,Standard,Clear,,9.3,0.093,1,2.2,6.58,4.29,610.13
SH102979,2025-06-23,Hub_West,4,CargoPlus,Bike,Standard,Rain,50.3,46.8,0.256,3,,7.32,6.62,219.33
SH102980,2025-09-19,Hub_North,2,SwiftLine,Truck,Express,Clear,250.3,12.3,0.12,7,,16.54,15.62,2321.26
SH102981,2025-01-23,Hub_North,8,SwiftLine,Van,Standard,Clear,108.6,22.4,0.232,6,8.3,9.04,6.89,676.95
SH102982,2025-10-20,Hub_South,8,RoadRunner,Truck,Standard,Clear,74.2,,0.392,6,2.0,8.26,6.79,687.52
SH102983,2025-10-28,Hub_South,2,RoadRunner,Truck,Standard,Rain,129.6,33.7,0.332,2,4.4,9.57,8.79,1200.46
SH102984,2025-09-20,Hub_West,7,SwiftLine,Van,Express,Clear,94.6,33.7,0.332,1,4.0,7.01,3.93,740.16
SH102985,2025-08-25,Hub_West,2,RoadRunner,Van,Express,Storm,36.8,11.1,0.124,7,6.0,6.6,6.71,362.83
SH102986,2025-09-30,Hub_West,7,cargoplus,Bike,Standard,Clear,148.9,35.4,0.197,2,5.3,13.51,13.38,542.22
SH102987,2025-10-13,Hub_North,3,SwiftLine,Van,Standard,Clear,32.3,21.7,0.182,8,6.9,6.73,4.22,267.82
SH102988,2025-11-26,Hub_South,1,RoadRunner,Van,Standard,Rain,139.6,,0.314,3,2.8,9.33,6.96,858.47
SH102989,2025-06-06,Hub_East,4,SwiftLine,Truck,Standard,Rain,77.5,27.3,0.247,5,6.2,8.11,6.76,780.47
SH102990,2025-06-16,Hub_South,7,RoadRunner,Bike,Standard,Clear,68.2,24.5,0.281,6,4.8,9.4,8.01,303.44
SH102991,2025-08-21,Hub_East,8,RoadRunner,Bike,Standard,Rain,46.2,50.2,0.221,4,4.0,7.34,7.66,213.8
SH102992,2025-03-12,Hub_North,1,SwiftLine,Van,Standard,Clear,79.5,46.0,0.263,7,6.4,8.23,6.66,503.34
SH102993,2025-11-09,Hub_South,7,SwiftLine,Van,Standard,Rain,91.7,129.2,0.746,3,5.0,7.5,6.41,719.79
SH102994,2025-10-09,Hub_West,3,CargoPlus,Bike,Standard,Rain,87.9,64.1,0.297,4,5.3,10.09,10.2,431.24
SH102995,2025-08-19,Hub_North,4,SwiftLine,Bike,Standard,Clear,76.9,7.1,0.064,8,8.2,10.57,9.53,304.04
SH102996,2025-04-21,Hub_West,1,CargoPlus,Van,Standard,Clear,63.5,26.2,0.189,3,5.6,6.42,5.72,410.51
SH102997,2025-05-07,Hub_South,8,SwiftLine,Van,Express,Clear,97.2,60.8,0.361,3,9.4,7.71,6.59,737.65
SH102998,2025-06-08,Hub_North,7,CargoPlus,Truck,Standard,Clear,56.4,24.0,0.236,1,1.0,5.96,3.38,589.72
SH102999,2025-08-30,Hub_North,6,RoadRunner,Van,Standard,Clear,66.6,20.5,0.193,7,5.5,7.74,5.49,470.53
SH103000,2025-10-11,Hub_North,6,SwiftLine,Bike,Express,Clear,,10.8,0.047,1,3.3,8.99,5.65,411.3
SH103001,2025-09-03,Hub_South,7,roadrunner,Truck,Standard,Rain,69.8,9.9,0.074,4,,7.46,7.13,663.77
SH103002,2025-12-06,Hub_North,2,CargoPlus,Truck,Standard,Clear,32.6,43.5,0.425,3,4.2,5.48,4.22,384.38
SH103003,2025-12-17,Hub_East,2,RoadRunner,Van,Standard,Clear,77.4,28.6,0.138,8,7.3,8.45,7.43,522.84
SH103004,2025-09-15,Hub_West,1,RoadRunner,Truck,Standard,Storm,77.6,3.8,0.039,4,4.7,7.82,8.58,742.87
SH103005,2025-05-16,Hub_South ,4,RoadRunner,Truck,Express,Rain,74.3,52.4,0.468,4,3.2,7.67,5.76,900.54
SH103006,2025-08-07,Hub_North,4,RoadRunner,Truck,Express,Clear,64.0,57.0,0.555,5,6.8,7.5,5.58,796.46
SH103007,2025-06-05,Hub_South,1,RoadRunner,Van,Standard,Clear,58.7,,0.136,5,3.1,6.84,5.19,388.54
SH103008,2025-08-18,Hub_East,6,CargoPlus,Bike,Standard,Clear,70.6,26.5,0.265,2,8.8,8.35,7.89,295.53
SH103009,2025-10-24,Hub_East,1,SwiftLine,Bike,Express,Clear,46.7,65.3,0.352,1,2.9,6.48,4.58,395.39
SH103010,2025-05-15,Hub_North,7,RoadRunner,Truck,Standard,Clear,134.1,22.0,0.239,2,4.9,9.78,7.86,1278.9
SH103011,2025-07-04,Hub_South,6,RoadRunner,Truck,Standard,Clear,85.8,5.9,0.033,8,9.3,9.39,8.96,778.69
SH103012,2025-01-17,Hub_South,7,CargoPlus,Van,Express,Clear,81.3,43.8,0.269,1,4.9,6.5,4.87,687.96
SH103013,2025-09-26,Hub_South,1,SwiftLine,Bike,Standard,Clear,20.1,55.7,0.522,5,6.3,5.92,4.49,192.7
SH103014,2025-06-28,Hub_North,7,SwiftLine,Bike,Standard,Rain,117.2,29.5,0.197,6,5.3,12.62,11.76,431.61
SH103015,2025-06-17,Hub_West,5,SwiftLine,Van,Standard,Rain,43.5,12.3,0.08,5,5.5,6.26,5.04,308.41
SH103016,2025-07-14,Hub_North,7,RoadRunner,Truck,Standard,Clear,54.1,60.7,0.273,7,3.9,7.65,6.16,568.27
SH103017,2025-03-20,Hub_North,6,RoadRunner,Van,Standard,Clear,51.8,19.6,0.207,2,6.4,5.68,4.39,328.68
SH103018,2025-08-07,Hub_North,6,SwiftLine,Van,Standard,Clear,83.2,14.1,0.108,4,8.2,7.47,6.44,532.2
SH103019,2025-09-29,Hub_East,1,SwiftLine,Van,Standard,Clear,42.7,29.2,0.209,6,1.6,6.53,4.62,284.11
SH103020,2025-05-08,Hub_South,6,CargoPlus,Truck,Standard,Rain,101.3,22.4,0.134,1,3.7,7.99,6.1,954.35
SH103021,2025-02-17,Hub_North,4,RoadRunner,Truck,Standard,Clear,82.0,41.2,0.348,4,4.4,8.02,6.15,808.94
SH103022,2025-05-22,Hub_South ,7,RoadRunner,Bike,Standard,Clear,50.3,95.2,0.807,7,3.7,8.52,7.06,365.86
SH103023,2025-03-14,Hub_East,6,swiftline,Van,Standard,Clear,34.6,13.4,0.054,4,6.8,5.62,4.15,261.06
SH103024,2025-05-17,Hub_North,1,swiftline,Truck,Standard,,80.9,45.7,0.214,7,4.3,8.87,5.76,767.74
SH103025,2025-08-17,Hub_West,8,SwiftLine,Truck,Standard,Clear,28.3,21.8,0.194,4,5.7,5.58,3.94,338.93
SH103026,2025-02-11,Hub_South,1,SwiftLine,Van,Standard,Clear,48.1,,0.257,1,8.5,5.24,4.29,391.1
SH103027,2025-09-30,Hub_North,3,RoadRunner,Bike,Standard,Clear,65.7,,0.356,5,1.9,8.93,7.17,314.58
SH103028,2025-03-23,Hub_West,2,SwiftLine,Van,Standard,Clear,63.4,18.9,0.113,4,6.1,6.72,4.84,433.49
SH103029,2025-11-23,Hub_West,8,SwiftLine,Van,Standard,Rain,51.0,46.6,0.243,7,5.3,7.15,5.3,348.79
SH103030,2025-09-25,Hub_South,2,SwiftLine,Van,Express,Clear,98.3,20.4,0.089,7,5.3,8.95,6.16,750.61
SH103031,2025-04-10,Hub_West,7,swiftline,Truck,Express,Clear,45.0,14.4,0.137,3,3.7,6.04,4.24,531.43
SH103032,2025-07-25,Hub_South,2,SwiftLine,Bike,Standard,Clear,50.6,44.6,0.282,8,,8.84,6.59,248.82
SH103033,2025-02-10,Hub_South,6,SwiftLine,Truck,Standard,Rain,73.6,14.3,0.089,8,5.5,8.83,8.88,664.83
SH103034,2025-02-06,Hub_West,1,SwiftLine,Van,Standard,Clear,73.7,43.3,0.211,4,5.1,7.11,5.87,466.75
SH103035,2025-12-15,Hub_East,4,RoadRunner,Bike,Standard,Clear,375.0,27.8,0.123,1,6.9,5.87,4.7,203.35
SH103036,2025-10-20,Hub_North,5,CargoPlus,Van,Express,Clear,71.9,29.0,0.169,6,3.3,7.64,5.93,595.27
SH103037,2025-02-26,Hub_East,6,RoadRunner,Van,Standard,Clear,53.6,13.0,0.093,5,2.7,6.65,5.13,386.21
SH103038,2025-04-14,Hub_South,7,SwiftLine,Truck,Standard,Rain,,30.0,0.279,6,1.5,7.25,5.43,553.28
SH103039,2025-03-14,Hub_North,7,CargoPlus,Van,Standard,Rain,79.8,19.4,0.093,6,5.8,7.94,7.48,510.48
SH103040,2025-05-25,Hub_West,5,CargoPlus,Bike,Standard,,,67.2,0.466,7,7.0,7.99,8.8,289.46
SH103041,2025-04-17,Hub_South,3,RoadRunner,Truck,Standard,Rain,61.6,9.7,0.116,8,3.2,8.29,8.09,574.57
SH103042,30/04/2025,Hub_East,3,SwiftLine,Van,Standard,Clear,67.5,53.5,0.506,3,,6.58,4.5,483.39
SH103043,2025-07-13,Hub_East,8,RoadRunner,Van,Express,Clear,80.4,56.3,0.675,4,9.3,7.37,5.81,684.16
SH103044,2025-03-11,Hub_East,5,cargoplus,Truck,Standard,Clear,49.2,36.4,0.169,2,8.1,5.93,4.48,505.39
SH103045,2025-11-19,Hub_North,8,CargoPlus,Bike,Express,Clear,88.5,64.9,0.47,6,8.2,10.73,11.45,539.36
SH103046,2025-09-23,Hub_West,4,RoadRunner,Bike,Standard,Rain,100.0,22.7,0.133,6,6.2,11.49,11.54,408.37
SH103047,2025-10-05,Hub_East,4,RoadRunner,Van,Standard,Clear,99.0,24.8,0.286,7,6.9,8.98,8.52,588.73
SH103048,2025-03-03,Hub_East,7,CargoPlus,Van,Express,Clear,36.4,38.0,0.427,2,4.9,5.09,3.4,403.2
SH103049,2025-09-16,Hub_South,6,SwiftLine,Van,Standard,Rain,97.7,23.2,0.198,7,2.7,8.93,6.88,629.23
SH103050,2025-11-02,Hub_North,2,SwiftLine,Truck,Standard,Clear,99.7,4.5,0.029,5,2.8,9.12,5.82,879.89
SH103051,2025-03-05,Hub_North,5,CargoPlus,Van,Express,Clear,147.3,9.9,0.083,8,5.5,11.12,7.31,970.68
SH103052,2025-10-02,Hub_South,2,SwiftLine,Truck,Standard,Clear,38.8,10.7,0.117,1,7.4,5.16,2.9,410.17
SH103053,2025-05-11,Hub_North,7,SwiftLine,Bike,Express,Clear,126.3,45.0,0.387,3,5.2,12.32,9.91,608.66
SH103054,2025-10-15,Hub_East,1,SwiftLine,Bike,Standard,Rain,28.0,26.5,0.268,8,6.7,7.35,6.52,177.54
SH103055,2025-06-24,Hub_West,7,SwiftLine,Bike,Standard,Clear,101.3,42.7,0.406,7,5.3,11.88,9.53,427.69
SH103056,2025-10-20,Hub_South,8,SwiftLine,Bike,Standard,Clear,110.7,47.1,0.225,6,6.1,12.2,10.92,482.37
SH103057,2025-02-23,Hub_South,1,RoadRunner,Van,Standard,Clear,99.3,22.9,0.23,8,7.0,9.29,7.66,616.56
SH103058,2025-05-23,Hub_East,6,RoadRunner,Truck,Standard,Clear,32.1,32.6,0.185,6,8.2,6.35,5.75,338.73
SH103059,2025-04-10,Hub_North,1,RoadRunner,Truck,Express,Clear,122.4,9.6,0.105,4,6.1,9.85,8.23,1197.54
SH103060,2025-04-01,Hub_West,3,SwiftLine,Van,Standard,Clear,192.8,16.8,0.109,3,9.4,11.36,11.11,1165.32
SH103061,2025-04-23,Hub_South,3,CargoPlus,Bike,Standard,Clear,41.4,22.2,0.189,6,5.0,7.63,6.59,190.22
SH103062,2025-05-20,Hub_North,5,RoadRunner,Truck,Express,Clear,59.7,27.1,0.17,5,8.1,7.31,5.2,690.42
SH103063,2025-02-16,Hub_North,8,CargoPlus,Van,Standard,Clear,48.6,8.2,0.033,3,6.7,5.85,4.19,307.24
SH103064,2025-09-16,Hub_West,4,SwiftLine,Van,Standard,Rain,91.6,22.4,0.229,2,1.8,7.2,4.2,568.39
SH103065,2025-07-20,Hub_North,4,SwiftLine,Van,Standard,Rain,55.5,14.4,0.14,3,8.3,6.12,5.75,355.21
SH103066,2025-10-30,Hub_East,1,CargoPlus,Bike,Standard,Clear,94.2,89.4,1.018,5,3.7,10.81,8.77,480.72
SH103067,2025-09-15,Hub_North,8,CargoPlus,Van,Standard,Rain,64.0,28.3,0.243,3,5.0,6.44,6.22,434.16
SH103068,2025-02-24,Hub_North,3,SwiftLine,Truck,Standard,Clear,73.9,42.5,0.234,5,7.2,7.95,6.63,712.89
SH103069,2025-01-26,Hub_West,4,RoadRunner,Van,Standard,Storm,69.0,42.5,0.228,1,4.0,6.03,6.49,497.06
SH103070,2025-06-04,Hub_North,1,RoadRunner,Van,Standard,Storm,28.4,29.7,0.211,3,5.4,5.08,6.19,244.82
SH103071,2025-06-25,Hub_North,3,SwiftLine,Truck,Express,Clear,72.1,35.3,0.235,5,6.8,7.87,5.87,855.44
SH103072,2025-03-29,Hub_South,5,RoadRunner,Van,Standard,Clear,32.6,33.1,0.24,6,3.9,6.14,4.64,273.55
SH103073,2025-10-13,Hub_West,8,SwiftLine,Van,Standard,Clear,35.1,33.1,0.192,7,,6.54,5.01,276.19
SH103074,2025-08-01,Hub_South,3,SwiftLine,Van,Standard,Clear,123.6,61.1,0.728,2,4.8,8.42,6.45,800.25
SH103075,2025-10-01,Hub_North,5,CargoPlus,Truck,Express,Clear,90.7,27.6,0.129,3,7.4,8.11,6.75,973.22
SH103076,2025-02-09,Hub_West,8,RoadRunner,Van,Express,Clear,87.2,13.9,0.138,6,8.6,8.23,6.06,668.24
SH103077,2025-10-25,Hub_East,3,CargoPlus,Van,Express,Clear,72.7,43.5,0.372,1,3.3,6.17,4.49,620.7
SH103078,2025-03-17,Hub_West,3,roadrunner,Bike,Standard,Rain,175.6,11.7,0.099,5,5.7,16.17,15.19,607.28
SH103079,2025-06-13,Hub_East,1,CargoPlus,Truck,Standard,Storm,71.8,24.6,0.219,3,4.5,7.25,7.98,700.41
SH103080,2025-06-10,Hub_East,8,RoadRunner,Truck,Standard,Clear,66.0,18.8,0.211,5,5.6,7.59,6.42,638.15
SH103081,2025-10-27,Hub_South,1,RoadRunner,Van,Standard,Clear,64.9,23.0,0.216,7,,7.68,5.19,429.62
SH103082,2025-04-12,Hub_South,2,SwiftLine,Truck,Standard,Rain,113.9,37.1,0.229,2,6.3,8.86,8.71,1076.8
SH103083,2025-03-29,Hub_East,2,RoadRunner,Van,Standard,Clear,70.2,35.1,0.216,4,4.4,6.98,4.74,473.33
SH103084,2025-05-04,Hub_East,6,RoadRunner,Truck,Standard,Rain,79.9,23.1,0.245,6,2.8,8.52,8.02,751.79
SH103085,2025-05-12,Hub_West,3,RoadRunner,Bike,Standard,Clear,118.1,17.2,0.135,7,7.5,12.98,12.39,457.79
SH103086,2025-03-08,Hub_East,6,SwiftLine,Bike,Express,Clear,88.2,48.3,0.466,3,4.6,9.81,7.83,529.88
SH103087,2025-03-06,Hub_North,5,SwiftLine,Truck,Standard,Clear,104.5,38.6,0.27,2,3.9,8.44,5.63,998.62
SH103088,2025-03-26,Hub_South,1,CargoPlus,Van,Standard,,48.4,8.1,0.08,4,6.1,6.15,5.0,298.43
SH103089,2025-06-20,Hub_East,3,CargoPlus,Van,Standard,Clear,39.0,9.0,0.067,6,6.7,6.39,5.55,276.5
SH103090,06/05/2025,Hub_South,1,SwiftLine,Truck,Standard,Rain,135.6,18.7,0.149,6,4.8,11.04,9.79,1219.87
SH103091,2025-05-24,Hub_East,1,RoadRunner,Van,Standard,Clear,102.8,5.7,0.065,6,3.6,8.82,7.33,623.18
SH103092,2025-09-20,Hub_East,4,RoadRunner,Van,Standard,Clear,92.6,10.2,0.081,3,8.2,7.53,6.87,609.17
SH103093,29/03/2025,Hub_North,3,cargoplus,Van,Standard,Clear,82.5,,0.176,7,6.9,8.35,7.87,531.05
SH103094,2025-11-29,Hub_East,1,SwiftLine,Van,Standard,Clear,69.6,34.9,0.288,7,7.5,7.86,6.6,472.21
SH103095,2025-10-02,Hub_East,4,RoadRunner,Bike,Express,Clear,49.3,,0.098,6,4.8,8.15,6.43,337.43
SH103096,2025-03-05,Hub_West,4,SwiftLine,Bike,Express,Clear,48.5,24.1,0.15,6,3.8,8.1,5.32,344.15
SH103097,2025-04-25,Hub_South,8,SwiftLine,Van,Standard,Clear,38.7,19.1,0.169,8,4.4,6.98,5.65,262.66
SH103098,2025-03-08,Hub_East,6,CargoPlus,Truck,Standard,Rain,32.9,15.9,0.073,7,2.5,6.69,6.18,315.09
SH103099,2025-04-10,Hub_South,4,SwiftLine,Van,Standard,Rain,44.6,41.8,0.319,2,4.8,5.4,3.53,294.93
SH103100,2025-05-14,Hub_South,4,SwiftLine,Van,Standard,Clear,58.1,43.9,0.386,7,4.1,7.42,37.86,403.63
SH103101,2025-02-17,Hub_North,1,SwiftLine,Van,Standard,Rain,,23.5,0.137,5,5.3,9.76,8.79,800.29
SH103102,2025-01-06,Hub_West,4,RoadRunner,Bike,Standard,Rain,32.2,10.4,0.06,4,5.6,6.42,5.67,156.13
SH103103,10/06/2025,Hub_West,5,RoadRunner,Van,Standard,Clear,74.0,16.0,0.15,4,5.7,7.12,5.77,455.92
SH103104,2025-09-13,Hub_South,1,SwiftLine,Bike,Standard,Clear,141.5,25.2,0.297,2,4.3,13.03,11.28,553.89
SH103105,21/04/2025,Hub_East,8,RoadRunner,Van,Standard,,113.5,23.5,0.152,8,3.1,9.83,7.87,702.82
SH103106,2025-11-11,Hub_North,5,CargoPlus,Bike,Standard,Clear,70.4,39.2,0.222,1,2.6,8.04,7.47,338.71
SH103107,2025-05-15,Hub_East,7,SwiftLine,Van,Standard,Clear,50.1,15.3,0.182,5,5.9,6.51,4.9,361.55
SH103108,2025-11-25,Hub_South,3,CargoPlus,Van,Standard,Clear,24.8,36.1,0.385,8,5.8,6.45,5.4,261.61
SH103109,2025-03-28,Hub_East,7,SwiftLine,Truck,Standard,Clear,75.0,25.7,0.295,6,2.7,8.3,5.14,737.81
SH103110,2025-07-16,Hub_North,3,RoadRunner,Van,Standard,Clear,96.5,87.2,0.381,8,8.4,9.18,8.9,670.73
SH103111,2025-10-06,Hub_East,8,SwiftLine,Truck,Standard,Clear,50.6,24.8,0.284,8,7.2,7.79,6.85,526.3
SH103112,2025-01-22,Hub_North,5,SwiftLine,Van,Standard,Clear,117.3,16.6,0.178,1,3.5,7.88,5.15,716.4
SH103113,2025-12-06,Hub_East,6,SwiftLine,Van,Standard,Clear,66.4,59.3,0.379,2,6.0,6.23,5.05,521.88
SH103114,2025-05-14,Hub_East,2,swiftline,Bike,Standard,Clear,80.9,23.5,0.211,1,5.2,8.73,7.65,332.42
SH103115,2025-07-01,Hub_North,8,CargoPlus,Bike,Express,Clear,70.4,34.9,0.188,3,6.0,8.64,6.17,462.75
SH103116,2025-08-18,Hub_South,2,roadrunner,Van,Express,Clear,116.5,6.4,0.047,4,5.8,8.75,6.83,812.21
SH103117,23/08/2025,Hub_West,1,CargoPlus,Bike,Standard,Rain,118.3,51.1,0.451,3,6.8,11.8,12.52,493.59
SH103118,2025-01-09,Hub_East,4,RoadRunner,Van,Standard,Clear,89.8,16.0,0.078,2,8.5,7.13,6.4,572.95
SH103119,2025-11-13,Hub_North,7,RoadRunner,Van,Standard,Clear,61.0,11.4,0.134,1,6.1,5.73,3.36,383.6
SH103120,2025-08-16,Hub_South,8,SwiftLine,Van,Express,Rain,69.1,45.2,0.517,5,6.6,7.24,5.45,617.15
SH103121,2025-12-31,Hub_South,7,RoadRunner,Van,Standard,Clear,1795.0,14.8,0.162,5,8.4,11.45,9.5,1010.01
SH103122,2025-06-22,Hub_East,5,SwiftLine,Van,Standard,Clear,145.5,13.2,0.066,3,4.4,9.55,6.39,870.82
SH103123,2025-08-12,Hub_East,8,CargoPlus,Bike,Standard,Clear,72.2,10.1,0.094,3,3.6,8.76,7.66,253.38
SH103124,2025-06-10,Hub_North,4,CargoPlus,Van,Standard,Clear,39.8,18.7,0.208,4,6.8,5.82,4.75,298.94
SH103125,2025-11-21,Hub_East,4,SwiftLine,Van,Standard,Rain,107.4,14.8,0.075,2,3.1,7.8,6.64,573.4
SH103126,2025-10-31,Hub_East,2,RoadRunner,Van,Standard,Rain,55.7,41.6,0.382,2,3.9,5.83,5.8,359.22
SH103127,2025-11-28,Hub_East,7,RoadRunner,Van,Standard,Clear,132.0,15.7,0.088,1,8.5,8.44,7.0,789.3
SH103128,2025-07-04,Hub_North,3,RoadRunner,Truck,Standard,Clear,50.4,17.8,0.169,3,2.1,6.28,4.63,495.08
SH103129,2025-10-16,Hub_South,2,SwiftLine,Van,Standard,Rain,56.0,16.8,0.154,1,6.1,5.54,3.6,365.2
SH103130,2025-05-11,Hub_South,3,RoadRunner,Van,Express,Clear,37.7,37.0,0.406,3,2.6,5.44,3.65,437.21
SH103131,2025-06-18,Hub_North,5,CargoPlus,Bike,Standard,Clear,158.3,43.9,0.346,4,6.3,14.73,14.28,631.33
SH103132,2025-10-05,Hub_South,3,SwiftLine,Bike,Standard,Rain,43.7,,0.257,3,9.2,6.88,6.22,278.81
SH103133,2025-01-30,Hub_North,3,RoadRunner,Van,Standard,Clear,103.4,24.6,0.136,5,3.5,8.55,5.72,644.24
SH103134,2025-09-17,Hub_North,3,SwiftLine,Truck,Standard,Rain,645.0,27.8,0.254,2,1.3,6.62,4.14,653.03
SH103135,2025-01-06,Hub_East,5,cargoplus,Bike,Standard,Rain,56.5,29.4,0.324,2,6.2,7.42,8.96,241.24
SH103136,2025-07-31,Hub_North,6,SwiftLine,Van,Standard,Clear,54.9,39.2,0.384,8,4.2,7.59,6.07,383.16
SH103137,2025-06-24,Hub_East,6,SwiftLine,Truck,Standard,,130.7,37.6,0.415,8,5.1,11.42,9.19,1183.07
SH103138,21/06/2025,Hub_North,2,SwiftLine,Van,Standard,Clear,229.0,1.3,0.012,1,6.2,12.14,10.71,1298.57
SH103139,2025-06-30,Hub_East ,3,CargoPlus,Van,Standard,Rain,123.8,12.5,0.105,2,6.6,8.42,9.23,743.98
SH103140,2025-06-29,Hub_South,6,RoadRunner,Van,Standard,Clear,27.8,4.7,0.053,5,6.6,5.66,4.94,225.53
SH103141,2025-05-29,Hub_East,2,SwiftLine,Van,Standard,Clear,103.6,30.8,0.203,3,5.4,7.95,5.99,661.56
SH103142,2025-06-14,Hub_East,1,SwiftLine,Truck,Standard,Clear,64.8,9.7,0.097,2,6.4,6.64,4.59,637.8
SH103143,2025-07-27,Hub_South,3,CargoPlus,Bike,Standard,Clear,66.7,34.3,0.327,3,5.1,8.4,7.87,335.29
SH103144,2025-10-06,Hub_East,6,RoadRunner,Truck,Express,Clear,44.0,29.2,0.307,8,4.8,7.49,5.33,575.89
SH103145,2025-07-21,Hub_North,6,SwiftLine,Van,Standard,Rain,77.8,24.6,0.196,2,5.5,6.67,6.36,499.73
SH103146,2025-08-23,Hub_East,2,CargoPlus,Truck,Standard,Clear,70.8,21.4,0.17,5,6.7,7.81,7.03,633.64
SH103147,2025-11-02,Hub_North,6,SwiftLine,Truck,Standard,Clear,,43.2,0.185,8,4.2,9.57,7.98,851.06
SH103148,2025-12-28,Hub_South,2,RoadRunner,Truck,Standard,Clear,63.3,36.0,0.412,7,5.9,8.07,7.44,608.22
SH103149,2025-02-09,Hub_North,6,SwiftLine,Truck,Standard,,108.7,11.7,0.083,6,4.6,9.83,6.71,961.19
SH103150,2025-09-18,Hub_West,5,RoadRunner,Van,Standard,Clear,73.3,29.8,0.251,3,4.0,6.8,5.39,474.28
SH103151,2025-03-24,Hub_South,2,cargoplus,Bike,Express,Clear,74.1,27.2,0.152,3,,8.88,8.46,448.35
SH103152,2025-03-13,Hub_East,3,swiftline,Bike,Standard,Storm,70.1,51.9,0.463,5,6.2,9.22,9.6,344.23
SH103153,2025-10-17,Hub_South,7,RoadRunner,Van,Express,Clear,103.4,56.6,0.383,8,6.3,9.45,7.5,832.65
SH103154,2025-01-26,Hub_North,4,CargoPlus,Van,Standard,Clear,58.3,26.0,0.226,3,3.6,6.22,5.84,406.67
SH103155,2025-11-06,Hub_North,6,CargoPlus,Van,Express,Rain,90.0,83.4,0.824,6,5.0,8.33,8.93,756.97
SH103156,2025-10-09,Hub_West,6,RoadRunner,Van,Standard,Clear,75.1,14.9,0.132,8,6.7,8.37,4.88,492.83
SH103157,2025-12-30,Hub_East,1,RoadRunner,Van,Standard,Rain,131.7,,0.033,7,6.2,10.23,10.23,741.0
SH103158,2025-09-01,Hub_North,8,CargoPlus,Truck,Standard,Clear,60.1,60.4,0.631,8,10.0,8.22,6.74,659.84
SH103159,2025-11-15,Hub_East,3,SwiftLine,Van,Standard,Clear,109.8,13.4,0.114,3,5.9,8.19,6.22,643.52
SH103160,2025-02-13,Hub_South,7,SwiftLine,Truck,Standard,Clear,82.5,8.1,0.048,6,4.2,8.64,5.47,695.2
SH103161,2025-11-21,Hub_North,4,SwiftLine,Van,Standard,Clear,126.9,14.2,0.094,2,4.6,8.54,5.99,771.44
SH103162,2025-02-28,Hub_South,5,CargoPlus,Truck,Standard,Rain,73.9,17.7,0.186,1,3.8,6.75,6.34,685.2
SH103163,2025-04-25,Hub_North,3,SwiftLine,Truck,Standard,Rain,57.3,5.1,0.059,4,4.2,6.9,5.81,563.56
SH103164,16/02/2025,Hub_North,7,SwiftLine,Van,Standard,Clear,57.0,20.6,0.216,7,5.7,7.38,6.32,406.41
SH103165,27/05/2025,Hub_East,1,RoadRunner,Bike,Standard,Clear,78.7,16.5,0.183,4,4.6,9.49,6.91,290.29
SH103166,2025-10-01,Hub_North,8,SwiftLine,Truck,Standard,Clear,71.0,26.7,0.211,3,8.2,7.22,6.49,718.96
SH103167,2025-04-08,Hub_West,2,SwiftLine,Van,Standard,Clear,,3.0,0.022,8,7.3,7.75,5.65,321.59
SH103168,2025-10-28,Hub_East,8,RoadRunner,Truck,Standard,Clear,79.6,21.8,0.23,4,7.2,7.91,6.63,758.74
SH103169,2025-08-10,Hub_West,1,SwiftLine,Truck,Standard,Clear,18.9,92.9,0.665,2,5.0,4.56,4.51,366.32
SH103170,2025-08-18,Hub_East,1,CargoPlus,Van,Standard,Clear,65.2,46.8,0.451,2,7.3,6.19,6.23,438.73
SH103171,2025-12-09,Hub_West,1,SwiftLine,Truck,Standard,Clear,72.1,8.7,0.077,2,7.5,6.97,4.27,717.83
SH103172,2025-06-07,Hub_South,5,CargoPlus,Truck,Standard,Rain,30.7,15.0,0.078,8,8.7,6.89,6.79,326.0
SH103173,06/05/2025,Hub_South,3,RoadRunner,Truck,Standard,Clear,42.3,18.3,0.118,5,4.4,6.52,4.56,434.49
SH103174,2025-12-30,Hub_South,5,SwiftLine,Van,Standard,Clear,43.7,,0.337,1,5.5,5.07,3.4,392.45
SH103175,2025-07-23,Hub_West,7,SwiftLine,Bike,Express,Clear,69.1,20.8,0.104,5,4.0,9.15,6.15,420.69
SH103176,2025-08-13,Hub_North,1,RoadRunner,Bike,Standard,Clear,62.9,18.6,0.137,4,10.0,8.45,8.14,234.2
SH103177,2025-04-19,Hub_East,5,SwiftLine,Van,Standard,Clear,63.3,9.8,0.055,5,5.1,7.02,4.21,321.46
SH103178,2025-03-20,Hub_East,6,SwiftLine,Truck,Express,Clear,31.0,18.7,0.085,7,,6.6,4.13,425.28
SH103179,2025-03-03,Hub_South,4,CargoPlus,Truck,Express,Rain,114.5,20.3,0.115,4,5.8,9.49,8.42,1139.49
SH103180,2025-03-23,Hub_West,8,RoadRunner,Van,Standard,Clear,129.0,28.3,0.253,3,7.3,8.92,8.18,765.41
SH103181,2025-03-13,Hub_South,6,CargoPlus,Van,Standard,Clear,35.2,13.6,0.142,3,5.5,5.34,4.33,236.83
SH103182,2025-09-30,Hub_North,1,SwiftLine,Van,Standard,Clear,61.2,9.9,0.076,6,7.3,7.24,5.98,319.27
SH103183,2025-01-22,Hub_East,5,SwiftLine,Truck,Express,Storm,62.6,9.7,0.086,1,6.1,6.24,6.32,675.89
SH103184,2025-08-18,Hub_South,4,RoadRunner,Van,Standard,Clear,85.6,47.6,0.438,5,8.9,7.87,7.59,591.1
SH103185,2025-12-13,Hub_North,2,SwiftLine,Bike,Standard,Clear,56.9,52.6,0.485,7,6.1,8.95,7.52,321.77
SH103186,2025-10-07,Hub_North,8,SwiftLine,Van,Standard,,109.3,48.2,0.573,8,4.1,9.67,6.93,690.41
SH103187,2025-05-28,Hub_North,2,SwiftLine,Van,Standard,Clear,40.8,18.8,0.167,4,6.5,5.86,3.85,307.99
SH103188,2025-01-22,Hub_East,1,SwiftLine,Van,Standard,Rain,96.8,46.5,0.389,4,5.5,7.99,6.71,572.76
SH103189,2025-11-01,Hub_West,2,CargoPlus,Truck,Express,Rain,84.4,42.3,0.463,8,3.5,9.32,8.7,943.37
SH103190,2025-01-02,Hub_South,7,SwiftLine,Truck,Standard,Rain,37.3,33.6,0.301,7,6.3,6.89,6.49,433.71
SH103191,2025-09-06,Hub_North,5,CargoPlus,Bike,Standard,Clear,59.9,19.9,0.153,4,4.3,8.25,6.91,272.43
SH103192,2025-09-02,Hub_South,7,SwiftLine,Bike,Standard,Clear,39.4,33.6,0.334,4,5.0,6.9,5.16,212.46
SH103193,2025-03-12,Hub_West,4,SwiftLine,Van,Standard,Clear,163.4,8.9,0.052,8,5.6,11.74,8.57,887.4
SH103194,2025-09-28,Hub_East,1,SwiftLine,Van,Standard,Rain,65.5,,0.41,4,1.4,6.8,5.22,508.69
SH103195,2025-03-06,Hub_North,4,RoadRunner,Van,Standard,Clear,56.1,4.0,0.041,8,4.6,7.64,4.43,402.67
SH103196,2025-03-24,Hub_North,2,CargoPlus,Bike,Standard,Clear,28.4,20.1,0.183,4,7.3,6.17,5.86,176.54
SH103197,2025-10-24,Hub_West,5,CargoPlus,Bike,Standard,Storm,82.1,22.8,0.125,5,5.1,10.01,12.53,367.94
SH103198,2025-12-24,Hub_West,3,SwiftLine,Truck,Express,Storm,59.3,19.3,0.157,5,1.7,7.29,6.35,691.12
SH103199,2025-04-07,Hub_North,8,RoadRunner,Bike,Standard,Clear,96.2,44.2,0.463,7,5.3,11.54,10.23,428.75
SH103200,2025-12-03,Hub_West,4,CargoPlus,Truck,Standard,Clear,139.6,9.1,0.066,7,6.5,11.53,10.75,1260.32
SH103201,2025-11-30,Hub_North,3,SwiftLine,Van,Standard,Clear,102.6,,0.138,1,4.9,7.32,4.55,619.65
SH103202,2025-10-08,Hub_North,8,RoadRunner,Van,Standard,Clear,42.5,26.8,0.118,7,,6.82,5.36,290.6
SH103203,2025-02-21,Hub_East,5,SwiftLine,Bike,Standard,Clear,56.5,7.0,0.065,1,4.6,7.12,5.23,252.48
SH103204,2025-04-20,Hub_South,2,RoadRunner,Bike,Express,Clear,35.6,18.3,0.107,7,6.7,7.55,5.72,346.51
SH103205,2025-09-05,Hub_South,4,RoadRunner,Van,Standard,Clear,50.0,62.6,0.575,6,3.9,6.81,5.72,433.69
SH103206,2025-12-31,Hub_West,3,SwiftLine,Truck,Standard,Rain,112.1,43.4,0.503,5,6.6,9.68,8.78,1062.13
SH103207,2025-10-25,Hub_West,6,CargoPlus,Truck,Express,Storm,51.8,69.6,0.599,1,,5.75,6.57,704.34
SH103208,2025-06-03,Hub_North,5,RoadRunner,Bike,Express,Storm,96.7,25.0,0.187,7,8.0,11.57,12.97,512.47
SH103209,2025-03-27,Hub_East,6,CargoPlus,Bike,Express,Rain,54.8,45.4,0.493,6,,8.51,8.77,341.8
SH103210,2025-12-17,Hub_East,8,RoadRunner,Bike,Standard,Clear,,47.1,0.363,5,3.3,11.3,8.05,428.4
SH103211,2025-04-11,Hub_East ,6,SwiftLine,Truck,Standard,Clear,42.1,7.2,0.061,2,6.7,5.61,2.47,402.53
SH103212,2025-05-05,Hub_West,3,RoadRunner,Bike,Standard,Clear,38.2,15.7,0.101,7,6.5,7.72,5.61,154.04
SH103213,2025-12-19,Hub_East,2,SwiftLine,Bike,Standard,Clear,162.7,19.3,0.162,2,6.3,14.42,12.35,614.02
SH103214,2025-07-25,Hub_North,5,CargoPlus,Truck,Standard,Clear,44.0,94.2,0.916,4,7.2,6.29,6.07,552.93
SH103215,2025-04-07,Hub_North,4,SwiftLine,Truck,Express,Clear,113.5,53.1,0.429,3,3.5,9.14,6.46,1133.66
SH103216,2025-01-02,Hub_West,3,CargoPlus,Van,Standard,Rain,89.1,10.7,0.061,4,3.9,7.7,7.16,550.9
SH103217,2025-06-06,Hub_West,7,RoadRunner,Bike,Express,Clear,49.1,66.8,0.278,8,8.1,8.74,7.42,442.55
SH103218,2025-12-26,Hub_North,8,RoadRunner,Van,Express,Clear,49.4,17.9,0.103,7,6.4,7.09,5.88,441.87
SH103219,2025-06-07,Hub_North,4,RoadRunner,Bike,Standard,Rain,61.0,37.0,0.4,6,4.6,8.92,7.66,261.38
SH103220,2025-09-13,Hub_East,6,RoadRunner,Van,Standard,Clear,114.6,20.2,0.236,6,2.0,9.27,7.56,666.35
SH103221,2025-04-03,Hub_North,8,RoadRunner,Truck,Express,Clear,55.9,4.2,0.036,7,3.0,7.73,6.41,643.53
SH103222,2025-10-11,Hub_North,1,RoadRunner,Bike,Standard,Clear,96.4,67.4,0.717,6,3.6,11.25,8.66,424.69
SH103223,2025-10-11,Hub_West,3,SwiftLine,Truck,Standard,Clear,84.0,48.7,0.213,7,4.4,9.01,5.91,785.42
SH103224,2025-08-11,Hub_West,6,RoadRunner,Van,Standard,Clear,85.2,21.8,0.236,1,6.1,6.65,5.51,579.62
SH103225,2025-10-09,Hub_West,4,SwiftLine,Truck,Standard,Clear,165.5,,0.21,7,2.8,12.7,10.07,1498.47
SH103226,2025-07-31,Hub_East,7,RoadRunner,Bike,Standard,Rain,92.7,15.8,0.085,3,4.4,10.11,9.03,345.66
SH103227,2025-05-19,Hub_South,4,RoadRunner,Van,Standard,Clear,84.6,14.2,0.088,2,3.0,6.93,3.82,567.02
SH103228,2025-09-27,Hub_West,1,SwiftLine,Bike,Express,Clear,28.4,,0.387,2,4.7,5.57,2.35,325.64
SH103229,2025-11-01,Hub_North,4,roadrunner,Van,Standard,Clear,128.9,44.2,0.385,8,10.0,10.42,9.84,807.46
SH103230,2025-11-03,Hub_North,4,RoadRunner,Bike,Standard,Clear,102.8,80.5,0.326,7,7.9,11.98,11.97,487.11
SH103231,2025-03-19,Hub_West,7,roadrunner,Van,Standard,Storm,83.1,,0.305,4,6.6,7.47,8.66,547.11
SH103232,2025-09-04,Hub_East,2,RoadRunner,Truck,Express,Clear,60.8,32.7,0.315,8,4.5,8.26,6.29,719.09
SH103233,2025-01-02,Hub_West,2,RoadRunner,Van,Standard,Rain,29.2,46.0,0.46,5,3.3,5.71,5.42,279.6
SH103234,2025-07-28,Hub_North,2,roadrunner,Van,Standard,Rain,91.7,,0.209,7,5.3,8.7,8.68,636.08
SH103235,2025-07-28,Hub_West,5,SwiftLine,Van,Standard,Clear,71.5,37.6,0.225,7,2.4,7.93,5.04,472.16
SH103236,13/05/2025,Hub_East,8,SwiftLine,Van,Express,,159.3,42.4,0.4,2,6.8,9.78,8.62,1111.21
SH103237,2025-12-29,Hub_East,5,RoadRunner,Van,Standard,Storm,96.7,48.0,0.426,7,5.1,8.89,10.86,602.18
SH103238,2025-11-19,Hub_West,7,SwiftLine,Van,Express,Storm,76.0,24.2,0.193,8,5.4,8.4,7.76,624.53
SH103239,2025-01-15,Hub_South,7,SwiftLine,Bike,Standard,Clear,183.4,3.6,0.03,5,2.2,16.69,11.88,677.01
SH103240,2025-03-18,Hub_East,5,SwiftLine,Van,Express,Clear,71.3,25.1,0.201,3,5.6,6.72,4.35,587.88
SH103241,2025-03-17,Hub_East,5,SwiftLine,Bike,Standard,Clear,152.6,12.1,0.088,5,5.0,14.66,11.45,530.82
SH103242,2025-11-24,Hub_East,2,CargoPlus,Van,Standard,Clear,26.0,55.8,0.575,7,3.6,6.19,4.78,247.83
SH103243,2025-07-09,Hub_West,8,SwiftLine,Van,Standard,Clear,201.3,63.9,0.71,4,5.9,11.98,10.24,1248.71
SH103244,2025-09-24,Hub_East,7,SwiftLine,Bike,Standard,Clear,114.3,12.9,0.118,1,4.7,10.93,8.37,425.32
SH103245,2025-10-23,Hub_North,7,CargoPlus,Truck,Express,Clear,46.4,20.0,0.123,1,6.1,5.5,4.5,572.29
SH103246,2025-10-08,Hub_North,8,CargoPlus,Van,Standard,Rain,173.7,23.3,0.275,7,6.7,11.83,11.27,1044.31
SH103247,2025-02-02,Hub_West,3,SwiftLine,Van,Express,Clear,22.5,13.7,0.064,6,3.3,5.76,3.16,280.98
SH103248,2025-02-21,Hub_West,2,CargoPlus,Truck,Standard,Rain,38.8,35.4,0.411,2,5.7,5.46,6.25,440.99
SH103249,2025-05-25,Hub_West,7,SwiftLine,Van,Express,Clear,90.2,9.3,0.079,6,5.7,8.34,6.4,661.24
SH103250,2025-05-04,Hub_North,4,CargoPlus,Van,Standard,Clear,129.3,30.8,0.298,3,8.0,8.93,8.49,810.74
SH103251,2025-09-30,Hub_South,8,SwiftLine,Bike,Express,Rain,83.6,43.8,0.324,4,7.2,9.81,8.79,509.83
SH103252,2025-02-27,Hub_East,6,RoadRunner,Van,Standard,Clear,30.2,38.3,0.263,2,4.8,4.85,3.16,211.16
SH103253,2025-05-16,Hub_East,3,SwiftLine,Bike,Standard,Clear,48.7,36.4,0.211,1,,6.61,4.94,245.03
SH103254,2025-03-28,Hub_North,3,RoadRunner,Truck,Standard,Storm,55.3,,0.073,8,5.8,8.01,9.84,492.82
SH103255,2025-03-10,Hub_East,5,SwiftLine,Van,Standard,Rain,88.2,62.0,0.403,5,3.3,7.97,7.66,568.63
SH103256,2025-03-05,Hub_North,4,RoadRunner,Van,Standard,Rain,67.4,52.4,0.316,8,3.6,8.07,7.47,478.2
SH103257,2025-03-13,Hub_South,3,RoadRunner,Van,Express,Clear,138.8,19.6,0.162,1,4.6,8.7,6.61,958.52
SH103258,2025-07-25,Hub_North,2,SwiftLine,Van,Express,Clear,124.3,41.0,0.445,4,1.0,9.04,5.19,862.43
SH103259,30/05/2025,Hub_North,6,CargoPlus,Van,Standard,Clear,29.1,17.4,0.081,4,3.5,5.41,3.79,231.19
SH103260,2025-06-08,Hub_North,1,SwiftLine,Van,Express,Clear,97.0,41.6,0.415,1,,7.1,4.49,729.88
SH103261,2025-06-24,Hub_West,1,SwiftLine,Truck,Standard,Storm,39.0,9.7,0.06,7,10.0,6.97,7.89,386.78
SH103262,2025-09-28,Hub_East,1,SwiftLine,Van,Standard,Clear,140.8,49.9,0.456,8,4.2,10.87,9.17,947.5
SH103263,2025-11-11,Hub_West,6,SwiftLine,Van,Standard,Rain,97.5,18.2,0.164,2,6.8,7.42,6.48,593.8
SH103264,2025-07-12,Hub_South,1,swiftline,Van,Standard,Clear,67.5,12.6,0.125,7,5.1,7.78,5.96,400.43
SH103265,2025-08-23,Hub_South,4,RoadRunner,Van,Standard,Clear,59.6,11.2,0.046,8,6.4,7.77,4.79,383.03
SH103266,2025-09-27,Hub_South,1,RoadRunner,Van,Standard,Clear,86.3,31.8,0.128,4,3.3,7.59,6.04,554.42
SH103267,2025-09-09,Hub_East,5,RoadRunner,Van,Standard,Clear,122.4,5.5,0.029,6,2.4,9.57,6.83,712.26
SH103268,2025-02-19,Hub_South,1,RoadRunner,Bike,Standard,Clear,84.2,38.4,0.455,4,8.3,9.85,8.5,364.06
SH103269,2025-12-25,Hub_East,1,CargoPlus,Van,Express,Rain,67.3,22.6,0.152,3,2.8,6.57,5.76,557.17
SH103270,2025-03-02,Hub_West,4,SwiftLine,Bike,Standard,Clear,44.0,44.0,0.396,3,8.5,6.9,6.54,211.46
SH103271,2025-05-31,Hub_West,6,RoadRunner,Truck,Express,Clear,65.8,4.6,0.03,2,4.8,6.68,4.44,746.35
SH103272,2025-08-27,Hub_North,1,CargoPlus,Bike,Express,Clear,122.8,27.7,0.219,8,3.8,13.59,11.61,624.58
SH103273,2025-05-28,Hub_South,4,SwiftLine,Van,Standard,Rain,104.9,22.2,0.167,1,4.5,7.4,5.88,638.73
SH103274,2025-03-30,Hub_North,7,roadrunner,Bike,Standard,Clear,131.0,13.8,0.076,4,8.7,12.93,13.77,487.29
SH103275,2025-12-04,Hub_North,6,CargoPlus,Van,Standard,Clear,42.8,11.9,0.082,7,4.1,6.83,4.68,240.92
SH103276,2025-01-27,Hub_East,7,RoadRunner,Van,Express,Clear,30.0,40.3,0.223,5,4.7,5.74,3.89,380.96
SH103277,2025-03-31,Hub_South,3,CargoPlus,Van,Standard,Rain,100.3,9.9,0.062,1,7.5,7.23,7.76,653.6
SH103278,2025-12-29,Hub_East,8,SwiftLine,Bike,Express,Storm,34.0,26.4,0.194,3,6.4,6.24,6.32,325.76
SH103279,2025-09-24,Hub_North,2,RoadRunner,Van,Standard,Storm,,7.7,0.08,6,,9.89,12.47,774.58
SH103280,2025-02-01,Hub_West,5,SwiftLine,Bike,Standard,,101.8,6.3,0.035,1,7.8,10.11,7.45,373.47
SH103281,2025-10-03,Hub_West,4,SwiftLine,Van,Standard,Clear,83.0,25.1,0.14,7,4.1,8.37,6.16,524.17
SH103282,2025-12-20,Hub_South,1,CargoPlus,Truck,Standard,Clear,39.9,,0.181,6,8.1,6.71,5.89,432.06
SH103283,2025-02-05,Hub_West,8,SwiftLine,Van,Standard,Clear,71.6,13.9,0.143,3,1.7,6.73,4.22,478.97
SH103284,2025-06-01,Hub_North,6,CargoPlus,Truck,Standard,Clear,65.8,36.3,0.217,7,7.0,8.18,6.54,637.58
SH103285,2025-06-20,Hub_East,2,RoadRunner,Van,Standard,Clear,84.7,52.3,0.552,4,4.2,7.53,6.05,597.85
SH103286,2025-02-17,Hub_West,1,CargoPlus,Van,Standard,Clear,150.5,41.2,0.271,4,6.7,10.04,9.25,905.22
SH103287,2025-03-15,Hub_West,6,CargoPlus,Truck,Standard,Clear,43.2,25.2,0.162,3,9.4,5.96,5.58,431.55
SH103288,2025-03-05,Hub_West,5,roadrunner,Bike,Standard,Clear,60.8,50.1,0.352,4,2.2,8.31,7.17,276.91
SH103289,2025-03-09,Hub_South,1,CargoPlus,Truck,Standard,Storm,68.2,28.4,0.215,7,7.3,8.29,10.03,663.47
SH103290,2025-05-28,Hub_West,8,CargoPlus,Van,Standard,,134.9,12.4,0.091,1,7.2,8.55,8.09,801.4
SH103291,2025-06-19,Hub_East,6,RoadRunner,Van,Standard,Clear,75.4,38.6,0.276,8,6.8,8.38,8.01,518.65
SH103292,2025-03-28,Hub_North,4,RoadRunner,Truck,Standard,Clear,97.2,46.6,0.558,7,3.5,9.6,8.62,939.15
SH103293,2025-04-16,Hub_North,2,SwiftLine,Van,Standard,Clear,140.3,8.2,0.078,8,5.3,10.85,7.15,841.21
SH103294,2025-03-12,Hub_East,3,SwiftLine,Truck,Standard,Clear,82.8,20.9,0.231,6,3.6,8.65,6.81,825.18
SH103295,2025-10-18,Hub_East,4,SwiftLine,Truck,Standard,Rain,61.2,12.5,0.139,1,6.4,6.17,5.65,596.02
SH103296,2025-03-19,Hub_South,1,RoadRunner,Van,Standard,Clear,126.5,29.0,0.215,7,2.9,10.03,7.8,727.02
SH103297,2025-11-28,Hub_West,3,SwiftLine,Van,Standard,Clear,147.9,22.7,0.232,6,4.6,10.54,7.98,879.03
SH103298,2025-07-16,Hub_East,2,RoadRunner,Truck,Standard,Rain,93.5,12.1,0.094,4,6.8,8.54,7.38,850.81
SH103299,2025-10-20,Hub_South,1,RoadRunner,Bike,Express,Clear,51.3,25.2,0.221,5,4.0,7.98,4.57,319.82
SH103300,2025-08-21,Hub_South,2,RoadRunner,Van,Standard,,58.2,31.1,0.307,3,4.7,6.22,5.4,424.39
SH103301,2025-04-08,Hub_East,3,CargoPlus,Bike,Express,Clear,147.2,36.9,0.319,8,3.7,15.2,12.99,727.41
SH103302,2025-08-08,Hub_East,4,CargoPlus,Bike,Standard,Clear,101.7,72.8,0.587,8,6.0,12.2,11.57,445.69
SH103303,2025-04-11,Hub_East,3,CargoPlus,Van,Standard,Clear,63.1,21.8,0.089,5,5.2,7.01,6.41,449.15
SH103304,2025-02-13,Hub_South,6,RoadRunner,Van,Standard,Clear,27.8,26.9,0.316,8,4.0,6.56,5.76,257.39
SH103305,2025-04-03,Hub_East,5,SwiftLine,Van,Standard,Clear,102.8,26.1,0.112,4,4.2,8.22,5.0,648.8
SH103306,2025-04-11,Hub_East,2,CargoPlus,Van,Standard,Storm,93.8,92.8,0.461,2,5.8,7.28,9.61,706.59
SH103307,2025-02-19,Hub_West,8,SwiftLine,Van,Standard,Clear,101.8,18.1,0.079,4,3.4,8.18,5.67,606.13
SH103308,2025-01-09,Hub_North,6,SwiftLine,Van,Express,Clear,47.5,22.6,0.204,8,5.4,7.31,5.05,481.66
SH103309,2025-12-11,Hub_East,4,SwiftLine,Bike,Standard,Rain,61.3,23.8,0.153,7,5.6,9.24,8.19,301.13
SH103310,2025-07-07,Hub_South,1,RoadRunner,Van,Standard,Clear,118.6,9.7,0.108,1,5.8,7.93,6.93,717.81
SH103311,2025-05-27,Hub_North,8,RoadRunner,Van,Standard,Rain,18.7,35.5,0.31,6,4.4,5.61,4.23,200.19
SH103312,2025-12-06,Hub_East,6,SwiftLine,Van,Standard,Clear,61.0,29.6,0.303,7,6.7,7.53,6.6,397.11
SH103313,2025-03-24,Hub_East,4,CargoPlus,Bike,Standard,Rain,32.6,17.4,0.09,1,7.4,5.55,5.29,192.34
SH103314,2025-05-28,Hub_South,2,SwiftLine,Bike,Express,Rain,44.6,36.7,0.267,5,6.8,7.54,6.08,354.46
SH103315,2025-11-06,Hub_East,1,SwiftLine,Van,Standard,Clear,110.1,33.1,0.298,8,5.9,9.7,6.81,688.48
SH103316,2025-08-19,Hub_South,3,SwiftLine,Bike,Standard,Clear,66.8,11.8,0.065,3,2.6,8.4,5.68,293.88
SH103317,2025-05-26,Hub_North,2,SwiftLine,Truck,Standard,Clear,40.4,35.8,0.253,6,8.9,6.73,5.28,426.3
SH103318,2025-04-04,Hub_South,2,CargoPlus,Van,Standard,Clear,90.1,5.8,0.058,4,5.6,7.74,6.53,526.03
SH103319,2025-01-13,Hub_South,4,SwiftLine,Bike,Standard,Clear,53.4,27.1,0.256,2,6.1,7.22,5.05,276.01
SH103320,2025-02-01,Hub_East,1,SwiftLine,Truck,Standard,Clear,65.5,14.0,0.157,4,4.1,7.27,4.36,578.62
SH103321,2025-03-01,Hub_West,3,SwiftLine,Van,Standard,Clear,78.4,63.1,0.534,4,5.1,7.29,6.14,577.74
SH103322,2025-10-15,Hub_East,7,CargoPlus,Truck,Standard,Clear,131.4,50.2,0.284,4,7.9,10.25,9.06,1196.4
SH103323,2025-08-22,Hub_North,7,CargoPlus,Van,Standard,Rain,78.4,63.5,0.7,3,7.1,6.99,7.95,514.84
SH103324,2025-06-08,Hub_South,1,RoadRunner,Van,Standard,Clear,58.9,15.2,0.178,8,,7.75,7.19,401.66
SH103325,2025-10-13,Hub_North,6,RoadRunner,Van,Standard,Clear,87.7,12.2,0.096,5,,7.95,8.25,547.54
SH103326,2025-02-28,Hub_East,8,CargoPlus,Van,Express,Storm,90.5,24.3,0.114,6,3.5,8.35,8.14,675.97
SH103327,2025-03-18,Hub_North,5,SwiftLine,Van,Standard,Rain,56.2,16.4,0.099,5,2.1,6.74,5.61,343.17
SH103328,2025-05-24,Hub_South,4,SwiftLine,Van,Standard,Storm,66.8,14.0,0.14,3,1.6,6.55,6.2,435.46
SH103329,2025-12-01,Hub_East,4,RoadRunner,Van,Express,Clear,70.5,52.8,0.211,8,7.1,8.19,7.38,609.97
SH103330,2025-08-13,Hub_East,2,SwiftLine,Bike,Standard,Clear,120.7,52.3,0.333,4,4.1,12.26,10.14,519.23
SH103331,2025-11-07,Hub_North,4,RoadRunner,Truck,Express,Clear,19.4,43.2,0.3,1,5.2,4.28,2.46,370.98
SH103332,2025-04-01,Hub_South,8,RoadRunner,Van,Standard,Storm,85.3,6.2,0.064,4,7.7,7.55,8.19,507.2
SH103333,2025-11-06,Hub_East,5,SwiftLine,Truck,Standard,Rain,106.1,33.4,0.25,4,6.2,9.11,7.99,1016.33
SH103334,2025-01-27,Hub_South,4,RoadRunner,Van,Standard,Rain,118.9,21.3,0.175,4,3.1,8.84,7.24,698.08
SH103335,2025-03-25,Hub_North,1,SwiftLine,Van,Standard,Clear,31.3,40.7,0.381,2,8.7,4.89,3.48,232.74
SH103336,2025-07-10,Hub_West,8,SwiftLine,Van,Express,,30.8,39.4,0.405,4,4.9,5.48,3.22,361.19
SH103337,2025-01-19,Hub_South,2,CargoPlus,Van,Standard,Rain,52.1,30.8,0.207,1,5.4,5.39,5.04,375.72
SH103338,2025-11-10,Hub_South,6,RoadRunner,Truck,Standard,Clear,98.1,53.1,0.285,3,4.1,8.45,6.63,995.97
SH103339,2025-11-13,Hub_North,3,SwiftLine,Van,Express,Clear,112.0,30.1,0.164,7,3.3,9.47,6.87,821.95
SH103340,2025-07-17,Hub_South,3,SwiftLine,Van,Standard,Clear,28.5,5.3,0.028,6,6.0,5.99,4.42,182.37
SH103341,2025-04-22,Hub_South,2,SwiftLine,Van,Standard,Rain,79.4,20.2,0.099,7,2.6,8.23,6.14,484.26
SH103342,2025-02-06,Hub_North,4,SwiftLine,Bike,Standard,Clear,109.1,15.3,0.115,2,5.3,10.89,8.68,420.8
SH103343,2025-08-14,Hub_East,6,SwiftLine,Van,Standard,Rain,57.6,12.1,0.066,8,8.7,7.7,6.28,330.41
SH103344,2025-07-16,Hub_South ,4,SwiftLine,Van,Standard,Clear,82.5,12.8,0.131,2,7.0,6.85,6.69,464.63
SH103345,05/10/2025,Hub_West,1,CargoPlus,Van,Express,Clear,37.2,18.3,0.073,5,5.9,6.02,3.9,395.13
SH103346,2025-08-08,Hub_West,3,CargoPlus,Van,Standard,Clear,93.4,16.4,0.191,8,3.3,9.06,7.68,598.78
SH103347,2025-02-16,Hub_North,2,CargoPlus,Van,Express,Clear,64.9,34.8,0.143,3,5.4,6.48,5.31,588.42
SH103348,2025-02-14,Hub_North,4,roadrunner,Bike,Standard,Clear,,14.6,0.096,1,3.9,7.46,5.29,266.22
SH103349,2025-10-13,Hub_East,8,RoadRunner,Van,Standard,Clear,80.8,36.0,0.361,3,8.4,7.08,5.76,564.72
SH103350,2025-02-28,Hub_West,8,RoadRunner,Van,Standard,Clear,26.2,45.7,0.502,1,4.6,4.4,3.18,243.36
SH103351,2025-12-09,Hub_West,8,CargoPlus,Truck,Standard,Clear,53.0,35.4,0.166,5,3.9,7.0,5.44,530.59
SH103352,2025-02-08,Hub_North,1,RoadRunner,Van,Standard,Clear,109.1,27.6,0.287,7,5.1,9.36,7.95,677.4
SH103353,2025-09-23,Hub_North,4,RoadRunner,Van,Standard,Rain,28.3,37.9,0.379,6,3.9,5.98,5.0,256.09
SH103354,2025-12-22,Hub_North,1,CargoPlus,Van,Express,Clear,30.1,12.4,0.095,2,6.0,4.85,3.4,440.18
SH103355,2025-06-11,Hub_West,4,RoadRunner,Bike,Standard,Clear,55.9,6.0,0.054,1,9.1,7.08,4.96,222.36
SH103356,2025-01-21,Hub_East,5,SwiftLine,Bike,Standard,Clear,70.1,39.0,0.271,3,5.5,8.62,6.36,323.4
SH103357,2025-11-16,Hub_South,7,SwiftLine,Bike,Standard,Clear,78.5,29.9,0.194,8,3.7,10.67,7.98,376.49
SH103358,2025-03-10,Hub_East ,3,RoadRunner,Bike,Standard,Clear,158.7,66.3,0.283,3,5.2,14.46,13.64,654.52
SH103359,2025-07-12,Hub_North,1,SwiftLine,Bike,Standard,Rain,79.9,46.3,0.188,8,3.0,10.77,7.99,318.51
SH103360,2025-12-26,Hub_East,4,SwiftLine,Van,Standard,Clear,85.0,20.3,0.167,8,10.0,8.74,8.05,578.9
SH103361,2025-09-29,Hub_North,4,SwiftLine,Van,Express,Clear,119.1,22.1,0.09,7,9.1,9.74,8.31,854.09
SH103362,2025-01-17,Hub_East,5,SwiftLine,Bike,Standard,Clear,46.0,28.2,0.141,2,8.0,6.73,4.23,155.73
SH103363,2025-10-27,Hub_East,1,CargoPlus,Van,Express,Clear,,23.0,0.11,2,7.0,7.0,6.0,657.78
SH103364,2025-02-28,Hub_East,5,SwiftLine,Bike,Standard,Rain,97.6,27.8,0.252,2,5.2,10.13,8.33,373.23
SH103365,2025-10-01,Hub_South,4,SwiftLine,Van,Express,Clear,91.1,17.0,0.159,3,5.2,7.48,5.22,672.99
SH103366,2025-08-15,Hub_West,6,RoadRunner,Truck,Express,Rain,,41.9,0.42,4,5.1,7.86,7.15,885.88
SH103367,2025-04-16,Hub_East,8,SwiftLine,Van,Standard,Rain,75.8,34.1,0.402,6,10.0,7.79,7.89,522.7
SH103368,2025-06-04,Hub_North,2,RoadRunner,Bike,Express,Clear,40.4,24.2,0.287,1,5.1,6.06,3.77,354.84
SH103369,2025-02-13,Hub_North,7,RoadRunner,Van,Standard,Clear,59.1,11.1,0.063,3,4.4,6.26,5.09,413.18
SH103370,2025-12-27,Hub_East,2,SwiftLine,Van,Standard,Rain,140.2,23.9,0.163,3,5.3,9.35,9.06,884.63
SH103371,2025-03-28,Hub_North,8,RoadRunner,Bike,Standard,Rain,52.4,31.2,0.265,4,6.5,7.75,7.22,246.36
SH103372,2025-04-23,Hub_North,4,SwiftLine,Truck,Standard,Clear,72.4,23.0,0.1,5,,7.88,5.15,635.36
SH103373,2025-07-03,Hub_North,6,RoadRunner,Van,Standard,Clear,70.0,19.5,0.108,6,6.3,7.57,6.66,389.73
SH103374,2025-09-03,Hub_North,7,CargoPlus,Bike,Standard,,86.6,4.4,0.048,8,1.0,11.21,6.89,342.63
SH103375,2025-07-04,Hub_South,5,CargoPlus,Van,Standard,Clear,69.7,94.9,0.689,1,8.4,6.06,5.65,554.71
SH103376,2025-07-04,Hub_East,4,SwiftLine,Van,Express,Clear,64.2,13.7,0.108,2,2.1,6.15,3.84,569.71
SH103377,2025-08-01,Hub_North,7,RoadRunner,Van,Standard,Clear,107.4,32.3,0.32,2,3.9,7.8,6.27,687.51
SH103378,2025-11-10,Hub_East,4,CargoPlus,Truck,Standard,Clear,79.8,12.1,0.127,3,1.7,7.62,5.72,691.38
SH103379,2025-05-25,Hub_North,6,CargoPlus,Truck,Standard,Clear,75.9,30.5,0.333,1,9.1,6.84,6.0,712.74
SH103380,2025-10-31,Hub_South,5,SwiftLine,Bike,Standard,Clear,54.2,32.5,0.363,4,5.5,7.87,6.07,269.64
SH103381,2025-10-15,Hub_North,4,RoadRunner,Bike,Express,Rain,59.9,20.8,0.132,3,10.0,7.95,7.26,352.96
SH103382,2025-12-17,Hub_East,1,swiftline,Van,Standard,Clear,81.4,22.9,0.211,5,9.5,7.71,5.35,557.39
SH103383,2025-11-30,Hub_West,3,SwiftLine,Van,Standard,Rain,112.5,16.0,0.078,4,,8.59,8.68,670.14
SH103384,2025-10-19,Hub_South,8,RoadRunner,Van,Express,Clear,130.7,94.9,1.115,6,2.7,9.89,7.4,1003.66
SH103385,2025-04-01,Hub_North,5,RoadRunner,Van,Standard,Clear,84.6,43.6,0.268,7,5.8,8.43,7.06,526.23
SH103386,2025-10-10,Hub_North,6,SwiftLine,Truck,Standard,Clear,172.6,27.7,0.197,1,8.2,11.22,9.18,1596.83
SH103387,2025-09-26,Hub_North,3,CargoPlus,Van,Standard,Clear,62.4,17.3,0.198,2,6.3,6.08,4.88,402.53
SH103388,2025-04-16,Hub_West,6,RoadRunner,Truck,Standard,Clear,62.2,40.9,0.37,6,4.8,7.72,6.99,633.22
SH103389,2025-09-05,Hub_North,4,CargoPlus,Truck,Express,Clear,123.1,41.2,0.26,3,6.2,9.58,8.83,1244.71
SH103390,2025-04-03,Hub_West,2,CargoPlus,Bike,Standard,Rain,77.6,,0.058,8,6.4,10.61,10.39,295.67
SH103391,2025-07-10,Hub_East,2,CargoPlus,Bike,Standard,Clear,55.1,7.6,0.06,1,2.5,7.03,5.02,234.65
SH103392,2025-10-18,Hub_South,4,CargoPlus,Bike,Standard,Clear,71.3,17.1,0.149,1,4.4,8.1,6.81,302.94
SH103393,2025-03-10,Hub_West,5,SwiftLine,Truck,Standard,,43.2,16.6,0.155,4,6.8,6.26,4.78,444.84
SH103394,2025-05-03,Hub_North,3,SwiftLine,Van,Standard,Rain,66.1,8.2,0.044,5,,7.12,5.2,440.31
SH103395,2025-10-18,Hub_East,2,CargoPlus,Truck,Standard,Clear,40.7,13.7,0.132,1,6.0,5.24,4.47,422.46
SH103396,2025-06-15,Hub_North,3,SwiftLine,Van,Standard,Clear,43.1,11.2,0.077,4,4.7,5.94,4.4,306.37
SH103397,2025-12-17,Hub_West,3,SwiftLine,Van,Standard,Rain,81.0,53.6,0.619,3,5.1,7.09,6.23,544.09
SH103398,2025-01-03,Hub_South,6,RoadRunner,Truck,Standard,Clear,,31.2,0.288,6,4.0,5.91,4.57,267.59
SH103399,2025-09-21,Hub_North,4,swiftline,Van,Standard,Clear,40.9,,0.383,7,5.3,6.76,4.54,281.58
SH103400,2025-10-25,Hub_West ,4,SwiftLine,Van,Standard,Clear,48.9,42.7,0.181,5,7.2,6.47,5.14,356.23
SH103401,2025-12-02,Hub_North,2,RoadRunner,Van,Express,Clear,58.8,11.9,0.134,8,10.0,7.74,7.05,510.73
SH103402,2025-02-27,Hub_North,5,SwiftLine,Bike,Standard,Rain,93.7,34.3,0.378,5,3.1,10.78,9.77,397.89
SH103403,2025-12-26,Hub_East,8,RoadRunner,Bike,Express,Clear,57.8,19.3,0.156,3,8.0,7.81,5.89,388.55
SH103404,2025-05-24,Hub_South,6,SwiftLine,Bike,Standard,,137.8,53.5,0.632,1,6.3,12.48,11.62,592.64
SH103405,2025-05-09,Hub_West,4,RoadRunner,Van,Standard,Clear,52.1,48.8,0.488,3,2.3,5.99,5.44,362.04
SH103406,2025-05-10,Hub_East,3,SwiftLine,Van,Standard,Rain,23.3,60.3,0.721,3,5.3,4.89,4.64,205.9
SH103407,2025-08-21,Hub_East,3,RoadRunner,Van,Standard,Rain,42.2,12.9,0.13,7,5.1,6.81,6.44,283.59
SH103408,2025-08-29,Hub_North,1,SwiftLine,Bike,Standard,Storm,80.4,23.1,0.262,4,5.5,9.6,8.93,366.49
SH103409,2025-06-22,Hub_North,1,SwiftLine,Van,Express,Rain,43.0,16.4,0.091,6,7.6,6.54,5.53,455.51
SH103410,2025-01-26,Hub_West,7,CargoPlus,Truck,Express,Rain,51.4,15.4,0.086,2,9.4,6.03,5.51,623.42
SH103411,2025-12-27,Hub_North,7,SwiftLine,Van,Standard,Clear,122.6,,0.136,4,8.1,8.98,7.68,730.83
SH103412,2025-03-23,Hub_South,8,RoadRunner,Truck,Standard,Clear,140.6,39.0,0.384,7,5.9,11.57,9.84,1296.24
SH103413,04/02/2025,Hub_North,6,swiftline,Bike,Standard,Clear,34.3,15.8,0.097,8,,7.76,6.81,199.89
SH103414,2025-08-07,Hub_North,8,SwiftLine,Bike,Standard,Clear,63.9,13.7,0.1,3,9.7,8.21,6.47,244.18
SH103415,2025-05-31,Hub_East,4,SwiftLine,Van,Standard,Clear,79.5,,0.083,4,3.4,7.33,6.24,484.68
SH103416,2025-08-13,Hub_East,3,CargoPlus,Van,Standard,,109.7,8.7,0.099,3,8.0,8.19,7.55,657.92
SH103417,2025-11-16,Hub_East,2,SwiftLine,Van,Standard,Clear,57.4,16.0,0.159,8,3.2,7.69,5.35,406.08
SH103418,2025-02-05,Hub_West,2,SwiftLine,Truck,Standard,Clear,79.2,49.8,0.214,1,2.4,6.99,4.34,803.8
SH103419,2025-04-14,Hub_North,6,RoadRunner,Bike,Standard,Clear,119.0,80.5,0.336,8,6.8,13.34,12.42,484.25
SH103420,2025-07-08,Hub_South,1,SwiftLine,Truck,Standard,Rain,72.3,19.5,0.233,6,2.2,8.18,6.36,702.79
SH103421,2025-10-15,Hub_North,8,CargoPlus,Bike,Standard,Clear,17.4,51.6,0.37,8,4.7,6.65,5.99,167.56
SH103422,2025-08-08,Hub_East,7,CargoPlus,Van,Standard,Clear,63.5,67.4,0.594,2,8.2,6.12,6.29,499.52
SH103423,2025-05-20,Hub_South,4,RoadRunner,Van,Standard,Clear,47.1,48.2,0.558,1,3.7,5.2,3.9,361.14
SH103424,2025-08-11,Hub_East,6,RoadRunner,Van,Express,Clear,,5.7,0.066,2,9.1,5.56,4.14,448.31
SH103425,2025-12-24,Hub_North,2,SwiftLine,Bike,Standard,Clear,50.6,19.3,0.092,3,1.0,7.34,5.4,230.1
SH103426,2025-06-25,Hub_West,4,CargoPlus,Truck,Standard,Clear,22.1,58.3,0.53,2,7.6,4.7,4.94,295.86
SH103427,2025-11-19,Hub_West,1,RoadRunner,Truck,Standard,Rain,135.9,40.3,0.481,3,2.7,10.16,9.17,1232.61
SH103428,2025-10-12,Hub_West,1,SwiftLine,Van,Standard,Rain,113.1,45.8,0.249,3,5.1,8.32,7.64,721.38
SH103429,2025-04-20,Hub_North,1,CargoPlus,Van,Standard,Clear,145.9,,0.239,6,5.9,10.47,8.83,846.07
SH103430,2025-04-02,Hub_West,7,CargoPlus,Van,Standard,Clear,179.1,31.7,0.323,3,4.9,10.83,9.71,1058.36
SH103431,2025-10-09,Hub_North,6,RoadRunner,Van,Standard,Clear,77.8,21.0,0.097,3,5.0,6.97,4.86,489.26
SH103432,2025-03-17,Hub_South,8,SwiftLine,Van,Express,Clear,54.7,51.1,0.363,7,2.6,7.29,5.38,-558.3
SH103433,2025-05-03,Hub_North,8,RoadRunner,Van,Standard,Storm,88.5,21.2,0.12,2,8.3,7.08,8.73,573.01
SH103434,2025-03-27,Hub_North,8,CargoPlus,Truck,Standard,Clear,90.3,28.5,0.127,3,3.0,8.09,7.32,897.77
SH103435,2025-08-10,Hub_East ,8,RoadRunner,Van,Standard,Clear,54.6,17.1,0.082,3,3.0,6.08,5.15,322.3
SH103436,2025-04-18,Hub_North,1,SwiftLine,Bike,Standard,Storm,53.8,13.9,0.094,4,5.3,7.85,8.48,225.2
SH103437,2025-08-29,Hub_South,7,SwiftLine,Truck,Standard,Clear,682.0,,0.465,3,4.1,7.09,4.92,725.98
SH103438,2025-12-08,Hub_East,6,SwiftLine,Bike,Standard,Storm,51.9,50.4,0.586,5,7.2,8.02,7.71,283.5
SH103439,2025-10-30,Hub_West,2,SwiftLine,Bike,Standard,Clear,90.8,15.6,0.179,7,4.4,11.18,9.04,346.95
SH103440,2025-12-13,Hub_East,2,CargoPlus,Truck,Standard,Rain,37.7,32.3,0.355,4,5.5,6.01,5.87,382.36
SH103441,2025-01-09,Hub_East,8,SwiftLine,Bike,Standard,Clear,100.5,50.3,0.512,8,5.7,12.12,10.81,449.38
SH103442,2025-06-16,Hub_North,8,SwiftLine,Bike,Express,Rain,129.0,89.5,0.387,6,,13.4,13.29,702.76
SH103443,2025-03-22,Hub_West,3,CargoPlus,Van,Standard,Rain,194.1,34.0,0.246,3,,11.41,11.12,1146.7
SH103444,2025-12-02,Hub_North,1,RoadRunner,Truck,Standard,Clear,141.7,48.8,0.499,3,2.2,10.42,8.29,1337.98
SH103445,2025-09-17,Hub_North,3,SwiftLine,Bike,Standard,Rain,192.7,48.3,0.567,1,3.9,16.1,12.92,780.22
SH103446,2025-04-27,Hub_North,1,CargoPlus,Van,Standard,Clear,91.5,44.2,0.34,1,7.8,6.89,7.3,582.92
SH103447,2025-07-25,Hub_East,6,SwiftLine,Bike,Standard,Clear,34.4,6.8,0.065,6,6.2,7.17,4.44,174.18
SH103448,2025-08-09,Hub_South,4,CargoPlus,Van,Standard,Clear,75.1,31.4,0.376,7,4.8,8.07,6.63,500.47
SH103449,2025-06-30,Hub_East,1,SwiftLine,Van,Standard,Clear,171.9,21.4,0.192,4,5.6,10.86,8.63,1031.65
SH103450,2025-06-23,Hub_South,8,RoadRunner,Bike,Standard,Clear,,13.5,0.138,2,5.0,12.9,10.97,538.63
SH103451,2025-01-21,Hub_South,7,RoadRunner,Truck,Standard,Clear,61.8,12.2,0.143,4,7.1,7.1,5.64,617.93
SH103452,2025-06-15,Hub_South,8,SwiftLine,Van,Standard,Clear,24.9,17.1,0.166,5,6.2,5.55,3.38,188.43
SH103453,2025-05-08,Hub_North,8,RoadRunner,Truck,Standard,Clear,89.2,57.5,0.291,3,4.9,8.04,7.34,837.24
SH103454,2025-10-26,Hub_South,1,SwiftLine,Truck,Standard,Clear,33.3,11.8,0.14,4,7.3,5.81,3.21,337.23
SH103455,2025-11-12,Hub_East,7,RoadRunner,Truck,Standard,Clear,88.0,44.5,0.464,4,7.9,8.29,7.29,848.11
SH103456,2025-10-01,Hub_South,7,SwiftLine,Van,Standard,Rain,93.2,65.5,0.401,1,3.7,6.96,4.76,575.48
SH103457,2025-01-12,Hub_North,7,CargoPlus,Van,Standard,Clear,136.3,17.1,0.203,2,3.7,8.9,6.73,838.92
SH103458,2025-11-04,Hub_East,3,RoadRunner,Truck,Standard,Rain,26.3,62.3,0.289,1,10.0,4.59,3.86,337.64
SH103459,2025-05-25,Hub_South ,4,RoadRunner,Van,Express,Clear,110.3,,0.594,5,6.8,8.81,7.74,837.6
SH103460,2025-06-01,Hub_North,8,SwiftLine,Van,Standard,Clear,68.5,21.0,0.225,8,,8.11,6.68,431.88
SH103461,2025-12-11,Hub_North,1,RoadRunner,Van,Express,Clear,153.8,29.3,0.182,8,,11.37,9.26,1041.73
SH103462,2025-11-13,Hub_South,6,RoadRunner,Van,Standard,Clear,106.7,15.0,0.163,6,6.4,8.97,5.68,679.76
SH103463,2025-01-19,Hub_South,7,SwiftLine,Van,Standard,Clear,78.1,,0.111,8,1.2,8.48,5.0,506.38
SH103464,2025-05-12,Hub_East,7,RoadRunner,Truck,Standard,Clear,46.3,118.5,1.377,4,3.1,6.4,5.11,652.49
SH103465,2025-10-01,Hub_North,5,SwiftLine,Van,Express,Clear,71.9,28.2,0.249,6,6.8,7.64,5.14,610.66
SH103466,2025-07-16,Hub_East,7,SwiftLine,Van,Standard,Clear,123.3,18.4,0.15,5,3.7,9.3,7.32,761.44
SH103467,05/04/2025,Hub_North,8,RoadRunner,Bike,Express,Rain,72.2,6.9,0.082,4,5.2,9.06,6.7,395.59
SH103468,2025-07-11,Hub_East,7,SwiftLine,Truck,Standard,Clear,71.0,34.1,0.144,6,7.3,8.12,5.76,689.74
SH103469,2025-11-13,Hub_East,1,SwiftLine,Van,Standard,Clear,72.8,13.2,0.107,8,5.8,8.28,5.26,484.69
SH103470,2025-03-23,Hub_South,2,RoadRunner,Van,Standard,Clear,54.7,10.2,0.101,4,6.3,6.39,5.0,384.81
SH103471,2025-09-30,Hub_North,3,RoadRunner,Truck,Standard,Clear,43.8,,0.165,6,8.3,6.88,4.58,466.0
SH103472,2025-09-26,Hub_South,3,SwiftLine,Truck,Express,Storm,47.3,14.7,0.061,2,,5.84,5.01,-596.55
SH103473,2025-11-20,Hub_West,3,SwiftLine,Van,Express,Clear,76.1,45.5,0.406,5,5.4,7.5,5.5,638.75
SH103474,2025-04-19,Hub_West,2,RoadRunner,Van,Standard,Clear,112.8,6.4,0.043,6,8.0,9.2,8.99,674.86
SH103475,2025-03-20,Hub_North,6,RoadRunner,Bike,Standard,Clear,81.2,38.5,0.302,3,,9.35,7.58,355.92
SH103476,2025-07-19,Hub_East,1,RoadRunner,Truck,Standard,Storm,124.4,72.4,0.65,7,6.0,10.84,12.12,1199.75
SH103477,2025-07-13,Hub_South,7,RoadRunner,Van,Standard,Clear,140.8,35.8,0.254,7,6.6,10.57,10.74,889.57
SH103478,2025-05-30,Hub_North,6,CargoPlus,Van,Standard,,177.5,47.3,0.27,7,5.3,11.97,11.42,1081.22
SH103479,2025-10-12,Hub_East ,8,CargoPlus,Bike,Express,Rain,169.7,16.1,0.095,7,5.1,16.38,14.58,709.85
SH103480,2025-10-19,Hub_South,1,SwiftLine,Van,Standard,Clear,35.6,48.5,0.267,5,3.3,5.96,3.92,296.97
SH103481,2025-03-31,Hub_South,3,SwiftLine,Van,Express,Rain,96.5,35.4,0.344,5,5.4,8.28,7.55,733.15
SH103482,2025-10-18,Hub_West,8,SwiftLine,Van,Express,Clear,59.3,29.9,0.152,8,2.3,7.76,5.27,539.03
SH103483,2025-03-26,Hub_South,4,SwiftLine,Van,Standard,Clear,48.4,57.9,0.682,3,5.2,5.85,4.67,373.31
SH103484,2025-05-29,Hub_East,5,SwiftLine,Truck,Standard,Clear,66.0,40.2,0.162,1,5.6,6.39,4.95,685.42
SH103485,2025-01-10,Hub_South ,1,CargoPlus,Van,Standard,Clear,148.3,13.8,0.089,4,7.0,9.96,8.9,868.24
SH103486,2025-05-05,Hub_North,7,SwiftLine,Truck,Standard,Clear,123.5,20.6,0.215,4,3.1,9.9,7.03,1157.82
SH103487,2025-12-16,Hub_South,3,SwiftLine,Bike,Standard,Rain,76.5,66.4,0.313,5,6.2,9.64,8.47,378.41
SH103488,2025-06-11,Hub_West,8,RoadRunner,Van,Standard,Clear,104.1,12.7,0.111,2,6.6,7.67,6.15,643.54
SH103489,2025-09-17,Hub_South,3,CargoPlus,Bike,Standard,Rain,90.2,12.7,0.08,2,5.5,9.64,9.44,371.26
SH103490,2025-02-09,Hub_North,2,SwiftLine,Van,Express,Clear,66.0,45.3,0.531,8,6.4,8.02,5.69,617.01
SH103491,2025-08-20,Hub_East,5,CargoPlus,Truck,Standard,Clear,51.7,20.1,0.116,4,6.0,6.64,6.2,523.27
SH103492,2025-05-16,Hub_West,4,CargoPlus,Bike,Standard,Clear,71.9,73.5,0.336,4,1.0,9.04,7.61,438.52
SH103493,2025-09-29,Hub_West,4,RoadRunner,Truck,Express,Rain,107.5,40.8,0.364,1,3.7,8.27,6.93,1130.96
SH103494,2025-12-05,Hub_East,8,RoadRunner,Van,Standard,Clear,156.7,21.4,0.15,1,9.8,9.38,8.63,894.08
SH103495,2025-07-14,Hub_South,3,RoadRunner,Van,Standard,Clear,97.0,35.5,0.399,7,6.8,8.9,7.05,622.33
SH103496,2025-02-07,Hub_East,4,SwiftLine,Bike,Standard,Clear,56.6,16.2,0.183,6,4.3,8.63,5.71,263.67
SH103497,2025-06-23,Hub_West,5,RoadRunner,Van,Standard,Rain,45.1,80.9,0.838,4,6.2,6.02,6.78,412.68
SH103498,2025-02-14,Hub_West ,2,SwiftLine,Truck,Standard,Clear,88.6,30.7,0.154,4,6.9,8.31,5.7,810.62
SH103499,14/06/2025,Hub_West,7,RoadRunner,Van,Standard,Clear,26.7,22.8,0.211,4,,5.32,4.29,210.32
SH103500,2025-01-23,Hub_South,2,CargoPlus,Van,Standard,Clear,227.1,18.2,0.086,7,4.7,13.87,12.3,1294.29
SH103501,2025-08-22,Hub_North,2,SwiftLine,Truck,Standard,Rain,96.1,13.5,0.057,8,4.3,9.85,7.87,859.15
SH103502,2025-04-24,Hub_East,1,RoadRunner,Van,Standard,Rain,135.7,,0.084,4,4.5,9.48,8.44,805.01
SH103503,2025-03-15,Hub_North,3,swiftline,Bike,Standard,Rain,119.8,17.1,0.136,4,4.4,12.2,10.52,458.97
SH103504,2025-01-07,Hub_North,5,SwiftLine,Van,Express,Clear,95.3,8.6,0.065,4,4.3,7.94,4.38,677.97
SH103505,2025-11-21,Hub_South,6,RoadRunner,Van,Standard,Clear,92.3,21.3,0.217,4,5.9,7.82,5.99,561.61
SH103506,2025-11-02,Hub_East,8,SwiftLine,Truck,Standard,Clear,110.4,24.2,0.198,3,4.7,9.0,6.79,1030.05
SH103507,2025-10-24,Hub_West,7,CargoPlus,Van,Standard,Clear,63.1,36.0,0.22,3,5.4,6.41,5.53,416.04
SH103508,2025-01-22,Hub_East,3,SwiftLine,Van,Standard,Storm,77.1,15.5,0.079,4,9.2,7.24,7.36,463.21
SH103509,2025-05-08,Hub_West,7,CargoPlus,Truck,Express,Clear,113.5,14.6,0.125,7,3.6,10.34,8.05,1200.15
SH103510,2025-12-21,Hub_East,2,SwiftLine,Van,Express,Clear,35.6,25.8,0.242,3,6.2,5.36,3.07,378.75
SH103511,2025-07-31,Hub_East,2,SwiftLine,Van,Standard,Clear,75.8,22.9,0.131,4,,7.19,5.54,443.32
SH103512,2025-02-16,Hub_North,3,CargoPlus,Truck,Standard,Clear,,34.1,0.309,3,7.4,7.24,6.6,663.64
SH103513,2025-02-21,Hub_East,5,RoadRunner,Bike,Standard,Clear,25.9,6.6,0.072,4,7.7,6.01,4.41,82.29
SH103514,2025-04-07,Hub_North,2,swiftline,Van,Standard,Clear,99.9,35.7,0.212,1,3.8,7.21,5.58,680.67
SH103515,2025-12-21,Hub_North ,8,CargoPlus,Truck,Standard,Clear,84.5,25.6,0.27,4,4.1,8.13,7.49,792.28
SH103516,2025-03-03,Hub_North,3,SwiftLine,Van,Standard,Storm,75.8,4.2,0.049,6,6.8,7.79,7.39,436.75
SH103517,2025-11-26,Hub_West,4,swiftline,Truck,Standard,Rain,124.1,21.6,0.248,6,5.0,10.52,8.77,1139.12
SH103518,2025-09-05,Hub_East,5,RoadRunner,Van,Standard,,114.4,43.7,0.224,6,8.3,9.27,9.66,773.19
SH103519,2025-12-03,Hub_West,4,RoadRunner,Van,Standard,Clear,118.7,27.8,0.122,5,3.1,9.13,6.55,727.49
SH103520,29/10/2025,Hub_West,4,RoadRunner,Van,Standard,Storm,71.8,23.3,0.229,5,7.7,7.34,9.48,508.35
SH103521,2025-05-02,Hub_West,8,CargoPlus,Bike,Standard,Clear,62.2,15.9,0.112,4,10.0,8.4,7.49,252.89
SH103522,2025-10-30,Hub_North,4,RoadRunner,Truck,Standard,Clear,83.5,6.6,0.036,8,6.3,9.28,7.99,729.57
SH103523,2025-03-03,Hub_West,1,SwiftLine,Bike,Standard,Clear,94.8,26.7,0.202,6,4.2,11.15,8.91,425.99
SH103524,2025-04-17,Hub_West,6,SwiftLine,Van,Express,Clear,106.2,50.4,0.42,3,3.9,8.05,5.1,796.63
SH103525,2025-03-19,Hub_West,6,SwiftLine,Van,Standard,Rain,48.3,66.4,0.352,6,5.2,6.74,5.75,384.47
SH103526,2025-02-18,Hub_North,2,RoadRunner,Bike,Express,Clear,91.8,12.3,0.053,3,6.9,10.05,9.03,496.96
SH103527,2025-02-02,Hub_North,7,SwiftLine,Van,Standard,Clear,131.2,28.4,0.291,6,2.5,9.91,7.73,802.25
SH103528,2025-03-10,Hub_West,4,RoadRunner,Van,Standard,Clear,51.5,29.5,0.226,3,4.9,5.97,5.94,361.79
SH103529,2025-02-13,Hub_North,2,RoadRunner,Bike,Standard,Clear,25.2,19.3,0.115,4,5.8,5.96,3.04,141.3
SH103530,2025-05-19,Hub_South ,2,CargoPlus,Truck,Standard,Rain,18.7,50.9,0.593,5,8.6,5.45,6.01,253.56
SH103531,2025-01-27,Hub_South,6,SwiftLine,Truck,Express,Clear,61.8,30.3,0.305,8,9.2,8.3,4.83,732.24
SH103532,2025-01-23,Hub_North,2,SwiftLine,Bike,Standard,Clear,43.8,9.7,0.07,5,5.2,7.49,5.33,205.93
SH103533,2025-12-28,Hub_North,4,CargoPlus,Truck,Standard,Rain,97.9,23.6,0.146,5,3.3,9.04,8.11,899.61
SH103534,02/02/2025,Hub_West,6,RoadRunner,Van,Express,Rain,90.0,45.5,0.447,8,5.8,8.93,7.18,732.86
SH103535,2025-01-28,Hub_West,7,roadrunner,Bike,Standard,Clear,28.4,10.6,0.104,7,5.9,7.07,5.17,156.03
SH103536,2025-01-11,Hub_West,4,RoadRunner,Van,Standard,Clear,128.2,25.6,0.283,1,7.9,8.29,7.24,790.62
SH103537,2025-02-18,Hub_North,8,cargoplus,Truck,Standard,Storm,53.8,27.0,0.111,4,4.6,6.74,8.32,528.0
SH103538,2025-07-12,Hub_North,3,SwiftLine,Van,Express,Clear,46.8,30.4,0.275,6,3.5,6.69,3.37,450.67
SH103539,2025-10-29,Hub_South,7,CargoPlus,Bike,Standard,Clear,87.8,41.4,0.259,3,5.5,9.79,8.38,388.18
SH103540,2025-09-26,Hub_South,3,SwiftLine,Van,Express,Clear,59.5,17.4,0.205,2,4.8,5.97,3.68,481.62
SH103541,2025-07-31,Hub_North,1,CargoPlus,Van,Standard,Clear,83.9,73.8,0.31,5,4.8,7.8,7.56,677.26
SH103542,2025-02-01,Hub_East,6,SwiftLine,Van,Standard,Storm,70.2,32.9,0.26,2,3.8,6.38,8.35,409.28
SH103543,2025-10-10,Hub_West,7,SwiftLine,Van,Express,Storm,135.4,88.1,0.853,5,3.0,9.77,9.63,1014.02
SH103544,2025-01-14,Hub_South ,8,SwiftLine,Truck,Express,Clear,84.9,19.5,0.195,6,6.7,8.75,6.69,921.8
SH103545,2025-08-19,Hub_South,8,CargoPlus,Van,Standard,Clear,66.1,37.3,0.338,3,6.0,6.52,5.59,474.02
SH103546,2025-05-30,Hub_South,1,CargoPlus,Bike,Standard,Rain,74.5,1.7,0.013,6,3.9,9.81,9.69,259.66
SH103547,2025-11-18,Hub_North,5,SwiftLine,Truck,Standard,Clear,121.6,77.8,0.877,7,7.1,10.71,9.01,1166.26
SH103548,2025-04-23,Hub_North,6,SwiftLine,Van,Standard,Clear,48.6,34.0,0.293,3,1.8,5.85,3.72,356.15
SH103549,2025-08-22,Hub_South,5,SwiftLine,Van,Standard,Storm,100.5,19.5,0.159,4,4.7,8.13,8.52,586.1
SH103550,2025-06-10,Hub_South ,1,SwiftLine,Van,Standard,Clear,76.6,,0.088,5,,7.52,5.76,442.58
SH103551,2025-07-10,Hub_South,1,CargoPlus,Van,Express,Clear,77.8,34.5,0.26,6,7.7,7.87,7.18,658.12
SH103552,2025-12-09,Hub_West,6,SwiftLine,Bike,Standard,Rain,44.0,17.9,0.159,5,4.4,7.5,6.01,226.29
SH103553,2025-09-18,Hub_North,7,CargoPlus,Van,Standard,Rain,62.0,49.3,0.327,3,7.7,6.37,7.22,450.31
SH103554,2025-06-01,Hub_North,2,CargoPlus,Truck,Standard,Clear,55.9,72.2,0.411,2,4.2,6.23,4.73,635.48
SH103555,2025-06-13,Hub_North,1,SwiftLine,Truck,Express,Clear,76.4,30.8,0.237,4,7.1,7.76,5.69,854.85
SH103556,2025-09-15,Hub_North,4,RoadRunner,Van,Standard,Clear,36.4,44.8,0.3,3,8.9,5.39,3.35,283.57
SH103557,2025-05-07,Hub_East,3,CargoPlus,Bike,Standard,Clear,24.0,21.8,0.094,3,3.5,5.58,4.32,118.36
SH103558,03/03/2025,Hub_West,8,CargoPlus,Van,Standard,Rain,59.3,3.5,0.028,7,5.8,7.46,8.53,386.66
SH103559,2025-06-20,Hub_West,8,roadrunner,Truck,Standard,Rain,122.8,36.2,0.335,4,6.6,9.86,9.69,1117.62
SH103560,2025-01-25,Hub_East,5,SwiftLine,Van,Standard,Clear,96.1,42.4,0.187,8,3.0,9.17,6.58,648.13
SH103561,2025-03-03,Hub_South ,8,SwiftLine,Van,Express,Clear,72.6,22.1,0.189,6,6.4,7.67,5.52,582.6
SH103562,2025-06-03,Hub_North,2,CargoPlus,Van,Standard,Clear,45.5,7.2,0.047,2,4.4,5.44,4.21,332.81
SH103563,2025-10-18,Hub_South,8,SwiftLine,Bike,Standard,Clear,17.8,17.7,0.077,2,3.8,4.87,2.23,97.83
SH103564,2025-10-13,Hub_South,4,RoadRunner,Van,Express,Clear,,34.9,0.167,6,4.7,6.95,3.84,475.18
SH103565,2025-04-06,Hub_West,4,roadrunner,Van,Standard,Clear,67.7,21.5,0.209,2,4.5,6.28,4.75,447.6
SH103566,2025-06-04,Hub_South,1,RoadRunner,Van,Standard,Rain,41.0,23.6,0.196,8,7.1,7.06,6.41,289.84
SH103567,2025-02-26,Hub_North,2,SwiftLine,Van,Standard,Rain,92.6,65.6,0.764,3,5.5,7.53,6.66,644.83
SH103568,2025-10-03,Hub_North,2,SwiftLine,Truck,Standard,Clear,91.5,33.7,0.319,1,10.0,7.55,7.12,863.1
SH103569,31/03/2025,Hub_North,4,CargoPlus,Van,Standard,Rain,58.8,84.7,0.991,3,4.4,6.24,7.39,469.1
SH103570,2025-10-19,Hub_West,2,SwiftLine,Truck,Express,Clear,69.7,9.1,0.057,7,6.4,8.36,6.19,758.48
SH103571,2025-11-04,Hub_North,1,swiftline,Van,Express,Clear,69.0,7.5,0.065,2,5.2,6.33,3.46,495.26
SH103572,2025-09-09,Hub_North,5,CargoPlus,Van,Standard,Clear,88.4,40.3,0.341,4,2.9,7.67,6.45,619.87
SH103573,2025-05-01,Hub_North,7,RoadRunner,Van,Standard,Rain,47.9,53.2,0.436,7,8.7,7.03,7.64,361.89
SH103574,2025-12-14,Hub_West,1,RoadRunner,Van,Standard,Clear,217.9,39.1,0.437,7,5.7,13.51,12.56,1304.08
SH103575,2025-09-08,Hub_South,5,CargoPlus,Van,Express,Clear,36.3,97.6,0.802,2,3.9,5.09,4.56,444.28
SH103576,2025-08-24,Hub_East,8,RoadRunner,Van,Standard,Clear,48.2,67.4,0.412,7,6.3,7.04,5.83,377.28
SH103577,2025-11-09,Hub_South,4,CargoPlus,Bike,Standard,Clear,82.2,56.3,0.541,6,7.6,10.32,10.69,388.11
SH103578,2025-11-18,Hub_North,2,CargoPlus,Truck,Standard,Clear,157.9,15.6,0.095,2,3.8,10.85,9.87,1449.15
SH103579,2025-01-29,Hub_West,1,SwiftLine,Van,Standard,Clear,56.5,14.4,0.067,4,5.6,6.46,5.03,381.95
SH103580,2025-11-18,Hub_North,8,SwiftLine,Bike,Standard,Rain,44.7,57.8,0.503,2,7.6,6.65,8.02,277.69
SH103581,2025-10-07,Hub_North,4,SwiftLine,Truck,Standard,Clear,64.6,23.4,0.119,2,5.8,6.63,5.28,609.39
SH103582,2025-03-17,Hub_East,1,RoadRunner,Bike,Standard,Clear,101.9,,0.466,8,6.6,12.22,11.88,432.73
SH103583,2025-04-23,Hub_North,7,RoadRunner,Truck,Standard,Clear,,23.4,0.176,3,5.0,8.73,7.56,954.98
SH103584,2025-10-02,Hub_North,7,RoadRunner,Van,Standard,Rain,95.8,6.3,0.069,3,,7.66,6.27,583.15
SH103585,2025-03-21,Hub_West,6,CargoPlus,Van,Standard,Clear,166.3,60.9,0.441,1,,9.75,8.19,1070.67
SH103586,2025-06-15,Hub_South,1,RoadRunner,Bike,Standard,Rain,104.7,41.3,0.296,3,4.4,10.9,9.52,423.83
SH103587,2025-09-09,Hub_North,1,CargoPlus,Bike,Standard,Clear,114.9,18.1,0.134,1,5.3,10.97,9.27,433.4
SH103588,2025-08-26,Hub_South,2,RoadRunner,Bike,Standard,Clear,120.4,4.0,0.039,7,4.4,13.14,10.13,420.77
SH103589,2025-11-29,Hub_East,2,RoadRunner,Bike,Standard,Rain,42.1,82.2,0.431,3,5.8,6.77,6.68,283.04
SH103590,2025-02-10,Hub_North,5,SwiftLine,Van,Standard,Clear,68.5,47.7,0.321,8,4.8,8.11,6.33,511.61
SH103591,2025-04-18,Hub_North,4,RoadRunner,Van,Standard,Clear,48.6,43.0,0.264,7,7.1,7.05,6.72,378.43
SH103592,2025-12-26,Hub_East,7,RoadRunner,Van,Standard,Clear,50.9,,0.352,7,6.7,7.14,5.4,396.95
SH103593,2025-07-27,Hub_East,1,SwiftLine,Bike,Standard,Rain,61.6,,0.116,4,3.7,8.36,7.28,248.13
SH103594,2025-04-01,Hub_West,6,CargoPlus,Bike,Express,Clear,87.4,67.5,0.611,8,8.0,11.26,10.77,512.35
SH103595,2025-04-16,Hub_South,8,RoadRunner,Bike,Standard,Clear,154.1,0.6,0.005,5,4.1,14.76,12.35,551.12
SH103596,2025-05-04,Hub_North,2,SwiftLine,Bike,Standard,Clear,99.8,15.1,0.076,2,3.3,10.28,7.44,401.24
SH103597,2025-07-22,Hub_South,6,CargoPlus,Van,Standard,Clear,91.2,17.2,0.148,2,7.6,7.18,7.76,587.48
SH103598,2025-04-14,Hub_East,5,SwiftLine,Bike,Express,Clear,62.3,16.7,0.174,8,4.3,9.61,6.22,382.14
SH103599,2025-08-15,Hub_North,1,RoadRunner,Van,Standard,Clear,161.9,25.4,0.175,8,5.7,11.68,9.82,946.35
SH103600,2025-06-12,Hub_East,3,RoadRunner,Truck,Express,Clear,34.9,45.7,0.513,5,2.9,6.18,4.34,536.44
SH103601,2025-08-11,Hub_North,7,SwiftLine,Van,Standard,Rain,106.0,10.2,0.069,3,,8.04,6.91,664.07
SH103602,2025-02-26,Hub_West,7,RoadRunner,Bike,Standard,Clear,25.1,7.7,0.041,6,5.3,6.55,5.16,151.88
SH103603,2025-08-16,Hub_West,3,SwiftLine,Van,Standard,Clear,79.2,51.9,0.551,2,4.7,6.72,5.02,528.55
SH103604,2025-12-04,Hub_South,1,SwiftLine,Van,Standard,Clear,121.0,20.8,0.177,7,4.5,9.82,7.87,743.84
SH103605,2025-02-19,Hub_West,2,RoadRunner,Bike,Standard,Clear,74.9,16.1,0.131,3,5.6,8.94,7.8,253.39
SH103606,2025-04-30,Hub_West,7,SwiftLine,Truck,Standard,Clear,136.9,73.3,0.836,4,7.5,10.5,9.55,1339.57
SH103607,2025-09-11,Hub_North,5,CargoPlus,Van,Standard,Rain,45.5,48.4,0.513,8,3.6,7.24,8.23,362.1
SH103608,14/08/2025,Hub_South,4,SwiftLine,Truck,Standard,Clear,17.3,,0.18,7,1.0,5.98,4.15,213.0
SH103609,2025-09-04,Hub_East,1,swiftline,Truck,Standard,,36.3,3.2,0.031,6,8.0,6.54,5.32,391.58
SH103610,2025-07-24,Hub_North,7,CargoPlus,Van,Express,Clear,63.0,31.2,0.269,1,4.2,5.8,4.98,535.35
SH103611,2025-09-07,Hub_South,4,RoadRunner,Van,Standard,Clear,87.6,15.5,0.129,1,4.4,6.74,3.93,546.39
SH103612,2025-08-11,Hub_North,5,RoadRunner,Van,Express,Clear,53.2,47.4,0.325,5,4.4,6.63,4.13,497.4
SH103613,2025-01-28,Hub_West,7,RoadRunner,Truck,Express,Clear,79.5,49.7,0.271,2,2.8,7.3,5.01,867.9
SH103614,2025-10-02,Hub_South,5,CargoPlus,Van,Express,Storm,96.4,24.9,0.264,3,4.7,7.68,7.65,732.03
SH103615,2025-06-13,Hub_East,8,SwiftLine,Van,Standard,Rain,47.0,18.1,0.073,7,,6.99,6.28,329.67
SH103616,2025-01-19,Hub_South,5,SwiftLine,Bike,Standard,Clear,47.7,25.6,0.284,3,6.4,7.14,5.9,175.39
SH103617,2025-05-30,Hub_North,3,CargoPlus,Van,Express,Clear,32.5,22.6,0.138,7,4.4,6.44,5.78,388.62
SH103618,2025-06-08,Hub_West,8,SwiftLine,Van,Standard,Rain,137.0,37.4,0.221,6,1.0,10.13,7.57,844.81
SH103619,2025-02-01,Hub_North,6,RoadRunner,Truck,Standard,Clear,138.6,26.5,0.107,1,2.8,9.68,7.77,1274.01
SH103620,30/12/2025,Hub_North,7,RoadRunner,Bike,Standard,Rain,79.1,38.0,0.261,1,7.7,8.61,9.46,352.2
SH103621,2025-03-23,Hub_South,2,RoadRunner,Truck,Standard,Clear,38.0,23.8,0.112,3,3.8,5.72,4.38,422.46
SH103622,2025-05-01,Hub_East,6,CargoPlus,Bike,Standard,Clear,150.4,,0.084,1,6.6,13.31,13.12,571.71
SH103623,2025-06-10,Hub_South,5,CargoPlus,Van,Standard,,47.8,30.4,0.289,1,4.1,5.22,4.24,350.44
SH103624,2025-10-31,Hub_North,1,SwiftLine,Van,Standard,Clear,33.4,17.3,0.127,4,7.1,5.57,4.6,270.99
SH103625,2025-09-29,Hub_South,3,RoadRunner,Van,Express,Clear,47.1,62.4,0.255,1,5.7,5.2,3.28,528.47
SH103626,2025-10-09,Hub_North,8,RoadRunner,Van,Standard,Clear,44.2,35.8,0.234,8,2.6,7.19,4.74,303.68
SH103627,2025-03-28,Hub_North,5,SwiftLine,Bike,Standard,,39.0,16.4,0.066,2,3.2,6.27,4.67,165.69
SH103628,2025-11-05,Hub_South,7,CargoPlus,Bike,Standard,Clear,52.8,37.2,0.421,8,2.5,8.98,7.48,235.79
SH103629,2025-10-30,Hub_North,2,RoadRunner,Truck,Standard,Clear,76.0,37.5,0.408,4,7.3,7.74,7.05,755.1
SH103630,2025-06-19,Hub_North,2,SwiftLine,Bike,Standard,Clear,105.4,32.7,0.223,5,3.0,11.55,8.99,405.37
SH103631,2025-07-19,Hub_East,8,CargoPlus,Van,Standard,Clear,65.2,17.8,0.105,1,,5.89,4.42,372.71
SH103632,2025-01-14,Hub_East,4,CargoPlus,Van,Express,Clear,65.5,48.2,0.234,7,5.3,7.7,5.71,562.51
SH103633,2025-10-05,Hub_North,8,SwiftLine,Bike,Standard,Clear,64.4,48.4,0.467,6,5.9,9.14,8.48,304.28
SH103634,2025-12-17,Hub_South,7,CargoPlus,Truck,Standard,Rain,33.4,14.7,0.073,5,4.6,6.11,5.74,355.97
SH103635,2025-06-22,Hub_North,3,SwiftLine,Truck,Standard,Rain,104.0,10.8,0.101,4,2.3,9.01,6.72,971.44
SH103636,2025-07-17,Hub_West,8,SwiftLine,Truck,Standard,Rain,121.5,19.4,0.118,5,3.1,10.11,8.41,1123.72
SH103637,2025-07-02,Hub_North,7,swiftline,Truck,Standard,Clear,146.9,40.3,0.396,4,3.4,10.96,7.82,1349.52
SH103638,2025-01-31,Hub_North,2,CargoPlus,Van,Standard,Clear,60.3,19.0,0.136,7,1.0,7.5,5.52,377.58
SH103639,2025-08-15,Hub_South,1,SwiftLine,Truck,Express,Clear,142.6,37.6,0.192,8,6.4,11.96,10.14,1374.63
SH103640,2025-09-21,Hub_North,2,SwiftLine,Bike,Standard,Rain,110.5,48.1,0.299,4,6.5,11.58,10.3,448.76
SH103641,2025-12-05,Hub_North,6,RoadRunner,Bike,Express,Clear,40.2,8.7,0.083,3,3.4,6.65,3.49,293.66
SH103642,2025-12-06,Hub_North,2,RoadRunner,Van,Express,Rain,47.8,46.7,0.443,7,8.1,7.02,6.08,490.78
SH103643,2025-06-29,Hub_East,3,SwiftLine,Van,Standard,Storm,76.8,25.0,0.219,1,5.3,6.33,7.06,519.77
SH103644,2025-12-17,Hub_East,4,SwiftLine,Van,Standard,Clear,65.4,86.7,0.571,5,7.2,7.1,6.88,537.86
SH103645,2025-07-12,Hub_East,2,CargoPlus,Van,Standard,Clear,36.5,24.4,0.222,4,,5.69,5.11,277.25
SH103646,2025-08-23,Hub_East,3,RoadRunner,Van,Standard,Clear,76.5,16.9,0.073,5,5.2,7.52,6.32,474.45
SH103647,2025-08-08,Hub_South,6,CargoPlus,Truck,Express,Clear,77.5,34.9,0.308,4,1.4,7.81,5.01,829.54
SH103648,2025-12-31,Hub_West,8,SwiftLine,Bike,Standard,Clear,109.9,36.3,0.372,7,5.9,12.44,10.69,422.49
SH103649,2025-09-27,Hub_East,4,RoadRunner,Bike,Standard,Clear,55.4,98.0,0.5,4,6.6,7.95,6.81,330.36
SH103650,2025-02-13,Hub_West,6,CargoPlus,Van,Standard,Rain,48.6,,0.227,2,4.2,5.55,5.88,402.36
SH103651,2025-01-27,Hub_East,5,SwiftLine,Truck,Standard,Clear,32.2,24.2,0.272,4,5.8,5.76,4.04,397.45
SH103652,2025-05-30,Hub_South ,4,SwiftLine,Truck,Express,Clear,83.6,19.0,0.222,7,5.4,8.99,6.32,865.73
SH103653,2025-07-08,Hub_North,5,SwiftLine,Bike,Standard,Clear,78.8,31.3,0.133,3,3.6,9.19,7.14,345.8
SH103654,2025-09-02,Hub_South,8,SwiftLine,Truck,Standard,Rain,156.6,24.1,0.269,4,5.3,11.4,9.78,1371.07
SH103655,2025-06-25,Hub_North,1,SwiftLine,Van,Standard,Clear,106.2,24.3,0.11,5,4.5,8.65,6.23,663.71
SH103656,2025-07-07,Hub_South,5,CargoPlus,Truck,Standard,Rain,55.6,70.7,0.497,5,6.3,7.12,6.94,599.32
SH103657,2025-12-03,Hub_North,1,RoadRunner,Bike,Standard,Clear,74.0,18.5,0.155,7,4.3,10.08,9.29,299.15
SH103658,2025-05-03,Hub_North,8,RoadRunner,Van,Standard,Rain,36.1,35.1,0.203,8,4.1,6.88,6.18,313.98
SH103659,2025-06-30,Hub_West,5,SwiftLine,Van,Standard,Rain,60.1,67.7,0.457,3,2.2,6.29,5.15,474.64
SH103660,2025-07-23,Hub_East,1,RoadRunner,Van,Express,Rain,80.5,21.7,0.244,6,9.9,7.97,7.8,654.88
SH103661,2025-06-20,Hub_East,5,RoadRunner,Bike,Standard,Rain,160.4,24.6,0.133,5,4.6,15.17,13.79,600.28
SH103662,2025-12-20,Hub_South,4,CargoPlus,Van,Standard,Clear,44.0,25.8,0.214,6,3.2,6.58,4.06,299.81
SH103663,2025-12-18,Hub_East,1,RoadRunner,Van,Standard,Clear,134.8,11.6,0.123,7,6.7,10.34,10.2,764.86
SH103664,2025-07-07,Hub_West,8,CargoPlus,Van,Standard,Rain,83.1,23.0,0.136,7,5.9,8.37,7.89,521.76
SH103665,2025-06-14,Hub_East,4,SwiftLine,Van,Standard,Clear,105.0,11.0,0.126,4,6.6,8.31,5.97,625.37
SH103666,2025-08-03,Hub_East ,1,RoadRunner,Van,Standard,Clear,72.7,84.3,0.998,8,6.8,8.27,7.51,544.8
SH103667,2025-03-08,Hub_South,5,CargoPlus,Truck,Standard,Clear,50.8,20.1,0.123,2,7.7,6.0,4.99,482.33
SH103668,2025-06-05,Hub_South,4,RoadRunner,Van,Standard,Clear,131.3,48.4,0.377,6,3.4,9.91,7.84,831.57
SH103669,2025-03-21,Hub_East,6,RoadRunner,Van,Standard,Clear,57.9,30.6,0.125,4,5.8,6.51,5.34,434.32
SH103670,22/02/2025,Hub_West,2,cargoplus,Truck,Standard,Clear,102.1,14.7,0.172,4,2.3,8.93,5.96,875.93
SH103671,2025-02-04,Hub_South,7,CargoPlus,Van,Standard,Clear,37.7,22.6,0.115,5,4.9,6.04,5.5,247.92
SH103672,2025-08-03,Hub_South,4,SwiftLine,Van,Standard,Clear,42.6,17.8,0.132,6,6.8,6.53,5.29,305.75
SH103673,2025-01-01,Hub_South,4,SwiftLine,Van,Express,Rain,25.3,16.0,0.15,7,,6.17,3.34,275.11
SH103674,2025-08-24,Hub_South,7,RoadRunner,Truck,Standard,Clear,68.7,18.4,0.169,3,10.0,7.11,6.65,613.63
SH103675,2025-06-07,Hub_West,5,CargoPlus,Bike,Standard,Rain,83.1,34.2,0.315,7,5.5,10.68,59.519999999999996,406.69
SH103676,2025-05-14,Hub_East,1,RoadRunner,Van,Standard,Storm,74.0,36.3,0.15,7,1.9,8.02,8.37,511.88
SH103677,2025-10-08,Hub_South,5,SwiftLine,Bike,Standard,Clear,,35.5,0.351,7,6.9,7.31,5.88,258.83
SH103678,2025-07-16,Hub_South,6,RoadRunner,Truck,Standard,Clear,43.0,34.2,0.341,6,9.9,6.85,6.52,410.68
SH103679,2025-09-25,Hub_South,3,SwiftLine,Van,Standard,Clear,104.2,36.1,0.302,4,1.0,8.28,5.81,715.76
SH103680,2025-09-16,Hub_North,2,SwiftLine,Truck,Express,Rain,54.9,18.3,0.18,3,6.9,6.49,4.13,619.48
SH103681,2025-01-12,Hub_South,1,SwiftLine,Van,Standard,Clear,75.8,40.6,0.163,3,3.5,6.89,4.97,536.12
SH103682,2025-03-20,Hub_West,7,SwiftLine,Bike,Standard,Clear,52.9,15.1,0.08,4,5.4,7.79,6.08,176.0
SH103683,2025-07-28,Hub_East,1,RoadRunner,Van,Standard,Clear,98.3,19.2,0.088,4,2.9,8.05,5.66,614.79
SH103684,2025-12-23,Hub_North,5,SwiftLine,Truck,Standard,Clear,53.2,6.5,0.042,2,7.2,6.11,3.82,510.32
SH103685,2025-02-26,Hub_East,7,SwiftLine,Bike,Standard,Clear,65.8,13.9,0.078,3,4.9,8.34,6.15,258.81
SH103686,2025-02-08,Hub_East,3,RoadRunner,Bike,Express,Clear,117.5,35.9,0.197,2,7.8,11.44,10.62,551.45
SH103687,2025-12-10,Hub_North,2,swiftline,Van,Standard,Rain,74.7,38.4,0.282,8,3.4,8.35,6.72,497.59
SH103688,2025-12-19,Hub_East,6,SwiftLine,Van,Express,Clear,45.6,,0.493,5,5.1,6.34,4.32,493.66
SH103689,2025-03-03,Hub_East,6,SwiftLine,Bike,Standard,Clear,90.7,14.4,0.12,1,1.0,9.38,5.28,321.62
SH103690,2025-05-27,Hub_West,1,SwiftLine,Van,Standard,Clear,32.0,15.4,0.165,4,10.0,5.52,4.07,232.39
SH103691,2025-08-17,Hub_North,5,RoadRunner,Van,Standard,Clear,44.6,12.0,0.086,5,9.3,6.3,4.06,300.51
SH103692,2025-03-13,Hub_North,1,SwiftLine,Van,Standard,Clear,33.4,36.5,0.265,4,,5.57,4.36,286.1
SH103693,2025-04-30,Hub_South,4,SwiftLine,Van,Standard,Clear,99.6,13.2,0.054,4,8.6,8.1,7.18,-566.47
SH103694,2025-05-25,Hub_North,3,SwiftLine,Van,Standard,Storm,87.6,53.9,0.543,5,4.3,7.94,8.44,582.39
SH103695,2025-08-23,Hub_South,7,SwiftLine,Truck,Standard,Clear,94.4,18.5,0.163,7,5.4,9.48,7.74,872.7
SH103696,2025-04-23,Hub_East,8,SwiftLine,Van,Standard,Clear,81.2,26.3,0.132,6,6.1,8.0,6.34,513.48
SH103697,2025-05-31,Hub_North,6,SwiftLine,Van,Standard,Rain,130.0,,0.169,5,6.2,9.56,7.78,770.24
SH103698,2025-04-16,Hub_South,6,SwiftLine,Van,Standard,Clear,80.2,54.1,0.29,6,3.3,7.96,5.31,580.24
SH103699,2025-10-05,Hub_West,1,SwiftLine,Van,Standard,Clear,54.5,70.7,0.513,1,3.2,5.48,3.73,462.95
SH103700,2025-02-25,Hub_South,1,cargoplus,Van,Standard,Clear,46.5,33.2,0.143,1,2.8,5.17,4.09,361.06
SH103701,2025-03-26,Hub_South,7,SwiftLine,Van,Standard,Rain,79.7,41.6,0.426,6,4.6,7.94,6.4,527.44
SH103702,2025-04-02,Hub_East,4,SwiftLine,Truck,Standard,Clear,124.7,13.9,0.091,4,4.9,9.95,6.96,1114.26
SH103703,2025-11-27,Hub_North,5,RoadRunner,Van,Standard,Clear,37.1,,0.755,4,4.6,5.72,3.06,368.36
SH103704,2025-12-11,Hub_North,6,swiftline,Bike,Standard,Clear,93.3,42.8,0.264,7,6.0,11.35,10.61,418.52
SH103705,2025-07-02,Hub_East,3,CargoPlus,Van,Standard,Rain,65.8,112.4,0.779,5,2.7,7.11,8.51,590.86
SH103706,2025-02-27,Hub_South,6,SwiftLine,Van,Standard,Rain,115.6,27.5,0.313,5,3.8,9.01,7.02,716.4
SH103707,2025-10-03,Hub_North,6,RoadRunner,Bike,Standard,Clear,29.8,15.4,0.082,1,4.0,5.36,3.0,172.15
SH103708,2025-06-29,Hub_North ,2,CargoPlus,Truck,Express,Clear,,,0.233,8,7.1,12.61,12.17,1540.49
SH103709,2025-11-07,Hub_West,6,SwiftLine,Truck,Standard,Clear,65.4,53.2,0.277,5,5.9,7.56,4.75,706.45
SH103710,2025-05-12,Hub_North,2,SwiftLine,Van,Standard,Clear,26.9,67.0,0.534,3,6.2,5.03,4.34,224.76
SH103711,2025-12-31,Hub_East,3,RoadRunner,Van,Standard,Clear,36.7,84.4,0.928,5,3.6,6.0,5.54,363.08
SH103712,2025-10-22,Hub_South,7,CargoPlus,Bike,Standard,Clear,167.9,16.2,0.086,8,5.6,16.57,14.92,623.79
SH103713,2025-03-23,Hub_East,8,SwiftLine,Van,Express,Clear,93.1,9.6,0.041,2,4.0,7.25,5.23,714.91
SH103714,2025-09-22,Hub_North,1,RoadRunner,Van,Standard,Rain,61.8,25.2,0.149,1,4.0,5.76,4.72,403.86
SH103715,2025-04-15,Hub_North,6,SwiftLine,Truck,Standard,Clear,186.8,13.8,0.084,5,6.2,13.06,11.61,1656.87
SH103716,2025-05-08,Hub_South,5,RoadRunner,Van,Standard,Clear,78.6,48.6,0.353,7,4.2,8.2,6.67,558.73
SH103717,2025-04-02,Hub_East,5,SwiftLine,Bike,Express,Clear,112.2,24.2,0.241,8,5.3,12.9,9.34,584.28
SH103718,2025-09-07,Hub_North,7,RoadRunner,Bike,Standard,Rain,42.7,22.3,0.098,7,5.0,8.01,8.53,216.75
SH103719,2025-04-06,Hub_South,1,SwiftLine,Bike,Standard,Clear,60.6,22.4,0.192,1,3.2,7.39,4.65,271.71
SH103720,2025-08-22,Hub_South,6,RoadRunner,Truck,Standard,Clear,77.9,20.8,0.204,5,4.3,8.13,6.22,724.5
SH103721,2025-08-01,Hub_North,3,SwiftLine,Truck,Express,Clear,56.9,9.6,0.1,3,4.4,6.58,4.35,685.12
SH103722,2025-10-02,Hub_East,2,RoadRunner,Truck,Standard,Clear,161.0,14.6,0.171,2,4.7,11.0,9.84,1460.03
SH103723,2025-12-29,Hub_North,4,RoadRunner,Truck,Standard,Storm,129.2,42.4,0.45,3,1.9,9.85,9.15,1223.65
SH103724,2025-01-04,Hub_South,1,CargoPlus,Bike,Express,Clear,917.0,12.6,0.061,8,4.0,11.54,10.07,489.63
SH103725,2025-12-28,Hub_North,6,CargoPlus,Van,Standard,Clear,36.6,41.3,0.223,5,7.3,6.0,5.36,305.25
SH103726,2025-02-09,Hub_South,5,RoadRunner,Van,Standard,Clear,63.8,29.7,0.29,2,6.4,6.13,4.94,417.79
SH103727,12/07/2025,Hub_South,5,RoadRunner,Bike,Standard,Clear,47.1,,0.304,6,4.7,8.0,6.66,246.97
SH103728,2025-05-05,Hub_South,1,SwiftLine,Van,Standard,Rain,92.8,27.7,0.166,8,3.1,9.04,7.48,614.93
SH103729,2025-08-22,Hub_South,7,CargoPlus,Van,Standard,Clear,56.8,15.4,0.166,6,5.7,7.07,5.09,402.27
SH103730,2025-09-21,Hub_West,1,roadrunner,Truck,Standard,Clear,27.0,14.9,0.115,4,7.4,5.52,4.49,296.5
SH103731,2025-11-10,Hub_South,3,RoadRunner,Bike,Standard,Clear,85.4,,0.052,4,8.5,9.93,9.21,329.62
SH103732,2025-05-27,Hub_West,4,RoadRunner,Truck,Standard,Clear,55.2,,0.126,3,4.5,6.5,4.75,537.35
SH103733,2025-12-07,Hub_North,6,CargoPlus,Truck,Standard,Clear,138.4,23.6,0.143,8,3.4,11.77,10.05,1279.4
SH103734,2025-04-28,Hub_South,4,CargoPlus,Truck,Standard,Rain,39.5,57.4,0.27,3,6.5,5.79,5.99,475.02
SH103735,2025-03-16,Hub_North,7,CargoPlus,Bike,Standard,Clear,48.7,42.5,0.502,3,6.2,7.21,6.49,244.57
SH103736,2025-05-19,Hub_South,8,RoadRunner,Bike,Express,Clear,,21.8,0.138,1,5.5,7.51,5.77,402.6
SH103737,2025-07-12,Hub_East,7,SwiftLine,Van,Standard,Clear,87.7,13.1,0.106,7,4.2,8.55,6.14,501.11
SH103738,2025-09-01,Hub_West,1,CargoPlus,Van,Standard,Rain,117.3,37.2,0.166,4,2.9,8.78,7.64,721.79
SH103739,2025-10-31,Hub_East,7,RoadRunner,Bike,Standard,Clear,60.6,17.2,0.089,7,6.8,9.19,8.35,214.27
SH103740,2025-03-24,Hub_East,2,RoadRunner,Truck,Express,Clear,79.1,13.3,0.064,2,7.3,7.28,4.88,829.55
SH103741,2025-04-21,Hub_North,8,RoadRunner,Bike,Express,Clear,,37.5,0.165,1,4.8,5.44,4.26,292.28
SH103742,2025-12-09,Hub_North,8,RoadRunner,Van,Standard,Clear,49.0,14.6,0.134,4,8.9,6.17,4.85,277.86
SH103743,2025-06-10,Hub_East,1,RoadRunner,Truck,Standard,Clear,57.5,46.8,0.194,1,6.0,6.01,5.53,623.58
SH103744,2025-03-30,Hub_North,1,RoadRunner,Van,Standard,Rain,62.2,7.7,0.059,6,5.2,7.27,7.35,380.16
SH103745,2025-12-26,Hub_North,6,CargoPlus,Truck,Standard,Clear,98.0,14.5,0.135,8,3.1,9.94,8.18,885.22
SH103746,2025-06-13,Hub_West,2,cargoplus,Van,Standard,Storm,172.7,13.9,0.096,8,2.1,12.09,12.62,987.79
SH103747,2025-12-26,Hub_West,8,RoadRunner,Van,Standard,Clear,50.4,44.3,0.23,3,4.5,5.92,5.11,393.36
SH103748,2025-12-02,Hub_East,5,SwiftLine,Bike,Standard,Rain,92.6,26.8,0.155,2,6.2,9.8,8.97,408.36
SH103749,2025-11-27,Hub_South,5,RoadRunner,Van,Standard,Clear,128.9,43.5,0.227,6,10.0,9.82,9.94,822.92
SH103750,2025-08-01,Hub_West,7,RoadRunner,Van,Express,Clear,125.7,11.9,0.076,2,5.6,8.5,6.22,876.71
SH103751,2025-10-19,Hub_North,2,RoadRunner,Truck,Standard,Rain,43.9,42.6,0.292,1,6.7,5.39,6.21,423.43
SH103752,2025-12-17,Hub_South,5,CargoPlus,Truck,Express,Clear,,40.1,0.288,4,3.8,9.83,7.9,1251.46
SH103753,2025-04-09,Hub_South,8,swiftline,Bike,Standard,Clear,37.4,,0.085,7,5.9,7.66,5.27,196.44
SH103754,2025-01-14,Hub_West,1,SwiftLine,Bike,Standard,Rain,37.0,15.6,0.092,7,5.7,7.64,6.21,210.22
SH103755,2025-04-28,Hub_West,2,CargoPlus,Van,Express,Clear,73.7,15.8,0.144,3,3.6,6.81,5.46,602.63
SH103756,2025-08-21,Hub_East ,2,CargoPlus,Van,Standard,Rain,57.3,74.6,0.312,1,8.2,5.59,5.75,511.79
SH103757,2025-07-19,Hub_North,3,RoadRunner,Van,Standard,Clear,143.9,25.5,0.192,5,5.2,10.09,9.66,848.94
SH103758,2025-01-30,Hub_South,2,SwiftLine,Van,Standard,Clear,26.5,10.8,0.123,7,7.7,6.21,5.12,182.66
SH103759,2025-07-24,Hub_North,2,RoadRunner,Bike,Express,Clear,74.2,15.3,0.154,1,5.5,8.29,5.47,428.44
SH103760,2025-03-05,Hub_West,7,RoadRunner,Van,Standard,Clear,113.2,101.6,0.677,4,4.8,8.62,8.28,836.78
SH103761,2025-07-04,Hub_North,4,RoadRunner,Bike,Standard,Clear,25.3,29.6,0.248,1,3.9,5.07,3.16,198.37
SH103762,2025-07-30,Hub_North,3,SwiftLine,Van,Standard,Rain,59.2,23.4,0.277,4,4.8,6.56,4.94,347.48
SH103763,2025-08-21,Hub_East,4,SwiftLine,Van,Standard,Rain,111.7,7.5,0.073,7,8.4,9.46,8.42,667.61
SH103764,2025-05-31,Hub_South,8,RoadRunner,Van,Standard,Clear,70.6,13.7,0.119,5,3.7,7.29,5.13,471.29
SH103765,2025-05-30,Hub_West,4,RoadRunner,Van,Express,Clear,70.6,54.4,0.461,5,6.8,7.29,6.22,647.58
SH103766,2025-09-05,Hub_North,4,RoadRunner,Bike,Standard,Clear,117.5,,0.34,2,4.9,11.44,9.89,472.82
SH103767,2025-10-01,Hub_West,8,SwiftLine,Truck,Standard,Clear,89.2,14.1,0.078,7,6.7,9.24,7.65,815.81
SH103768,2025-10-22,Hub_North,1,SwiftLine,Van,Standard,Clear,49.3,96.9,0.836,7,5.9,7.08,5.96,370.93
SH103769,2025-05-02,Hub_North,4,SwiftLine,Truck,Express,Clear,156.4,29.9,0.203,2,,10.79,6.99,1582.67
SH103770,2025-06-04,Hub_South,6,CargoPlus,Van,Standard,Clear,65.4,111.2,0.861,6,5.8,7.4,7.0,570.68
SH103771,2025-05-01,Hub_North,5,SwiftLine,Van,Standard,Rain,36.2,12.0,0.052,3,9.8,5.38,5.23,233.86
SH103772,2025-07-12,Hub_East,7,roadrunner,Bike,Standard,Rain,72.5,9.5,0.098,8,6.1,10.28,9.33,277.2
SH103773,2025-02-16,Hub_North,8,RoadRunner,Van,Standard,Clear,68.3,25.2,0.138,7,7.4,7.81,7.48,457.45
SH103774,2025-06-06,Hub_North,3,CargoPlus,Van,Standard,Clear,87.7,7.7,0.065,7,6.1,8.55,7.05,545.01
SH103775,2025-03-10,Hub_East ,7,SwiftLine,Van,Standard,Clear,95.1,20.0,0.228,5,7.1,8.23,6.57,556.31
SH103776,2025-07-14,Hub_North,2,RoadRunner,Bike,Standard,Clear,31.9,38.6,0.234,4,4.1,6.4,5.26,171.35
SH103777,2025-11-07,Hub_East,2,CargoPlus,Van,Standard,Clear,62.6,35.6,0.236,6,5.3,7.29,7.1,446.65
SH103778,2025-12-26,Hub_East,8,SwiftLine,Bike,Standard,Clear,89.5,29.5,0.214,5,7.3,10.5,9.62,353.27
SH103779,2025-06-12,Hub_North,1,RoadRunner,Van,Standard,Rain,71.2,14.3,0.119,2,4.8,6.42,5.89,407.15
SH103780,2025-01-21,Hub_East,3,SwiftLine,Van,Standard,Clear,54.9,47.5,0.277,5,7.6,6.69,5.33,388.66
SH103781,2025-03-25,Hub_North,6,CargoPlus,Truck,Standard,Clear,103.0,23.3,0.231,5,3.5,9.27,7.2,947.81
SH103782,2025-02-08,Hub_South,4,RoadRunner,Bike,Standard,Clear,102.6,,0.035,8,5.6,12.26,10.36,332.81
SH103783,2025-10-05,Hub_North,7,SwiftLine,Bike,Express,Clear,27.0,12.7,0.06,6,5.0,6.68,5.42,305.05
SH103784,2025-12-26,Hub_West,3,CargoPlus,Van,Standard,Clear,9.6,12.8,0.103,7,10.0,5.57,4.04,140.42
SH103785,2025-07-22,Hub_East,5,RoadRunner,Bike,Standard,Clear,79.4,52.8,0.363,2,4.7,8.93,7.25,390.91
SH103786,2025-03-06,Hub_South,2,RoadRunner,Van,Standard,Clear,87.4,12.7,0.086,6,6.3,8.24,5.99,540.75
SH103787,2025-01-08,Hub_West,2,SwiftLine,Bike,Express,Clear,,34.6,0.411,3,1.5,8.14,4.49,378.51
SH103788,2025-12-23,Hub_South,2,SwiftLine,Truck,Standard,Clear,76.0,5.8,0.042,2,3.2,7.14,4.02,673.14
SH103789,2025-04-26,Hub_West,6,RoadRunner,Truck,Standard,Clear,65.3,37.9,0.159,1,6.1,6.36,4.54,681.19
SH103790,2025-02-10,Hub_East,2,RoadRunner,Van,Express,Rain,86.0,7.4,0.051,5,5.0,7.88,6.62,623.52
SH103791,2025-03-06,Hub_West,6,CargoPlus,Truck,Standard,Rain,55.6,51.6,0.454,8,5.0,8.02,8.44,584.02
SH103792,2025-04-04,Hub_West,3,swiftline,Van,Standard,Clear,56.6,,0.192,5,4.9,6.76,5.04,376.68
SH103793,2025-08-28,Hub_West,5,RoadRunner,Truck,Standard,Rain,65.4,43.4,0.2,8,5.1,8.46,7.33,652.74
SH103794,22/11/2025,Hub_North,7,SwiftLine,Van,Standard,Clear,87.0,22.4,0.12,6,2.1,8.22,4.72,546.71
SH103795,2025-04-11,Hub_East,7,RoadRunner,Truck,Standard,Clear,92.3,,0.163,1,5.3,7.58,4.87,841.12
SH103796,2025-09-08,Hub_West,1,SwiftLine,Bike,Standard,Clear,134.4,7.0,0.028,6,5.1,13.76,10.51,468.59
SH103797,2025-01-24,Hub_East,7,swiftline,Van,Standard,Clear,38.4,5.1,0.03,7,7.6,6.67,4.14,250.36
SH103798,2025-01-04,Hub_North,8,SwiftLine,Truck,Standard,Clear,23.2,15.8,0.187,7,7.2,6.25,4.13,254.1
SH103799,2025-01-21,Hub_West,6,RoadRunner,Van,Standard,Storm,102.6,25.9,0.239,5,1.0,8.52,8.81,616.95
SH103800,2025-12-03,Hub_North,2,SwiftLine,Bike,Standard,Clear,73.3,10.0,0.06,5,4.0,9.43,6.73,253.54
SH103801,2025-08-01,Hub_South,6,CargoPlus,Bike,Standard,Clear,25.6,82.0,0.455,8,9.1,7.19,8.02,227.46
SH103802,2025-10-21,Hub_South,6,SwiftLine,Bike,Standard,Clear,64.9,59.6,0.437,8,7.3,9.78,9.88,309.24
SH103803,2025-01-08,Hub_North,6,RoadRunner,Van,Standard,Rain,117.0,23.1,0.212,5,6.5,9.06,8.55,714.19
SH103804,2025-01-09,Hub_East,4,RoadRunner,Van,Standard,Clear,55.5,64.6,0.347,7,,7.32,5.08,409.02
SH103805,2025-11-06,Hub_North,5,SwiftLine,Van,Standard,Rain,,23.6,0.236,2,7.0,6.71,5.57,460.23
SH103806,2025-02-07,Hub_East,6,SwiftLine,Truck,Standard,,49.6,10.1,0.044,6,2.5,7.15,4.64,512.11
SH103807,2025-02-26,Hub_West,4,SwiftLine,Bike,Standard,Rain,40.8,21.0,0.117,7,4.4,7.89,7.01,184.15
SH103808,09/07/2025,Hub_South,7,RoadRunner,Truck,Standard,Clear,108.4,40.2,0.351,8,6.2,10.41,8.4,962.09
SH103809,10/08/2025,Hub_East,6,CargoPlus,Van,Express,Clear,52.4,14.4,0.139,8,6.7,7.5,4.94,486.94
SH103810,2025-03-25,Hub_North,3,SwiftLine,Truck,Standard,Clear,61.5,71.2,0.668,2,5.9,6.49,5.34,650.13
SH103811,2025-06-12,Hub_West,5,roadrunner,Truck,Standard,Clear,72.4,17.7,0.108,5,6.3,7.88,6.21,678.48
SH103812,2025-09-04,Hub_West,7,RoadRunner,Truck,Standard,Clear,49.2,43.8,0.31,5,5.8,6.83,5.36,522.45
SH103813,2025-06-11,Hub_North,4,RoadRunner,Bike,Standard,Clear,207.7,22.2,0.095,4,4.9,17.99,15.19,758.72
SH103814,2025-05-20,Hub_East,6,RoadRunner,Van,Standard,Clear,101.6,13.3,0.053,1,8.2,7.28,6.08,622.78
SH103815,2025-01-27,Hub_South,2,cargoplus,Truck,Standard,Clear,34.3,9.2,0.067,7,9.2,6.75,6.03,307.13
SH103816,2025-06-14,Hub_South,4,RoadRunner,Van,Standard,Clear,23.4,47.0,0.392,7,,6.09,3.54,202.31
SH103817,2025-10-21,Hub_East,6,CargoPlus,Bike,Standard,Clear,112.9,,0.34,1,3.1,10.84,8.96,408.16
SH103818,2025-08-17,Hub_South,8,SwiftLine,Van,Standard,Rain,80.2,15.1,0.177,3,5.0,7.06,6.25,487.52
SH103819,2025-11-22,Hub_East,6,CargoPlus,Truck,Standard,Storm,84.8,47.5,0.418,7,5.7,9.04,10.91,834.76
SH103820,2025-02-16,Hub_North,6,CargoPlus,Van,Standard,Clear,66.0,15.6,0.164,3,1.1,6.52,6.23,402.25
SH103821,05/01/2025,Hub_South,3,CargoPlus,Van,Standard,Clear,60.9,31.1,0.157,7,8.2,7.52,6.63,399.26
SH103822,2025-07-20,Hub_West ,6,SwiftLine,Truck,Standard,Storm,112.9,34.7,0.366,1,4.2,8.52,8.74,1027.96
SH103823,2025-03-07,Hub_North,3,CargoPlus,Van,Standard,Storm,40.3,89.9,0.542,3,3.8,5.54,8.35,370.63
SH103824,2025-08-05,Hub_East,1,SwiftLine,Bike,Express,Rain,125.2,86.6,0.63,8,4.8,13.75,12.14,696.64
SH103825,2025-11-26,Hub_North,2,RoadRunner,Van,Standard,Clear,75.2,15.8,0.066,1,4.6,6.27,5.66,466.35
SH103826,2025-05-04,Hub_West,5,SwiftLine,Van,Standard,Clear,32.9,13.2,0.102,5,,5.86,4.43,265.03
SH103827,2025-07-20,Hub_East,8,RoadRunner,Van,Standard,Rain,28.8,29.2,0.269,1,7.1,4.5,4.29,223.95
SH103828,2025-09-06,Hub_South,4,RoadRunner,Van,Standard,Clear,50.0,51.4,0.309,2,8.1,5.61,4.83,385.71
SH103829,2025-02-24,Hub_North,7,SwiftLine,Van,Standard,Clear,54.1,4.8,0.05,8,7.1,7.56,5.48,337.48
SH103830,2025-11-24,Hub_South,7,SwiftLine,Truck,Standard,Storm,29.5,73.9,0.843,4,3.6,5.64,6.59,399.51
SH103831,16/03/2025,Hub_West,5,SwiftLine,Truck,Standard,Rain,89.5,18.7,0.16,7,5.3,9.26,7.47,838.44
SH103832,2025-10-23,Hub_South,7,RoadRunner,Truck,Standard,Clear,96.3,50.0,0.298,7,5.7,9.56,8.78,927.43
SH103833,2025-08-29,Hub_South,4,CargoPlus,Van,Standard,Clear,93.7,18.9,0.182,3,6.1,7.58,7.8,647.43
SH103834,2025-02-21,Hub_East,4,RoadRunner,Bike,Standard,Rain,107.5,69.3,0.441,6,6.5,11.99,10.9,517.51
SH103835,2025-09-22,Hub_South,6,CargoPlus,Van,Standard,Clear,56.3,18.6,0.099,8,5.7,7.65,7.31,360.58
SH103836,2025-03-13,Hub_South,6,CargoPlus,Bike,Standard,Clear,83.1,41.4,0.26,4,5.3,9.78,8.96,396.08
SH103837,2025-08-07,Hub_South,5,SwiftLine,Van,Standard,Clear,107.0,26.3,0.198,8,7.3,9.58,8.58,694.81
SH103838,2025-12-17,Hub_North,4,RoadRunner,Bike,Standard,Clear,90.0,9.7,0.056,1,5.2,9.33,7.3,307.96
SH103839,2025-12-14,Hub_East,8,RoadRunner,Van,Standard,Rain,79.4,18.0,0.121,8,7.4,8.53,7.98,448.29
SH103840,2025-11-15,Hub_West,1,SwiftLine,Van,Standard,Storm,127.5,4.1,0.029,4,7.1,9.17,10.54,751.67
SH103841,2025-06-30,Hub_West,1,RoadRunner,Van,Standard,Clear,59.1,16.1,0.161,5,8.4,6.86,5.7,383.58
SH103842,2025-07-24,Hub_West,4,RoadRunner,Van,Standard,Clear,58.9,33.8,0.367,2,5.9,5.95,5.28,348.62
SH103843,2025-04-20,Hub_South,1,RoadRunner,Bike,Express,Clear,75.2,67.0,0.71,7,8.4,10.16,8.81,496.97
SH103844,2025-12-03,Hub_North,3,RoadRunner,Van,Standard,Clear,75.0,25.3,0.14,3,4.9,6.86,5.32,488.43
SH103845,2025-06-24,Hub_East,5,SwiftLine,Van,Standard,Rain,73.6,108.4,1.136,1,6.2,6.21,6.45,580.69
SH103846,2025-10-09,Hub_West,4,CargoPlus,Truck,Standard,Clear,30.7,54.9,0.501,1,7.0,4.79,4.6,416.61
SH103847,2025-05-12,Hub_East ,2,SwiftLine,Truck,Standard,Storm,113.9,13.7,0.081,2,3.5,8.86,9.22,1021.09
SH103848,2025-09-28,Hub_South,3,CargoPlus,Truck,Standard,Rain,83.0,,0.187,5,4.7,8.36,7.81,772.36
SH103849,23/03/2025,Hub_East,5,SwiftLine,Bike,Standard,Clear,17.6,38.6,0.261,6,4.2,6.06,4.3,149.72
SH103850,2025-09-25,Hub_East,8,RoadRunner,Van,Standard,Clear,24.8,,0.143,2,5.4,4.65,3.93,168.42
SH103851,2025-01-17,Hub_West,7,RoadRunner,Van,Standard,,126.9,33.5,0.36,1,4.4,8.24,9.95,761.3
SH103852,2025-02-08,Hub_East,5,SwiftLine,Van,Standard,Clear,53.6,16.7,0.122,2,5.7,5.75,3.4,287.08
SH103853,2025-05-09,Hub_South,2,SwiftLine,Van,Standard,Rain,72.5,26.1,0.116,1,5.3,6.17,5.87,484.3
SH103854,2025-06-25,Hub_North,2,SwiftLine,Truck,Standard,Clear,41.7,61.7,0.611,3,4.9,5.89,3.95,503.08
SH103855,2025-09-17,Hub_South,4,RoadRunner,Van,Standard,Clear,214.8,17.9,0.184,1,5.8,11.6,10.23,1252.86
SH103856,12/05/2025,Hub_South,2,CargoPlus,Van,Standard,Clear,67.3,7.3,0.063,2,4.1,6.27,5.18,424.83
SH103857,2025-01-07,Hub_West,6,SwiftLine,Truck,Standard,Clear,54.8,88.8,0.693,4,3.8,6.78,5.08,627.2
SH103858,2025-04-29,Hub_South,3,RoadRunner,Bike,Standard,Clear,109.8,47.8,0.486,3,3.1,11.24,8.99,495.12
SH103859,2025-06-10,Hub_South,7,CargoPlus,Truck,Express,Clear,38.3,37.3,0.156,4,1.9,6.04,3.29,533.14
SH103860,2025-07-18,Hub_South,3,RoadRunner,Van,Standard,Clear,117.2,72.4,0.628,2,4.1,8.17,7.39,807.37
SH103861,2025-08-24,Hub_East,4,CargoPlus,Bike,Standard,Clear,64.0,49.9,0.58,8,6.6,9.72,8.93,333.52
SH103862,2025-04-01,Hub_South,6,roadrunner,Truck,Express,Clear,99.2,19.0,0.197,1,,7.9,5.75,994.35
SH103863,2025-08-11,Hub_North,2,RoadRunner,Truck,Standard,,,88.0,0.546,4,5.5,7.93,7.63,860.24
SH103864,19/08/2025,Hub_West,7,SwiftLine,Truck,Express,Rain,61.9,33.7,0.382,2,4.7,6.5,5.3,704.38
SH103865,2025-10-11,Hub_South,5,SwiftLine,Bike,Standard,Clear,,44.6,0.251,5,9.4,6.62,5.46,185.25
SH103866,2025-07-10,Hub_South,6,RoadRunner,Bike,Standard,Storm,74.8,5.4,0.045,4,,9.23,9.36,281.33
SH103867,2025-10-23,Hub_North,4,CargoPlus,Van,Standard,Clear,46.4,11.2,0.101,7,4.4,6.97,5.7,341.12
SH103868,2025-03-22,Hub_East,8,swiftline,Bike,Standard,Clear,73.7,9.2,0.039,6,3.4,9.76,6.5,269.75
SH103869,2025-09-17,Hub_East,7,cargoplus,Bike,Standard,,104.9,8.6,0.043,7,8.9,12.11,11.9,394.94
SH103870,2025-01-17,Hub_West,2,swiftline,Van,Standard,Rain,90.0,39.5,0.33,4,2.7,7.73,6.74,550.22
SH103871,2025-02-07,Hub_North,5,roadrunner,Bike,Standard,Clear,15.7,13.3,0.072,3,3.9,5.03,3.7,103.13
SH103872,2025-11-12,Hub_West,8,CargoPlus,Van,Express,Rain,58.9,32.5,0.239,6,3.9,7.15,6.54,516.44
SH103873,2025-06-23,Hub_East,3,CargoPlus,Van,Standard,Clear,50.7,48.9,0.472,6,5.4,6.83,6.74,417.8
SH103874,2025-08-15,Hub_North,5,roadrunner,Bike,Standard,Clear,53.9,15.8,0.142,2,6.2,7.25,5.44,214.81
SH103875,09/08/2025,Hub_North,7,SwiftLine,Van,Express,Clear,77.3,13.1,0.144,8,5.6,8.45,5.54,563.37
SH103876,2025-09-11,Hub_North,3,SwiftLine,Bike,Express,Clear,55.3,5.7,0.065,4,4.8,7.94,4.06,333.12
SH103877,2025-03-31,Hub_West,5,SwiftLine,Bike,Express,Clear,46.0,58.9,0.672,7,2.7,8.23,5.41,373.25
SH103878,07/03/2025,Hub_North,5,CargoPlus,Van,Standard,Rain,35.3,16.4,0.117,1,9.2,4.75,4.5,262.21
SH103879,2025-01-16,Hub_South,2,swiftline,Van,Express,Clear,57.5,75.1,0.374,3,6.0,6.19,4.73,613.44
SH103880,2025-11-12,Hub_East,2,RoadRunner,Van,Standard,Clear,101.1,36.8,0.344,3,6.6,7.86,7.07,638.23
SH103881,2025-03-23,Hub_West,5,SwiftLine,Van,Standard,Rain,103.6,65.2,0.74,6,4.1,8.85,8.74,709.3
SH103882,2025-07-29,Hub_East,2,RoadRunner,Van,Standard,Clear,80.9,8.0,0.081,2,4.9,6.79,4.9,492.77
SH103883,2025-06-16,Hub_East,8,SwiftLine,Van,Standard,Rain,22.3,43.3,0.415,6,7.8,5.75,5.26,234.89
SH103884,01/03/2025,Hub_North,5,RoadRunner,Van,Express,Clear,77.1,44.2,0.461,7,1.1,8.14,6.13,620.62
SH103885,2025-06-01,Hub_West,6,RoadRunner,Van,Standard,Clear,134.3,56.6,0.412,2,7.0,8.82,9.47,856.45
SH103886,2025-01-31,Hub_North,4,CargoPlus,Van,Standard,Clear,36.9,13.7,0.11,8,5.0,6.91,6.05,284.88
SH103887,2025-03-06,Hub_North,3,CargoPlus,Bike,Standard,,56.3,17.0,0.095,6,6.3,8.61,7.61,224.06
SH103888,2025-02-20,Hub_West,4,RoadRunner,Van,Standard,Clear,101.6,57.7,0.541,5,8.8,8.48,8.07,674.38
SH103889,2025-10-28,Hub_North,6,SwiftLine,Truck,Standard,Clear,23.9,6.5,0.044,1,4.5,4.48,2.81,249.66
SH103890,2025-07-27,Hub_North,4,CargoPlus,Bike,Standard,Clear,56.9,12.3,0.076,5,1.0,8.35,7.21,201.34
SH103891,2025-12-04,Hub_East,3,CargoPlus,Van,Standard,Clear,149.0,42.5,0.255,3,3.3,9.69,7.94,936.15
SH103892,2025-06-09,Hub_South,2,CargoPlus,Truck,Standard,Clear,140.8,18.9,0.153,4,5.5,10.68,9.08,1248.13
SH103893,2025-03-15,Hub_North,5,RoadRunner,Bike,Standard,Clear,141.3,21.5,0.179,1,8.8,12.71,14.15,520.21
SH103894,2025-08-11,Hub_East,6,SwiftLine,Truck,Standard,Rain,57.3,2.6,0.028,7,4.7,7.8,5.69,545.16
SH103895,2025-12-06,Hub_East,5,CargoPlus,Van,Standard,Clear,126.3,71.2,0.807,2,8.6,8.52,9.21,851.33
SH103896,2025-07-14,Hub_East,3,SwiftLine,Van,Express,Clear,78.5,20.1,0.13,5,1.0,7.6,4.66,589.29
SH103897,2025-01-07,Hub_North,2,SwiftLine,Truck,Express,Clear,45.1,40.6,0.27,1,4.5,5.44,3.33,609.67
SH103898,2025-04-21,Hub_East,4,SwiftLine,Truck,Standard,Clear,51.6,58.8,0.367,3,7.6,6.34,4.36,584.65
SH103899,2025-12-04,Hub_West,3,RoadRunner,Van,Standard,Clear,86.5,21.1,0.135,8,7.4,8.8,9.23,528.01
SH103900,2025-07-09,Hub_North,2,SwiftLine,Van,Standard,Rain,22.7,3.7,0.036,2,1.6,4.57,3.37,189.02
SH103901,2025-12-14,Hub_North,8,RoadRunner,Van,Standard,Clear,65.1,40.9,0.369,2,3.8,6.18,4.53,464.78
SH103902,2025-07-05,Hub_North,3,RoadRunner,Van,Standard,Clear,74.3,72.5,0.335,8,5.2,8.34,6.53,561.64
SH103903,2025-01-05,Hub_South,3,RoadRunner,Truck,Express,Clear,94.4,46.7,0.401,1,4.2,7.68,4.46,1048.56
SH103904,2025-11-15,Hub_North,5,SwiftLine,Van,Express,Clear,26.5,35.5,0.383,8,7.8,6.51,4.7,332.57
SH103905,2025-10-06,Hub_East,7,CargoPlus,Truck,Standard,Rain,65.5,46.5,0.208,7,5.5,8.17,7.66,637.48
SH103906,2025-09-19,Hub_West,4,RoadRunner,Bike,Standard,,107.9,51.1,0.575,4,2.6,11.41,8.97,485.15
SH103907,2025-12-21,Hub_North,6,RoadRunner,Bike,Express,Rain,168.4,25.1,0.152,6,6.4,16.0,14.55,725.64
SH103908,2025-03-13,Hub_East,1,roadrunner,Bike,Standard,Clear,45.1,73.6,0.487,5,6.5,7.57,7.14,250.5
SH103909,2025-11-27,Hub_North,5,SwiftLine,Van,Express,Clear,125.9,30.7,0.221,6,3.2,9.7,6.88,890.92
SH103910,2025-03-26,Hub_North,1,RoadRunner,Bike,Express,Clear,105.0,53.4,0.274,2,3.7,10.62,8.65,567.66
SH103911,2025-12-21,Hub_East,2,SwiftLine,Van,Express,Clear,136.0,,0.055,8,4.1,10.69,8.04,929.84
SH103912,2025-03-11,Hub_South,5,CargoPlus,Truck,Standard,Clear,23.5,26.1,0.155,4,8.2,5.36,4.21,266.3
SH103913,2025-07-20,Hub_West,2,SwiftLine,Truck,Standard,Clear,97.3,14.3,0.058,6,,9.31,6.38,930.16
SH103914,2025-10-16,Hub_South,1,CargoPlus,Truck,Standard,Clear,124.5,37.7,0.325,6,1.1,10.54,8.26,1128.29
SH103915,29/01/2025,Hub_North,2,RoadRunner,Bike,Express,Clear,69.7,10.7,0.054,6,3.1,9.49,7.05,349.14
SH103916,2025-01-25,Hub_South,7,SwiftLine,Van,Standard,Clear,60.0,46.8,0.222,4,6.9,6.59,5.19,398.49
SH103917,2025-11-07,Hub_North,5,RoadRunner,Van,Standard,Clear,74.7,40.0,0.34,4,4.7,7.15,28.259999999999998,488.08
SH103918,2025-01-23,Hub_West,4,SwiftLine,Bike,Standard,Rain,119.6,23.5,0.205,5,3.0,12.48,10.25,467.15
SH103919,2025-08-13,Hub_East,8,cargoplus,Van,Standard,Clear,46.3,49.8,0.462,5,4.7,6.37,5.02,358.86
SH103920,2025-12-09,Hub_South,4,CargoPlus,Truck,Standard,Clear,44.6,11.6,0.093,7,7.5,7.22,6.31,443.62
SH103921,2025-08-13,Hub_South ,8,RoadRunner,Bike,Express,Clear,19.4,46.6,0.516,7,9.9,6.48,5.6,270.14
SH103922,2025-06-25,Hub_East,3,RoadRunner,Truck,Standard,Clear,66.2,12.7,0.063,6,5.4,7.9,4.86,630.34
SH103923,2025-06-02,Hub_East,1,CargoPlus,Bike,Standard,Clear,33.1,16.3,0.168,3,6.5,6.18,6.2,128.71
SH103924,2025-08-21,Hub_North,1,RoadRunner,Bike,Standard,Clear,66.9,58.9,0.429,4,5.3,8.71,6.95,340.07
SH103925,2025-07-28,Hub_North,3,RoadRunner,Bike,Standard,Clear,41.7,59.7,0.67,1,5.9,6.15,5.85,271.48
SH103926,2025-07-03,Hub_North,2,SwiftLine,Truck,Standard,Clear,52.8,37.5,0.22,3,3.6,6.39,4.99,517.74
SH103927,2025-02-26,Hub_South,2,SwiftLine,Van,Express,Clear,57.2,106.9,1.238,4,8.4,6.48,5.0,665.78
SH103928,2025-08-30,Hub_South,4,roadrunner,Truck,Express,Clear,76.4,78.2,0.855,5,4.6,8.06,6.71,871.48
SH103929,2025-09-28,Hub_North,8,RoadRunner,Van,Standard,Clear,79.4,23.3,0.125,4,3.3,7.33,5.2,526.33
SH103930,2025-09-16,Hub_South,2,CargoPlus,Truck,Express,Clear,62.0,12.5,0.093,1,4.0,6.21,3.35,724.85
SH103931,2025-01-28,Hub_South,2,RoadRunner,Van,Standard,Rain,55.6,46.7,0.278,2,6.8,5.82,6.37,389.01
SH103932,2025-09-14,Hub_North,8,RoadRunner,Van,Standard,Clear,52.4,,0.163,2,4.1,5.7,3.94,379.96
SH103933,2025-09-24,Hub_West,2,RoadRunner,Truck,Standard,Clear,28.6,,0.293,6,8.5,6.2,6.3,318.76
SH103934,2025-03-08,Hub_East,7,CargoPlus,Truck,Standard,Rain,119.7,43.8,0.363,8,6.8,10.92,11.63,1125.55
SH103935,2025-11-06,Hub_South,5,RoadRunner,Van,Standard,Clear,45.1,15.0,0.108,7,7.2,6.92,5.09,302.93
SH103936,2025-07-11,Hub_South,8,CargoPlus,Bike,Standard,Clear,70.9,11.7,0.078,4,4.7,8.97,7.97,282.72
SH103937,2025-06-22,Hub_South ,5,SwiftLine,Truck,Standard,Rain,36.0,41.8,0.277,2,4.3,5.33,4.76,389.33
SH103938,2025-09-21,Hub_West,5,RoadRunner,Van,Standard,Clear,96.2,40.8,0.216,8,5.6,9.17,8.91,611.16
SH103939,2025-07-06,Hub_East,2,CargoPlus,Truck,Standard,Clear,71.9,8.7,0.05,4,3.1,7.56,5.75,643.42
SH103940,2025-07-18,Hub_South,5,CargoPlus,Van,Standard,Clear,82.4,16.3,0.134,7,6.4,8.34,7.22,531.51
SH103941,2025-04-24,Hub_West,6,SwiftLine,Bike,Express,Clear,35.3,11.7,0.062,3,7.3,6.33,4.24,330.47
SH103942,2025-12-05,Hub_West,8,RoadRunner,Van,Standard,Clear,84.5,28.9,0.307,3,4.1,7.22,5.7,601.57
SH103943,2025-12-20,Hub_West,1,SwiftLine,Van,Standard,Clear,23.9,26.0,0.257,5,6.9,5.51,2.96,230.67
SH103944,2025-02-17,Hub_North,2,swiftline,Van,Standard,Clear,49.5,5.2,0.062,6,6.0,6.79,5.39,318.84
SH103945,2025-09-25,Hub_North,1,CargoPlus,Truck,Standard,Clear,207.2,29.0,0.189,1,7.7,12.79,13.59,1866.18
SH103946,2025-01-09,Hub_East,7,CargoPlus,Van,Standard,Clear,37.7,33.8,0.185,4,8.8,5.74,5.25,302.92
SH103947,2025-05-15,Hub_South,1,swiftline,Bike,Standard,Clear,71.4,35.1,0.162,8,7.1,10.21,7.89,308.52
SH103948,2025-12-21,Hub_East,8,CargoPlus,Van,Standard,Rain,123.7,,0.08,5,5.4,9.32,8.84,785.68
SH103949,2025-03-05,Hub_East,3,RoadRunner,Truck,Standard,Rain,91.3,26.6,0.302,1,7.9,7.54,6.93,877.26
SH103950,2025-05-18,Hub_North,3,CargoPlus,Truck,Standard,Clear,136.5,64.4,0.562,6,5.6,11.09,10.21,1271.39
SH103951,2025-03-22,Hub_North,8,CargoPlus,Van,Standard,Clear,,16.5,0.193,7,5.0,7.98,6.93,487.71
SH103952,2025-09-23,Hub_South,6,CargoPlus,Truck,Standard,Clear,97.1,62.1,0.702,7,4.3,9.6,9.02,966.31
SH103953,2025-06-19,Hub_North,5,CargoPlus,Bike,Express,Clear,111.9,19.2,0.135,2,5.7,11.08,10.21,521.16
SH103954,2025-08-05,Hub_East,8,CargoPlus,Van,Standard,Clear,111.3,54.2,0.407,2,7.5,7.95,8.04,729.54
SH103955,2025-12-11,Hub_East,7,RoadRunner,Truck,Standard,Clear,34.4,40.5,0.259,7,,6.76,4.76,387.34
SH103956,2025-07-10,Hub_South,6,SwiftLine,Van,Standard,Rain,44.6,28.1,0.279,8,3.0,7.2,6.35,259.4
SH103957,2025-09-25,Hub_East,3,SwiftLine,Bike,Standard,Clear,105.6,36.1,0.309,3,3.1,10.96,8.07,392.92
SH103958,2025-02-05,Hub_South,8,CargoPlus,Van,Standard,Clear,137.2,3.2,0.014,2,7.5,8.94,8.09,826.07
SH103959,2025-03-20,Hub_East,6,SwiftLine,Van,Standard,Clear,43.1,50.4,0.572,7,6.3,6.84,5.29,329.41
SH103960,12/12/2025,Hub_North,8,CargoPlus,Bike,Standard,Clear,46.2,10.2,0.105,7,8.4,8.24,7.58,216.67
SH103961,2025-11-10,Hub_East,8,swiftline,Bike,Standard,Clear,908.0,68.3,0.783,8,4.5,11.48,10.16,457.75
SH103962,2025-08-28,Hub_East,5,CargoPlus,Truck,Standard,Clear,55.5,36.9,0.221,6,3.1,7.41,6.56,511.57
SH103963,2025-05-19,Hub_North,3,RoadRunner,Bike,Express,Rain,108.8,11.9,0.119,8,8.6,12.67,11.47,565.05
SH103964,2025-03-14,Hub_East,8,CargoPlus,Van,Standard,Rain,94.7,50.4,0.457,7,4.0,8.81,7.65,627.08
SH103965,2025-11-07,Hub_West,8,CargoPlus,Truck,Standard,Rain,116.2,29.7,0.148,7,6.9,10.47,10.93,1078.93
SH103966,2025-10-14,Hub_North,1,RoadRunner,Truck,Standard,Clear,59.7,42.8,0.26,7,2.8,7.91,6.64,655.79
SH103967,2025-03-30,Hub_East,6,RoadRunner,Van,Standard,Clear,54.0,25.7,0.142,4,5.9,6.36,5.84,397.06
SH103968,2025-08-04,Hub_West,5,SwiftLine,Van,Standard,Rain,46.7,46.4,0.243,1,5.2,5.18,4.36,357.35
SH103969,2025-08-14,Hub_West,6,CargoPlus,Bike,Standard,Clear,135.6,17.0,0.156,4,2.7,13.24,10.89,484.36
SH103970,24/06/2025,Hub_South,8,CargoPlus,Van,Express,Rain,35.3,21.2,0.232,3,9.3,5.35,5.17,372.59
SH103971,2025-12-05,Hub_East,3,SwiftLine,Bike,Standard,Storm,33.1,40.3,0.48,8,3.7,7.68,7.2,188.19
SH103972,2025-02-15,Hub_West ,8,SwiftLine,Bike,Standard,Clear,74.0,68.9,0.394,3,3.6,8.88,5.97,404.81
SH103973,2025-04-05,Hub_East ,6,RoadRunner,Bike,Standard,Clear,53.5,27.9,0.262,8,4.2,9.03,7.81,263.75
SH103974,04/02/2025,Hub_North,1,swiftline,Van,Express,Clear,112.3,47.8,0.221,3,1.1,8.29,5.32,849.81
SH103975,2025-09-10,Hub_North,5,CargoPlus,Bike,Standard,Clear,31.7,45.1,0.267,4,4.8,6.39,6.4,199.1
SH103976,2025-08-24,Hub_East,2,SwiftLine,Bike,Express,Rain,62.9,65.9,0.71,6,4.2,9.05,8.54,471.74
SH103977,2025-12-27,Hub_South,8,CargoPlus,Truck,Standard,Clear,,13.3,0.153,4,7.5,5.47,4.4,230.8
SH103978,2025-07-17,Hub_North,7,cargoplus,Bike,Standard,Clear,57.9,35.5,0.418,6,6.1,8.72,7.68,321.55
SH103979,2025-02-24,Hub_South,8,CargoPlus,Van,Express,Clear,73.1,33.2,0.256,1,3.0,6.19,3.63,601.83
SH103980,2025-06-14,Hub_East,5,roadrunner,Van,Standard,Clear,67.4,35.5,0.351,5,4.2,7.17,6.06,436.59
SH103981,2025-02-02,Hub_South,4,SwiftLine,Van,Standard,Rain,65.2,,0.131,3,9.8,6.49,4.69,453.58
SH103982,2025-09-02,Hub_West,4,CargoPlus,Bike,Standard,Clear,95.1,28.5,0.274,2,3.7,9.97,7.81,412.3
SH103983,2025-09-04,Hub_East,8,roadrunner,Bike,Express,Clear,41.8,53.9,0.281,4,7.1,7.06,5.79,367.37
SH103984,2025-11-10,Hub_West,2,CargoPlus,Truck,Standard,Clear,83.3,13.9,0.069,1,4.1,7.17,5.47,800.7
SH103985,2025-05-05,Hub_West,8,SwiftLine,Van,Standard,Clear,63.9,40.1,0.476,7,3.5,7.64,5.63,472.66
SH103986,2025-04-24,Hub_North,4,SwiftLine,Bike,Express,Clear,58.4,24.2,0.157,8,4.4,9.35,6.43,390.26
SH103987,2025-01-27,Hub_East,5,CargoPlus,Van,Standard,Clear,87.8,34.1,0.381,3,8.4,7.35,6.28,529.63
SH103988,2025-06-01,Hub_North,6,CargoPlus,Van,Standard,Clear,76.0,23.4,0.098,3,2.6,6.9,4.3,493.92
SH103989,2025-06-23,Hub_West ,1,SwiftLine,Bike,Standard,Rain,85.9,53.9,0.574,3,6.8,9.66,9.56,390.56
SH103990,2025-10-03,Hub_North,2,RoadRunner,Van,Standard,Clear,163.7,12.1,0.139,7,7.9,11.45,10.36,951.07
SH103991,2025-10-03,Hub_East,2,SwiftLine,Van,Standard,Clear,63.6,34.3,0.141,1,4.4,5.83,4.22,428.55
SH103992,2025-02-21,Hub_West,7,RoadRunner,Van,Express,Clear,33.7,56.9,0.405,2,7.5,4.99,3.55,443.8
SH103993,2025-04-15,Hub_North,1,SwiftLine,Truck,Standard,Clear,42.5,35.8,0.375,1,7.2,5.33,3.79,420.25
SH103994,2025-07-06,Hub_West,5,SwiftLine,Van,Express,Clear,135.0,15.8,0.064,5,3.9,9.75,6.78,954.47
SH103995,2025-05-03,Hub_North,1,SwiftLine,Truck,Standard,Clear,57.3,15.4,0.099,7,3.6,7.8,5.44,547.35
SH103996,2025-01-10,Hub_South,7,SwiftLine,Van,Standard,Clear,94.8,33.9,0.206,6,5.2,8.52,6.42,587.81
SH103997,2025-11-05,Hub_South ,8,RoadRunner,Van,Standard,Rain,67.3,6.9,0.035,2,5.7,6.27,5.0,412.56
SH103998,2025-09-24,Hub_South,4,SwiftLine,Van,Standard,Clear,38.7,41.2,0.194,4,4.8,5.78,5.58,315.51
SH103999,2025-07-09,Hub_East,2,RoadRunner,Van,Standard,Rain,75.5,9.0,0.054,8,6.6,8.38,8.34,503.91
SH104000,2025-04-26,Hub_West,4,RoadRunner,Bike,Standard,Rain,48.0,12.2,0.068,7,4.0,8.36,8.27,228.43
SH104001,2025-11-04,Hub_South,6,RoadRunner,Truck,Standard,Rain,51.1,76.7,0.905,1,3.7,5.72,6.32,611.26
SH104002,2025-01-13,Hub_East,6,RoadRunner,Truck,Standard,Clear,67.5,,0.284,2,5.5,6.76,5.69,707.37
SH104003,2025-06-12,Hub_West,6,SwiftLine,Van,Standard,,28.2,21.4,0.108,7,6.0,6.28,4.32,219.75
SH104004,2025-10-20,Hub_East,5,swiftline,Van,Standard,,93.8,59.5,0.622,6,,8.48,8.14,685.62
SH104005,2025-12-14,Hub_North,6,CargoPlus,Truck,Standard,Rain,54.1,15.9,0.161,1,6.4,5.85,5.57,518.67
SH104006,2025-04-02,Hub_West,2,CargoPlus,Truck,Standard,Rain,100.0,41.5,0.321,2,6.9,8.23,9.04,934.41
SH104007,2025-08-26,Hub_North,2,CargoPlus,Van,Express,Storm,98.2,62.4,0.442,6,4.8,8.65,9.17,771.21
SH104008,2025-03-11,Hub_East,8,CargoPlus,Bike,Standard,Clear,62.4,17.9,0.121,7,4.8,9.31,7.39,272.11
SH104009,2025-02-12,Hub_East,5,RoadRunner,Van,Express,Clear,73.2,8.9,0.105,7,4.2,7.99,4.86,547.96
SH104010,09/05/2025,Hub_East,7,CargoPlus,Bike,Express,Rain,83.7,31.4,0.343,1,5.9,8.92,8.08,476.38
SH104011,2025-11-20,Hub_North,6,RoadRunner,Van,Standard,Clear,57.1,17.3,0.105,2,5.8,5.88,4.26,382.37
SH104012,2025-09-09,Hub_North,4,CargoPlus,Van,Express,Rain,24.9,18.2,0.14,5,5.7,5.55,4.43,337.21
SH104013,2025-06-28,Hub_East,5,CargoPlus,Van,Standard,Rain,75.2,12.2,0.122,5,5.1,7.47,7.16,426.94
SH104014,2025-04-14,Hub_North,6,CargoPlus,Bike,Standard,Clear,111.6,2.3,0.024,8,5.4,12.86,10.65,350.38
SH104015,2025-02-21,Hub_South,2,RoadRunner,Van,Express,Clear,47.1,19.5,0.097,7,8.8,7.0,5.7,435.41
SH104016,2025-04-09,Hub_East,4,SwiftLine,Van,Express,Clear,102.7,21.0,0.245,3,6.0,7.92,4.83,750.76
SH104017,2025-02-25,Hub_East,6,SwiftLine,Van,Standard,Rain,36.2,15.9,0.168,2,6.7,5.08,3.41,233.43
SH104018,2025-03-10,Hub_North,1,SwiftLine,Bike,Standard,Clear,60.3,11.8,0.095,1,6.4,7.37,5.18,215.27
SH104019,2025-09-08,Hub_South,1,CargoPlus,Bike,Standard,Clear,64.9,51.0,0.408,5,5.2,8.88,7.95,329.89
SH104020,2025-02-18,Hub_West,2,RoadRunner,Truck,Express,Clear,68.2,36.0,0.29,2,6.6,6.79,5.65,782.3
SH104021,2025-01-18,Hub_South ,5,SwiftLine,Van,Standard,Rain,43.6,9.5,0.1,5,5.5,6.26,5.04,313.32
SH104022,2025-07-17,Hub_North,2,RoadRunner,Van,Standard,Clear,36.5,32.6,0.273,6,3.0,6.29,3.91,251.99
SH104023,2025-04-15,Hub_North,4,SwiftLine,Van,Standard,Clear,61.5,14.5,0.152,7,4.3,7.55,5.7,395.85
SH104024,2025-06-15,Hub_South,2,RoadRunner,Truck,Standard,Clear,89.0,48.2,0.526,5,,8.63,8.49,905.79
SH104025,2025-02-21,Hub_West,3,SwiftLine,Van,Standard,Clear,46.8,16.1,0.155,3,7.8,5.79,3.76,312.51
SH104026,2025-03-18,Hub_South,1,RoadRunner,Bike,Standard,Rain,64.0,54.2,0.237,7,4.9,9.42,9.01,306.09
SH104027,2025-06-10,Hub_North,7,RoadRunner,Bike,Standard,Clear,163.8,51.8,0.393,6,6.8,15.7,15.75,659.48
SH104028,2025-09-09,Hub_South,4,RoadRunner,Bike,Standard,Clear,78.2,38.7,0.234,6,5.9,10.05,8.27,374.88
SH104029,2025-06-01,Hub_North ,2,CargoPlus,Truck,Standard,Clear,61.3,15.8,0.069,8,9.0,8.28,8.2,567.29
SH104030,2025-07-17,Hub_North,5,SwiftLine,Van,Standard,Clear,67.0,23.4,0.215,8,5.2,8.06,6.84,427.22
SH104031,2025-07-10,Hub_West,8,RoadRunner,Truck,Standard,Clear,148.3,25.5,0.207,6,5.9,11.62,10.29,1357.88
SH104032,2025-04-09,Hub_East,7,SwiftLine,Van,Standard,Rain,90.5,30.4,0.136,2,3.9,7.15,5.16,587.81
SH104033,2025-04-13,Hub_North,8,RoadRunner,Truck,Standard,Clear,48.1,57.1,0.512,1,5.2,5.58,5.39,536.85
SH104034,2025-06-05,Hub_South,4,RoadRunner,Truck,Standard,Clear,94.4,21.6,0.119,5,,8.88,7.02,878.56
SH104035,2025-01-12,Hub_North,3,RoadRunner,Van,Standard,Clear,40.2,47.5,0.546,2,6.0,5.23,4.57,326.33
SH104036,2025-09-08,Hub_North,3,CargoPlus,Van,Standard,Rain,72.0,11.0,0.105,8,7.5,8.25,8.11,476.46
SH104037,2025-08-13,Hub_East,3,SwiftLine,Bike,Express,Clear,120.9,17.1,0.069,4,8.9,12.27,11.5,605.53
SH104038,22/04/2025,Hub_South,8,CargoPlus,Van,Express,Clear,72.3,14.7,0.161,3,6.5,6.76,4.75,552.49
SH104039,2025-05-17,Hub_East,2,SwiftLine,Truck,Standard,,38.7,48.0,0.217,4,4.8,6.05,4.93,458.33
SH104040,2025-04-30,Hub_West,7,roadrunner,Van,Standard,Storm,69.1,63.9,0.262,6,3.9,7.54,8.54,508.41
SH104041,2025-08-26,Hub_North,8,CargoPlus,Van,Standard,Clear,120.4,,0.136,3,4.5,8.59,6.29,696.65
SH104042,2025-10-05,Hub_West,7,RoadRunner,Van,Standard,Clear,46.4,15.4,0.081,2,2.3,5.47,3.23,293.65
SH104043,2025-02-09,Hub_South,6,CargoPlus,Van,Standard,Clear,93.7,23.9,0.252,4,5.0,7.88,7.03,578.57
SH104044,2025-05-31,Hub_North,7,CargoPlus,Van,Express,Clear,123.6,14.0,0.162,4,3.0,9.02,6.83,885.85
SH104045,2025-01-06,Hub_West,1,SwiftLine,Truck,Standard,Storm,82.9,19.4,0.199,8,4.3,9.26,9.67,745.95
SH104046,2025-06-15,Hub_North ,7,CargoPlus,Van,Express,Clear,70.4,23.9,0.166,1,5.1,6.09,4.31,535.64
SH104047,2025-04-01,Hub_East,5,CargoPlus,Van,Standard,Rain,48.3,24.1,0.153,7,6.2,7.04,7.05,332.77
SH104048,2025-05-03,Hub_East,8,RoadRunner,Van,Standard,Rain,51.3,7.6,0.051,3,2.2,5.96,5.35,320.85
SH104049,2025-06-16,Hub_North,1,SwiftLine,Van,Standard,Clear,61.0,18.7,0.088,2,4.8,6.03,5.51,428.45
SH104050,2025-04-29,Hub_West,8,SwiftLine,Van,Standard,Clear,94.8,74.0,0.831,2,6.9,7.32,5.96,671.42
SH104051,2025-05-24,Hub_North,5,CargoPlus,Bike,Express,Clear,183.1,8.7,0.052,4,8.3,16.37,16.48,775.91
SH104052,2025-10-07,Hub_West,1,CargoPlus,Van,Standard,Clear,46.6,30.1,0.181,6,5.4,6.68,6.16,328.61
SH104053,23/10/2025,Hub_North,5,CargoPlus,Van,Standard,Storm,88.9,,0.273,6,9.9,8.29,10.5,537.85
SH104054,2025-01-03,Hub_North,1,SwiftLine,Bike,Express,Rain,109.8,87.7,0.784,7,6.9,12.44,10.86,666.94
SH104055,18/05/2025,Hub_South,1,SwiftLine,Van,Standard,Clear,69.9,29.2,0.341,2,5.6,6.37,5.45,450.58
SH104056,2025-11-06,Hub_West,5,RoadRunner,Van,Standard,Rain,68.5,,0.832,5,8.0,7.21,7.56,531.22
SH104057,2025-07-13,Hub_North ,7,SwiftLine,Van,Standard,Clear,31.6,28.6,0.21,1,4.5,4.61,2.5,244.64
SH104058,2025-03-16,Hub_West,1,SwiftLine,Van,Standard,Clear,75.2,18.3,0.208,4,3.4,7.17,4.42,495.66
SH104059,2025-08-05,Hub_North,3,SwiftLine,Van,Express,Clear,66.9,29.8,0.347,8,7.4,8.05,5.97,577.22
SH104060,2025-02-22,Hub_South,4,swiftline,Van,Standard,Rain,58.0,10.6,0.115,5,6.6,6.81,5.17,377.04
SH104061,2025-01-08,Hub_South,5,SwiftLine,Truck,Standard,Clear,81.1,31.5,0.361,7,7.6,8.87,7.02,783.78
SH104062,2025-08-19,Hub_North,1,CargoPlus,Van,Standard,Clear,41.9,19.6,0.172,1,7.5,5.0,3.9,291.86
SH104063,2025-07-08,Hub_West,6,swiftline,Truck,Standard,Clear,,18.4,0.09,8,9.5,7.58,6.05,414.14
SH104064,2025-10-04,Hub_South,4,RoadRunner,Van,Standard,Clear,,50.6,0.55,4,2.6,7.2,6.05,536.06
SH104065,2025-05-06,Hub_East,8,RoadRunner,Van,Standard,Clear,134.9,22.3,0.144,7,4.8,10.35,8.44,841.81
SH104066,2025-11-08,Hub_East,3,CargoPlus,Van,Standard,Clear,63.4,5.6,0.064,3,4.9,6.42,5.11,395.43
SH104067,2025-06-03,Hub_South,4,CargoPlus,Truck,Standard,Rain,70.0,37.0,0.302,6,7.8,8.07,8.4,678.96
SH104068,2025-09-27,Hub_East,1,RoadRunner,Truck,Standard,Storm,68.9,42.2,0.334,5,6.2,7.72,8.56,691.26
SH104069,2025-02-06,Hub_West,8,RoadRunner,Van,Standard,,41.0,,1.015,7,7.8,6.76,5.93,423.4
SH104070,2025-02-05,Hub_East,7,RoadRunner,Van,Standard,Rain,59.6,31.4,0.223,8,6.1,7.77,7.01,404.73
SH104071,2025-10-13,Hub_South,3,RoadRunner,Truck,Standard,Rain,74.3,21.0,0.102,5,5.5,7.97,7.5,663.59
SH104072,2025-11-01,Hub_East,4,RoadRunner,Truck,Standard,Rain,73.5,37.4,0.384,1,6.9,6.73,7.53,721.06
SH104073,2025-12-10,Hub_East,7,RoadRunner,Truck,Standard,Clear,84.2,11.2,0.071,3,6.0,7.82,5.64,780.49
SH104074,2025-04-29,Hub_South,3,RoadRunner,Bike,Standard,Rain,40.2,18.3,0.197,3,6.3,6.65,6.3,198.61
SH104075,2025-01-09,Hub_East,2,SwiftLine,Bike,Standard,Clear,50.3,39.9,0.452,1,6.8,6.72,5.12,244.45
SH104076,2025-12-24,Hub_South,2,SwiftLine,Van,Standard,Clear,28.2,23.4,0.167,4,6.4,5.38,3.53,236.22
SH104077,2025-08-08,Hub_East,6,SwiftLine,Van,Standard,Rain,125.4,6.8,0.064,5,,9.38,8.21,733.45
SH104078,2025-04-01,Hub_West,2,RoadRunner,Bike,Standard,Clear,55.7,22.1,0.092,5,5.6,8.27,7.53,238.25
SH104079,2025-10-06,Hub_West,1,RoadRunner,Van,Standard,Rain,77.8,29.5,0.305,2,5.8,6.67,4.78,502.06
SH104080,2025-11-26,Hub_West,2,RoadRunner,Van,Standard,Clear,68.1,22.7,0.174,3,3.5,6.6,4.32,450.66
SH104081,2025-04-14,Hub_East,8,SwiftLine,Bike,Express,Clear,19.5,7.6,0.046,7,7.5,6.49,4.64,240.06
SH104082,2025-10-08,Hub_East,7,SwiftLine,Van,Standard,Clear,36.5,3.2,0.035,2,8.9,5.09,4.05,232.39
SH104083,2025-10-15,Hub_North,8,SwiftLine,Bike,Standard,Rain,66.7,44.8,0.326,5,1.9,9.0,8.34,321.14
SH104084,2025-07-03,Hub_South,3,RoadRunner,Truck,Standard,Clear,88.3,41.7,0.441,7,6.8,9.2,8.33,858.48
SH104085,2025-08-19,Hub_North,4,SwiftLine,Van,Standard,Rain,85.1,16.9,0.124,8,5.2,8.75,7.75,545.65
SH104086,2025-04-09,Hub_North,4,SwiftLine,Van,Standard,Clear,34.0,16.4,0.19,5,5.1,5.9,2.86,262.01
SH104087,2025-12-06,Hub_West,5,SwiftLine,Van,Standard,Clear,40.9,21.2,0.199,4,6.8,5.86,4.12,327.2
SH104088,2025-12-25,Hub_West,1,RoadRunner,Van,Standard,Clear,81.5,46.3,0.432,6,5.4,8.01,7.13,570.22
SH104089,2025-12-25,Hub_South,5,SwiftLine,Van,Standard,Storm,84.7,29.7,0.148,4,6.3,7.53,7.94,597.53
SH104090,27/09/2025,Hub_North,1,RoadRunner,Truck,Standard,Rain,33.0,60.7,0.606,7,4.8,6.7,6.39,431.27
SH104091,2025-01-16,Hub_East,3,RoadRunner,Van,Express,Clear,81.3,29.2,0.238,3,8.5,7.1,6.38,673.02
SH104092,2025-05-14,Hub_South,3,CargoPlus,Bike,Standard,Clear,66.4,14.5,0.141,3,5.0,8.38,8.03,242.12
SH104093,2025-06-12,Hub_West,6,RoadRunner,Van,Standard,Clear,60.6,17.4,0.19,3,4.0,6.31,4.91,416.57
SH104094,2025-12-17,Hub_West,8,SwiftLine,Bike,Standard,Rain,136.9,37.9,0.365,7,6.2,14.22,13.23,552.42
SH104095,2025-07-19,Hub_South,6,SwiftLine,Van,Express,Clear,63.4,70.0,0.56,4,3.8,6.72,4.97,605.59
SH104096,2025-07-15,Hub_North,4,CargoPlus,Van,Express,Clear,52.4,30.7,0.332,6,6.0,6.9,5.22,439.99
SH104097,2025-02-23,Hub_North,5,SwiftLine,Van,Standard,Clear,97.6,51.5,0.51,1,8.8,7.12,6.77,590.67
SH104098,2025-10-17,Hub_North,5,CargoPlus,Bike,Standard,Storm,95.7,35.2,0.356,7,5.4,11.51,12.49,388.53
SH104099,2025-05-03,Hub_South,2,RoadRunner,Van,Express,Clear,122.1,32.9,0.372,7,2.8,9.86,7.68,864.16
SH104100,2025-02-03,Hub_North,8,SwiftLine,Bike,Standard,Rain,92.8,75.0,0.383,2,4.7,9.82,8.9,404.67
SH104101,2025-12-27,Hub_North,8,SwiftLine,Van,Standard,Clear,,12.3,0.098,1,7.1,6.87,4.82,567.4
SH104102,2025-03-11,Hub_North,2,CargoPlus,Van,Standard,Clear,69.0,21.5,0.107,5,5.7,7.23,6.47,421.26
SH104103,2025-01-06,Hub_North,1,CargoPlus,Van,Standard,Clear,175.2,18.8,0.188,8,6.9,12.19,11.13,988.28
SH104104,29/01/2025,Hub_East,2,CargoPlus,Bike,Standard,Rain,42.0,,0.198,7,4.2,7.97,8.19,263.22
SH104105,2025-06-15,Hub_North,6,SwiftLine,Bike,Standard,Rain,85.8,8.6,0.084,4,4.7,9.95,7.79,339.22
SH104106,2025-02-07,Hub_West,1,CargoPlus,Van,Standard,Clear,39.8,25.7,0.128,8,6.8,7.02,6.28,284.23
SH104107,2025-11-04,Hub_North,1,SwiftLine,Van,Standard,Clear,69.0,16.4,0.147,4,8.7,6.93,4.97,407.15
SH104108,2025-07-07,Hub_North,6,swiftline,Truck,Standard,Clear,68.0,17.3,0.085,6,4.7,7.98,6.6,620.08
SH104109,2025-04-29,Hub_North,2,RoadRunner,Bike,Standard,Clear,68.9,54.5,0.372,8,5.6,10.04,9.27,321.22
SH104110,2025-01-02,Hub_East,1,CargoPlus,Bike,Standard,Storm,27.0,15.1,0.125,2,7.7,5.48,7.07,133.95
SH104111,2025-06-25,Hub_North,1,RoadRunner,Van,Standard,Clear,55.6,88.2,0.841,6,5.8,7.02,6.31,461.21
SH104112,2025-02-25,Hub_South,6,RoadRunner,Van,Express,Rain,190.9,29.8,0.239,4,6.8,11.58,11.74,1222.14
SH104113,2025-12-23,Hub_North,3,SwiftLine,Van,Standard,Clear,72.6,4.1,0.04,3,4.0,6.77,4.98,423.2
SH104114,2025-04-17,Hub_West,3,RoadRunner,Bike,Standard,Rain,107.3,51.5,0.278,4,5.5,11.37,10.44,412.68
SH104115,2025-06-23,Hub_North,6,SwiftLine,Bike,Standard,Rain,81.2,,0.028,3,4.3,9.35,8.23,254.68
SH104116,2025-01-07,Hub_South,2,CargoPlus,Van,Standard,Clear,165.5,10.4,0.074,5,2.1,10.92,8.26,926.42
SH104117,2025-02-17,Hub_West,5,SwiftLine,Van,Standard,Clear,81.7,34.4,0.18,2,3.7,6.82,4.9,522.27
SH104118,2025-03-17,Hub_North,4,RoadRunner,Van,Standard,Rain,72.8,22.7,0.246,5,6.4,7.38,5.64,464.48
SH104119,2025-01-19,Hub_North,6,SwiftLine,Van,Express,Rain,35.4,41.5,0.49,6,6.6,6.25,5.35,424.43
SH104120,2025-09-22,Hub_West,5,RoadRunner,Van,Standard,Clear,36.2,17.4,0.103,7,7.0,6.58,4.85,273.84
SH104121,2025-12-12,Hub_North,6,SwiftLine,Bike,Standard,Storm,51.2,17.3,0.091,6,6.5,8.27,8.71,243.65
SH104122,26/12/2025,Hub_North,2,RoadRunner,Truck,Standard,Rain,62.5,19.5,0.197,6,5.1,7.73,6.19,590.93
SH104123,2025-04-08,Hub_South,2,RoadRunner,Bike,Express,Clear,38.0,35.7,0.426,8,1.8,8.0,5.75,347.96
SH104124,2025-10-15,Hub_North,5,RoadRunner,Bike,Express,Clear,72.4,,0.311,5,3.2,9.37,6.99,397.32
SH104125,2025-07-03,Hub_West,1,CargoPlus,Truck,Standard,Clear,71.2,10.9,0.113,3,7.7,7.23,5.71,675.55
SH104126,2025-01-17,Hub_East,4,SwiftLine,Bike,Standard,Clear,145.2,56.1,0.29,7,3.8,14.77,12.1,582.18
SH104127,2025-02-03,Hub_East,6,RoadRunner,Van,Standard,Rain,155.3,85.3,0.497,1,5.4,9.33,9.11,1037.61
SH104128,2025-07-19,Hub_North,7,CargoPlus,Van,Standard,Rain,97.7,26.0,0.133,4,5.6,8.03,8.59,546.75
SH104129,2025-06-04,Hub_East,6,SwiftLine,Van,Standard,Clear,99.0,31.7,0.296,2,2.7,7.48,4.75,651.68
SH104130,2025-01-04,Hub_East,8,CargoPlus,Van,Express,Clear,115.8,16.5,0.144,7,6.2,9.62,8.28,779.34
SH104131,2025-12-06,Hub_North,5,CargoPlus,Truck,Standard,Clear,82.0,50.1,0.466,8,8.6,9.22,8.06,835.12
SH104132,2025-09-24,Hub_West,4,CargoPlus,Van,Express,Clear,118.8,3.3,0.018,3,5.5,8.53,6.75,796.94
SH104133,2025-07-03,Hub_East,2,RoadRunner,Van,Standard,Rain,33.8,,0.312,8,5.0,6.79,6.83,330.09
SH104134,2025-12-27,Hub_East,6,RoadRunner,Bike,Express,Clear,104.2,62.3,0.515,8,3.2,12.37,10.0,578.51
SH104135,2025-12-21,Hub_North,7,RoadRunner,Truck,Standard,Clear,39.0,10.2,0.084,3,5.0,5.77,4.22,411.15
SH104136,22/12/2025,Hub_North,3,roadrunner,Truck,Standard,Clear,41.7,14.8,0.109,2,6.6,5.59,5.35,418.95
SH104137,2025-04-05,Hub_East,1,CargoPlus,Truck,Standard,Rain,115.1,23.3,0.221,4,5.5,9.52,9.02,1090.23
SH104138,2025-11-18,Hub_East,1,swiftline,Bike,Standard,Clear,48.7,46.5,0.342,7,4.6,8.41,6.84,242.94
SH104139,2025-07-04,Hub_South,6,CargoPlus,Van,Express,Clear,42.4,,0.085,7,7.5,6.82,5.05,378.25
SH104140,2025-09-23,Hub_North,6,RoadRunner,Van,Standard,Storm,84.7,18.0,0.184,6,5.0,8.13,8.47,514.71
SH104141,10/11/2025,Hub_West,1,SwiftLine,Truck,Express,Rain,46.2,38.5,0.257,4,4.6,6.39,4.1,622.43
SH104142,2025-03-01,Hub_North,1,RoadRunner,Van,Express,Clear,42.5,9.4,0.105,4,5.8,5.92,3.34,423.78
SH104143,2025-06-13,Hub_South,6,CargoPlus,Truck,Standard,Clear,31.9,24.5,0.194,8,8.1,6.95,6.51,313.27
SH104144,2025-02-17,Hub_East,4,RoadRunner,Van,Standard,Clear,54.6,27.9,0.215,5,5.2,6.68,6.14,358.16
SH104145,2025-04-13,Hub_North,4,CargoPlus,Truck,Standard,Clear,97.3,12.1,0.118,7,3.7,9.61,8.37,891.2
SH104146,2025-05-31,Hub_North,3,SwiftLine,Van,Standard,Clear,104.2,27.0,0.315,7,6.6,9.18,7.24,682.03
SH104147,2025-11-09,Hub_North,6,CargoPlus,Truck,Standard,Clear,61.0,28.6,0.122,6,4.8,7.66,6.24,580.98
SH104148,2025-11-11,Hub_West,6,RoadRunner,Van,Standard,Clear,143.7,16.3,0.088,8,6.6,10.98,9.73,817.51
SH104149,2025-05-23,Hub_South,1,CargoPlus,Bike,Standard,Clear,87.0,7.0,0.073,6,1.4,10.63,7.57,353.28
SH104150,2025-05-01,Hub_East,1,SwiftLine,Van,Standard,Storm,116.2,6.4,0.048,4,5.6,8.73,9.57,644.35
SH104151,2025-07-13,Hub_West,5,RoadRunner,Truck,Standard,Rain,51.6,36.8,0.4,2,5.0,6.04,5.83,543.62
SH104152,2025-11-29,Hub_East,5,CargoPlus,Bike,Express,Clear,58.6,36.7,0.25,1,3.6,7.26,4.9,344.69
SH104153,2025-12-23,Hub_South,2,SwiftLine,Van,Express,Clear,62.8,20.3,0.24,2,3.1,6.1,4.27,530.81
SH104154,2025-03-24,Hub_South,2,RoadRunner,Truck,Standard,Clear,58.2,23.1,0.132,8,4.9,8.14,5.89,558.21
SH104155,2025-03-10,Hub_South,6,CargoPlus,Truck,Standard,Clear,20.6,18.2,0.211,7,3.4,6.13,5.07,221.02
SH104156,2025-09-15,Hub_East,4,RoadRunner,Van,Standard,Clear,70.6,57.5,0.593,4,1.0,6.99,5.88,544.79
SH104157,2025-04-21,Hub_West,1,CargoPlus,Truck,Standard,,81.3,18.5,0.218,2,3.1,7.38,7.18,754.87
SH104158,2025-03-14,Hub_East,5,RoadRunner,Bike,Standard,Rain,78.8,76.7,0.406,1,3.1,8.59,7.53,395.33
SH104159,2025-01-12,Hub_South,1,CargoPlus,Van,Standard,Rain,151.5,14.0,0.096,2,5.6,9.48,8.9,886.43
SH104160,2025-05-28,Hub_South,2,RoadRunner,Van,Standard,Clear,157.3,50.4,0.281,2,3.1,9.7,7.23,956.51
SH104161,2025-05-24,Hub_West,6,RoadRunner,Truck,Standard,Rain,27.2,9.5,0.101,7,5.5,6.43,5.86,330.19
SH104162,2025-07-25,Hub_North,2,CargoPlus,Van,Standard,Rain,130.4,33.0,0.203,6,3.6,9.88,9.7,793.98
SH104163,2025-03-15,Hub_West,1,RoadRunner,Bike,Standard,Clear,147.3,8.5,0.07,1,7.1,13.11,10.94,569.63
SH104164,18/09/2025,Hub_North,8,SwiftLine,Van,Standard,Clear,22.8,16.4,0.091,1,6.2,4.27,2.84,167.72
SH104165,2025-09-06,Hub_East,2,SwiftLine,Van,Standard,Clear,95.4,49.6,0.479,6,4.9,8.54,6.45,634.6
SH104166,2025-06-18,Hub_West ,5,RoadRunner,Truck,Express,Clear,71.6,8.8,0.088,2,5.8,6.94,4.84,768.97
SH104167,08/03/2025,Hub_South,7,CargoPlus,Van,Standard,Rain,143.6,64.6,0.318,5,6.6,10.08,9.83,900.15
SH104168,2025-07-05,Hub_North,8,RoadRunner,Truck,Standard,Clear,139.0,44.3,0.42,4,5.6,10.6,8.94,1278.8
SH104169,2025-09-04,Hub_West,7,CargoPlus,Van,Standard,Storm,227.7,44.0,0.234,1,5.8,12.09,14.84,1395.57
SH104170,2025-05-17,Hub_South,3,CargoPlus,Truck,Standard,Clear,97.1,43.9,0.511,6,1.3,9.3,7.33,959.0
SH104171,2025-04-07,Hub_South,7,SwiftLine,Van,Standard,Clear,88.8,,0.747,2,4.5,7.09,5.5,623.79
SH104172,2025-07-04,Hub_South,1,RoadRunner,Van,Standard,Clear,46.1,33.1,0.186,2,3.9,5.46,3.59,305.72
SH104173,2025-05-10,Hub_South,3,RoadRunner,Van,Standard,Clear,53.9,,0.11,3,7.6,6.06,6.43,367.46
SH104174,2025-05-27,Hub_East,2,SwiftLine,Truck,Standard,Rain,90.8,38.6,0.338,8,4.7,9.61,8.68,852.62
SH104175,2025-05-08,Hub_North,5,RoadRunner,Bike,Standard,Clear,52.7,24.7,0.258,2,4.2,7.17,5.59,219.09
SH104176,2025-04-21,Hub_South,8,RoadRunner,Van,Standard,Clear,713.0,59.6,0.688,3,6.7,6.72,6.44,531.56
SH104177,2025-09-19,Hub_West,7,CargoPlus,Bike,Standard,Clear,29.2,25.8,0.19,2,2.5,5.62,4.69,137.54
SH104178,2025-06-17,Hub_North,8,RoadRunner,Truck,Express,Rain,73.8,46.0,0.364,8,5.3,8.84,7.66,854.3
SH104179,2025-06-20,Hub_South,2,SwiftLine,Bike,Standard,Clear,24.4,12.3,0.065,7,1.5,6.81,4.43,146.46
SH104180,2025-08-27,Hub_East,7,RoadRunner,Van,Express,Clear,114.3,24.2,0.164,8,4.1,9.86,6.53,839.0
SH104181,2025-05-12,Hub_West,6,CargoPlus,Van,Standard,Rain,75.7,24.8,0.296,8,4.6,8.39,7.8,459.0
SH104182,2025-02-06,Hub_East,4,RoadRunner,Bike,Standard,Clear,50.6,59.8,0.688,5,8.4,7.94,7.05,327.44
SH104183,2025-11-08,Hub_West,1,swiftline,Van,Express,Clear,64.6,43.6,0.319,2,5.2,6.16,4.11,583.01
SH104184,2025-01-21,Hub_North,1,cargoplus,Truck,Standard,Clear,53.0,12.4,0.072,4,,6.7,5.3,507.19
SH104185,2025-07-28,Hub_South,8,SwiftLine,Van,Standard,Clear,44.7,26.6,0.228,5,5.2,6.31,4.88,289.27
SH104186,2025-04-08,Hub_West,3,SwiftLine,Truck,Express,Clear,56.6,20.2,0.149,7,8.4,7.76,5.63,648.09
SH104187,2025-03-20,Hub_West,6,RoadRunner,Truck,Standard,Clear,56.8,44.2,0.443,4,1.4,6.87,4.71,575.03
SH104188,2025-01-16,Hub_East,8,RoadRunner,Van,Express,Clear,61.4,47.5,0.429,1,7.0,5.74,5.16,562.76
SH104189,2025-11-25,Hub_South,4,CargoPlus,Van,Standard,Clear,19.7,56.1,0.521,4,6.3,5.05,4.3,234.74
SH104190,2025-06-06,Hub_South ,2,SwiftLine,Truck,Standard,Clear,118.6,47.0,0.329,5,5.3,9.97,8.48,1104.32
SH104191,2025-05-06,Hub_North,4,CargoPlus,Van,Standard,Clear,119.7,14.1,0.126,8,4.9,10.07,7.92,753.54
SH104192,2025-09-28,Hub_West,2,RoadRunner,Van,Standard,,68.4,24.8,0.236,5,8.4,7.21,6.67,440.7
SH104193,2025-01-15,Hub_West,2,CargoPlus,Truck,Express,Rain,161.1,50.1,0.46,1,6.9,10.7,9.57,1603.57
SH104194,2025-07-26,Hub_South,7,CargoPlus,Truck,Standard,Rain,58.7,62.3,0.596,5,3.4,7.26,8.36,653.84
SH104195,2025-06-30,Hub_North,3,CargoPlus,Van,Standard,Rain,72.9,9.1,0.101,8,5.5,8.28,8.3,439.21
SH104196,2025-07-22,Hub_South,6,SwiftLine,Bike,Express,Clear,88.1,37.9,0.233,4,8.0,10.11,8.22,460.05
SH104197,2025-02-15,Hub_North,6,SwiftLine,Van,Express,Clear,71.9,25.4,0.133,3,6.6,6.74,4.8,579.89
SH104198,2025-12-14,Hub_East,5,CargoPlus,Van,Standard,Clear,50.7,31.5,0.135,1,6.0,5.33,3.83,385.01
SH104199,2025-03-29,Hub_East,5,RoadRunner,Van,Standard,Rain,70.3,43.6,0.419,5,2.9,7.28,6.44,488.65
SH104200,2025-09-05,Hub_North,2,RoadRunner,Van,Express,Clear,33.7,,0.182,3,10.0,5.29,4.17,399.58
SH104201,2025-09-30,Hub_East,5,CargoPlus,Van,Standard,Storm,44.8,29.6,0.238,8,6.9,7.21,9.13,294.27
SH104202,2025-05-06,Hub_West,7,CargoPlus,Van,Standard,Clear,107.4,11.5,0.053,3,9.1,8.1,7.68,605.71
SH104203,2025-02-17,Hub_North,2,RoadRunner,Van,Standard,Clear,207.1,24.8,0.283,6,6.1,12.8,11.59,1227.53
SH104204,2025-04-19,Hub_South ,2,CargoPlus,Van,Standard,Rain,49.8,23.7,0.206,6,5.5,6.8,7.28,355.1
SH104205,2025-10-22,Hub_South ,6,SwiftLine,Truck,Express,Clear,63.2,22.9,0.114,7,4.2,8.06,5.78,705.65
SH104206,2025-11-27,Hub_North,8,CargoPlus,Bike,Standard,Rain,61.3,22.5,0.163,4,7.5,8.34,7.37,238.29
SH104207,2025-12-08,Hub_South,4,cargoplus,Truck,Standard,Clear,78.1,72.9,0.474,1,8.5,6.94,7.0,801.07
SH104208,2025-03-24,Hub_East,7,SwiftLine,Van,Standard,Clear,113.8,43.2,0.472,2,7.6,8.04,6.79,724.54
SH104209,2025-08-10,Hub_North,2,SwiftLine,Truck,Standard,Clear,74.4,10.1,0.111,5,10.0,7.97,5.9,655.34
SH104210,2025-02-25,Hub_North,5,CargoPlus,Truck,Standard,Clear,34.6,,0.057,3,5.8,5.57,3.88,339.35
SH104211,2025-09-17,Hub_West,8,RoadRunner,Bike,Express,Rain,51.9,24.0,0.171,3,4.3,7.42,6.95,322.71
SH104212,2025-06-01,Hub_South,4,swiftline,Truck,Standard,Clear,83.3,53.5,0.618,1,6.0,7.17,5.28,806.33
SH104213,2025-09-18,Hub_East ,5,SwiftLine,Van,Standard,Clear,57.9,12.6,0.078,4,7.1,6.51,4.47,342.53
SH104214,2025-09-08,Hub_East,2,SwiftLine,Van,Standard,Clear,59.0,48.0,0.446,5,5.0,6.85,4.7,428.29
SH104215,2025-12-29,Hub_West,5,SwiftLine,Truck,Standard,Rain,59.8,14.5,0.119,2,5.4,6.41,5.53,551.91
SH104216,2025-06-28,Hub_East,5,CargoPlus,Truck,Standard,Rain,67.6,20.2,0.152,6,5.9,7.96,7.93,675.94
SH104217,2025-05-05,Hub_West,8,RoadRunner,Van,Standard,Clear,43.1,23.2,0.128,5,6.5,6.24,6.15,316.47
SH104218,2025-07-12,Hub_East,2,RoadRunner,Truck,Standard,Rain,106.4,27.2,0.161,4,5.8,9.12,8.25,948.99
SH104219,2025-03-01,Hub_South,3,SwiftLine,Van,Standard,,34.4,8.2,0.087,5,5.9,5.91,5.08,262.78
SH104220,2025-02-10,Hub_South,6,RoadRunner,Bike,Standard,Clear,82.4,9.9,0.093,7,6.8,10.63,8.16,311.92
SH104221,2025-07-09,Hub_South,8,SwiftLine,Bike,Standard,Storm,53.4,19.8,0.227,2,7.0,7.22,7.12,256.82
SH104222,2025-10-29,Hub_South,2,CargoPlus,Van,Express,Clear,71.7,6.6,0.062,3,4.5,6.74,5.69,530.57
SH104223,2025-07-14,Hub_North,6,CargoPlus,Van,Express,Rain,128.2,18.5,0.083,6,1.8,9.79,8.63,905.34
SH104224,13/10/2025,Hub_South,8,RoadRunner,Van,Standard,Clear,126.8,31.7,0.156,6,3.4,9.74,8.09,832.34
SH104225,2025-03-06,Hub_South,6,CargoPlus,Van,Standard,Storm,112.4,11.9,0.116,3,,8.29,10.42,688.77
SH104226,2025-06-14,Hub_North,4,SwiftLine,Bike,Standard,Clear,139.2,,0.108,5,4.0,13.77,10.23,495.13
SH104227,2025-08-12,Hub_North,2,SwiftLine,Van,Standard,Clear,190.6,28.8,0.172,5,6.0,11.87,11.0,1156.69
SH104228,2025-05-07,Hub_East,3,CargoPlus,Van,Standard,Rain,106.6,,0.065,5,5.4,8.67,7.63,621.13
SH104229,2025-01-06,Hub_East,1,SwiftLine,Bike,Standard,Rain,88.1,31.9,0.318,7,5.6,11.01,10.05,377.98
SH104230,2025-01-27,Hub_West,2,CargoPlus,Van,Standard,Clear,43.4,25.0,0.228,2,6.5,5.36,6.23,369.2
SH104231,2025-12-05,Hub_South,4,SwiftLine,Truck,Standard,Clear,95.4,13.9,0.077,4,7.9,8.62,6.56,855.23
SH104232,2025-08-09,Hub_West,2,CargoPlus,Van,Standard,Clear,73.6,57.0,0.637,4,5.5,7.11,7.28,536.75
SH104233,2025-04-07,Hub_East,1,SwiftLine,Truck,Standard,Clear,153.0,11.3,0.133,6,3.4,11.83,9.49,1405.81
SH104234,2025-04-05,Hub_North,6,SwiftLine,Truck,Standard,,102.1,33.4,0.345,6,6.1,9.53,7.45,978.57
SH104235,2025-01-15,Hub_West,1,RoadRunner,Bike,Standard,Clear,38.7,34.2,0.19,7,6.9,7.75,7.86,228.92
SH104236,2025-12-11,Hub_North,2,CargoPlus,Van,Standard,Clear,81.1,11.4,0.118,2,1.0,6.79,4.51,452.26
SH104237,2025-02-09,Hub_East,5,RoadRunner,Bike,Express,Rain,108.4,14.5,0.119,5,4.1,11.74,9.76,502.47
SH104238,2025-10-05,Hub_East,8,RoadRunner,Van,Standard,Clear,72.9,37.5,0.159,2,5.6,6.48,5.69,514.49
SH104239,2025-03-29,Hub_South,6,SwiftLine,Van,Standard,Clear,188.0,45.7,0.427,8,4.5,12.67,10.35,1129.6
SH104240,2025-05-03,Hub_East,1,SwiftLine,Van,Express,Clear,100.1,32.2,0.38,1,5.8,7.22,6.77,742.63
SH104241,2025-04-10,Hub_South,2,SwiftLine,Truck,Standard,,44.1,37.4,0.279,1,4.3,5.4,3.69,495.99
SH104242,2025-10-28,Hub_North,6,CargoPlus,Van,Standard,Clear,42.5,18.5,0.083,8,7.4,7.12,7.19,315.55
SH104243,2025-01-12,Hub_North,6,SwiftLine,Truck,Standard,Clear,47.5,52.1,0.305,3,5.6,6.15,3.27,495.5
SH104244,2025-05-09,Hub_North,4,SwiftLine,Van,Standard,Rain,54.9,7.0,0.059,3,1.9,6.09,2.81,370.15
SH104245,2025-04-12,Hub_North,8,RoadRunner,Bike,Standard,Clear,71.2,,0.312,6,7.0,9.59,8.54,285.43
SH104246,2025-04-10,Hub_East,8,RoadRunner,Bike,Standard,Rain,83.9,50.9,0.279,2,7.1,9.23,9.72,339.32
SH104247,2025-03-12,Hub_South,6,roadrunner,Van,Express,Clear,128.3,47.1,0.271,4,5.4,9.2,8.24,938.8
SH104248,2025-11-30,Hub_South,6,SwiftLine,Van,Standard,Rain,106.9,2.4,0.027,3,1.8,8.08,7.0,599.57
SH104249,2025-05-19,Hub_East,7,RoadRunner,Bike,Standard,Clear,59.9,44.0,0.486,3,7.3,7.95,7.21,261.11
SH104250,02/06/2025,Hub_North,2,RoadRunner,Van,Standard,Clear,60.1,18.2,0.206,2,3.5,5.99,4.71,369.7
SH104251,2025-05-21,Hub_North,6,swiftline,Van,Standard,Clear,104.1,17.9,0.097,3,4.8,7.97,6.02,640.85
SH104252,2025-12-24,Hub_East,8,RoadRunner,Van,Standard,Clear,54.7,31.1,0.356,4,4.4,6.39,5.93,403.13
SH104253,2025-05-04,Hub_West,2,SwiftLine,Van,Standard,Rain,91.3,11.1,0.075,6,2.6,8.38,5.89,549.42
SH104254,2025-05-05,Hub_South,1,CargoPlus,Bike,Standard,Clear,32.2,34.2,0.278,2,5.5,5.82,4.63,159.84
SH104255,2025-04-30,Hub_North,3,CargoPlus,Bike,Standard,Clear,85.7,,0.377,7,5.9,10.85,10.57,354.11
SH104256,2025-04-30,Hub_East,3,SwiftLine,Van,Standard,Clear,80.1,62.3,0.737,2,5.7,6.76,5.96,527.92
SH104257,2025-02-02,Hub_West,8,RoadRunner,Van,Express,Rain,55.0,80.3,0.49,6,5.1,7.0,7.15,591.82
SH104258,2025-08-09,Hub_South,4,roadrunner,Truck,Standard,Rain,36.6,31.8,0.371,4,4.0,5.96,5.36,372.01
SH104259,2025-01-10,Hub_North,6,CargoPlus,Bike,Standard,Clear,33.8,16.4,0.191,8,8.4,7.73,6.64,175.71
SH104260,2025-03-24,Hub_North,8,roadrunner,Van,Standard,Clear,77.3,12.9,0.146,6,5.9,7.85,6.81,436.97
SH104261,2025-03-15,Hub_East,7,RoadRunner,Van,Express,Rain,83.5,89.6,0.614,5,3.6,7.79,6.29,775.36
SH104262,2025-04-17,Hub_West,6,SwiftLine,Van,Standard,,25.2,20.8,0.146,1,6.4,4.36,4.45,206.29
SH104263,2025-10-04,Hub_East,8,SwiftLine,Van,Standard,Clear,24.8,3.3,0.019,7,,6.15,3.83,140.67
SH104264,2025-08-07,Hub_South ,6,RoadRunner,Bike,Express,Clear,40.3,14.0,0.109,8,6.7,8.16,6.0,292.3
SH104265,2025-12-28,Hub_East,2,roadrunner,Truck,Standard,Rain,43.1,17.2,0.103,1,,5.35,5.26,433.85
SH104266,2025-05-09,Hub_West,6,CargoPlus,Truck,Standard,Clear,48.7,44.4,0.4,5,4.3,6.81,5.49,492.83
SH104267,2025-12-05,Hub_South,3,CargoPlus,Van,Standard,Storm,77.5,64.9,0.71,8,2.8,8.46,54.84,565.04
SH104268,2025-01-17,Hub_West,3,RoadRunner,Van,Standard,,112.7,47.6,0.552,5,4.4,8.9,8.95,757.29
SH104269,2025-07-04,Hub_South,6,RoadRunner,Bike,Standard,Rain,113.6,38.5,0.289,7,2.2,12.69,10.18,479.11
SH104270,2025-10-19,Hub_South,3,CargoPlus,Bike,Express,,96.0,66.0,0.492,7,6.1,11.53,11.3,557.8
SH104271,2025-07-14,Hub_East,1,CargoPlus,Bike,Standard,Rain,111.2,,0.378,8,2.3,12.83,11.49,495.61
SH104272,2025-12-07,Hub_South,8,CargoPlus,Van,Standard,Clear,44.0,56.8,0.641,3,4.8,5.68,3.92,365.2
SH104273,2025-04-25,Hub_West,5,CargoPlus,Bike,Standard,Rain,94.8,17.1,0.079,8,7.0,11.75,11.1,362.93
SH104274,2025-01-13,Hub_South,6,RoadRunner,Bike,Standard,Clear,100.8,10.2,0.066,2,5.0,10.34,8.76,373.13
SH104275,2025-10-10,Hub_South,7,RoadRunner,Bike,Standard,Clear,30.3,12.7,0.071,7,5.4,7.2,6.42,155.72
SH104276,2025-01-25,Hub_South,6,RoadRunner,Bike,Express,Clear,129.1,23.7,0.242,5,6.4,13.11,10.78,615.95
SH104277,2025-10-07,Hub_South,5,SwiftLine,Van,Standard,Clear,103.1,81.6,0.573,1,6.5,7.33,5.71,697.69
SH104278,2025-09-25,Hub_South,7,RoadRunner,Van,Express,Clear,51.8,18.0,0.211,6,,6.88,5.43,497.19
SH104279,2025-11-05,Hub_East,3,RoadRunner,Van,Standard,,27.4,13.0,0.154,8,6.6,6.55,5.61,240.09
SH104280,2025-06-24,Hub_South,7,roadrunner,Van,Standard,Clear,76.6,107.7,1.19,8,6.2,8.42,8.47,672.62
SH104281,2025-11-23,Hub_South,6,SwiftLine,Van,Standard,Clear,59.8,32.9,0.266,2,1.6,5.98,3.97,370.82
SH104282,2025-03-03,Hub_East,2,RoadRunner,Truck,Standard,Clear,35.9,19.6,0.224,7,6.0,6.83,5.13,372.22
SH104283,2025-06-08,Hub_North,2,RoadRunner,Van,Standard,Clear,70.5,9.1,0.064,7,8.8,7.89,7.22,419.23
SH104284,2025-02-14,Hub_East,8,RoadRunner,Bike,Standard,Clear,55.2,8.3,0.059,8,6.8,9.14,7.68,243.26
SH104285,2025-10-07,Hub_South,8,SwiftLine,Truck,Standard,Rain,103.5,,0.392,5,7.4,9.29,9.22,1019.69
SH104286,2025-09-18,Hub_South,8,RoadRunner,Van,Standard,Rain,24.4,4.8,0.046,8,,6.43,5.31,180.76
SH104287,2025-10-22,Hub_East,1,SwiftLine,Van,Standard,Clear,108.6,25.8,0.116,3,5.4,8.14,6.11,664.64
SH104288,2025-10-06,Hub_East,8,SwiftLine,Van,Express,Clear,680.0,63.7,0.528,5,6.6,7.19,5.57,610.07
SH104289,2025-04-23,Hub_West,7,SwiftLine,Bike,Standard,Clear,95.3,17.8,0.209,3,6.4,10.28,7.26,364.07
SH104290,2025-01-25,Hub_South,7,CargoPlus,Bike,Standard,Clear,134.4,32.8,0.149,3,7.1,12.86,13.22,524.44
SH104291,2025-12-06,Hub_South,4,RoadRunner,Truck,Standard,Clear,84.6,15.3,0.072,3,3.2,7.83,5.9,788.8
SH104292,2025-06-29,Hub_East,5,RoadRunner,Van,Standard,Rain,107.8,83.6,0.966,6,3.9,9.01,6.94,786.42
SH104293,2025-02-04,Hub_East,4,CargoPlus,Bike,Standard,Clear,32.0,35.6,0.379,6,2.9,7.01,5.99,187.35
SH104294,2025-12-05,Hub_East,1,RoadRunner,Bike,Standard,Storm,33.9,62.4,0.25,7,6.0,7.43,8.61,257.85
SH104295,29/12/2025,Hub_East,5,CargoPlus,Van,Standard,Clear,59.3,27.8,0.212,6,5.1,7.16,5.55,382.13
SH104296,2025-06-12,Hub_East,2,SwiftLine,Van,Standard,Rain,50.3,32.5,0.21,2,5.1,5.62,5.86,329.83
SH104297,2025-10-09,Hub_North,2,SwiftLine,Van,Express,Clear,87.9,38.8,0.207,4,4.1,7.65,5.59,722.34
SH104298,2025-01-14,Hub_East,1,SwiftLine,Van,Standard,Rain,87.9,23.4,0.103,5,3.8,7.95,6.47,566.03
SH104299,2025-02-04,Hub_North ,4,roadrunner,Truck,Standard,Rain,120.1,46.6,0.28,4,5.5,9.74,9.32,1112.59
SH104300,2025-04-11,Hub_South,1,CargoPlus,Van,Standard,Clear,67.8,,0.242,2,7.7,6.29,5.83,426.29
SH104301,2025-08-28,Hub_East,7,RoadRunner,Truck,Standard,Clear,32.0,,0.268,2,8.6,5.15,3.3,358.23
SH104302,2025-02-18,Hub_South,8,RoadRunner,Truck,Standard,Clear,,64.2,0.415,5,8.6,10.07,11.36,1161.03
SH104303,2025-01-13,Hub_South,7,SwiftLine,Truck,Standard,Clear,117.9,30.4,0.185,4,,9.64,7.52,1088.41
SH104304,2025-09-02,Hub_West,3,CargoPlus,Truck,Standard,Clear,59.7,17.1,0.082,6,3.1,7.61,7.31,535.02
SH104305,2025-10-09,Hub_East,2,RoadRunner,Van,Standard,Storm,119.6,,0.533,6,7.3,9.46,10.64,751.25
SH104306,2025-09-27,Hub_South,5,SwiftLine,Bike,Standard,Clear,30.2,38.8,0.382,3,8.0,5.99,4.92,194.22
SH104307,2025-10-19,Hub_West,6,CargoPlus,Bike,Express,Clear,61.9,20.4,0.242,6,6.3,8.98,6.73,401.12
SH104308,2025-10-21,Hub_South,1,RoadRunner,Van,Express,Clear,39.6,15.0,0.087,5,5.5,6.11,2.36,378.95
SH104309,2025-08-08,Hub_East,7,SwiftLine,Van,Standard,Clear,106.4,1.3,0.007,2,4.2,7.76,5.94,591.39
SH104310,2025-07-09,Hub_North,4,SwiftLine,Bike,Standard,Rain,50.8,28.0,0.27,7,6.7,8.55,7.75,242.49
SH104311,2025-11-09,Hub_North,7,SwiftLine,Truck,Express,Clear,112.9,26.7,0.176,6,6.7,10.02,7.41,1101.83
SH104312,2025-05-08,Hub_South,1,CargoPlus,Truck,Standard,Clear,37.9,13.7,0.111,8,6.1,7.22,4.14,371.57
SH104313,2025-02-05,Hub_North,4,RoadRunner,Van,Standard,Clear,172.1,14.0,0.135,8,3.3,12.07,9.37,1020.99
SH104314,2025-10-02,Hub_South ,4,CargoPlus,Van,Standard,Storm,59.1,14.9,0.11,3,3.5,6.26,7.59,379.74
SH104315,2025-04-11,Hub_North,1,SwiftLine,Bike,Express,Clear,56.0,,0.178,7,5.3,8.89,5.66,335.84
SH104316,2025-12-24,Hub_East,6,RoadRunner,Van,Standard,Rain,102.7,51.1,0.384,8,7.6,9.42,9.47,714.04
SH104317,2025-06-01,Hub_North,8,RoadRunner,Bike,Standard,Clear,84.5,23.2,0.178,1,7.3,8.97,7.63,343.02
SH104318,2025-11-07,Hub_North,5,RoadRunner,Van,Standard,Rain,59.4,19.5,0.078,6,4.7,7.17,5.73,399.21
SH104319,16/01/2025,Hub_West,4,RoadRunner,Van,Standard,Clear,55.1,,0.059,7,1.8,7.3,5.32,380.12
SH104320,2025-08-29,Hub_East,6,RoadRunner,Bike,Standard,Rain,146.6,4.7,0.042,1,8.2,13.06,12.01,511.16
SH104321,2025-06-13,Hub_West,3,RoadRunner,Van,Standard,Storm,65.8,11.0,0.046,1,8.0,5.91,7.49,410.41
SH104322,2025-06-18,Hub_South,3,CargoPlus,Van,Standard,Clear,67.1,18.0,0.112,3,5.7,6.56,5.65,464.92
SH104323,2025-04-07,Hub_North,7,SwiftLine,Van,Standard,Clear,38.0,16.1,0.121,2,4.6,5.15,3.61,251.08
SH104324,2025-12-21,Hub_East,5,RoadRunner,Truck,Standard,Storm,131.2,,0.237,2,4.9,9.64,11.16,1222.03
SH104325,2025-05-24,Hub_East,3,RoadRunner,Bike,Standard,Clear,43.8,28.7,0.126,2,7.4,6.59,5.42,192.08
SH104326,07/11/2025,Hub_North,4,SwiftLine,Truck,Standard,Rain,41.6,,0.124,2,6.6,5.58,2.96,391.21
SH104327,2025-06-05,Hub_West,7,SwiftLine,Bike,Express,Rain,109.0,31.5,0.149,4,4.6,11.48,9.23,560.18
SH104328,2025-01-18,Hub_East,5,CargoPlus,Bike,Standard,Clear,13.8,,0.156,8,9.9,6.41,4.86,139.75
SH104329,2025-11-17,Hub_East,1,swiftline,Truck,Standard,Clear,75.8,24.0,0.286,7,2.4,8.63,7.03,721.59
SH104330,2025-03-09,Hub_South,7,SwiftLine,Van,Standard,Clear,55.9,10.8,0.059,1,4.3,5.53,3.28,327.57
SH104331,2025-04-09,Hub_East,6,RoadRunner,Van,Express,Clear,62.8,31.4,0.143,7,4.3,7.6,6.03,567.14
SH104332,11/11/2025,Hub_North,3,swiftline,Van,Express,Clear,44.6,15.5,0.077,7,5.7,6.9,5.23,407.14
SH104333,2025-11-23,Hub_West,8,swiftline,Van,Standard,Rain,50.4,61.0,0.66,3,7.8,5.92,5.05,418.43
SH104334,2025-12-01,Hub_South,8,SwiftLine,Truck,Standard,Clear,25.3,16.4,0.193,4,7.2,5.45,3.72,285.2
SH104335,2025-06-05,Hub_North,8,SwiftLine,Bike,Standard,Rain,1027.0,10.0,0.087,4,5.8,11.07,9.81,345.11
SH104336,2025-10-04,Hub_North,4,RoadRunner,Truck,Standard,Clear,59.6,16.1,0.186,8,2.8,8.2,7.65,578.15
SH104337,2025-04-30,Hub_East,8,CargoPlus,Truck,Standard,Clear,113.0,13.2,0.134,2,7.4,8.82,53.46,988.11
SH104338,2025-09-28,Hub_West,7,SwiftLine,Truck,Express,Clear,183.4,4.0,0.034,5,3.2,12.91,8.42,1758.3
SH104339,2025-07-03,Hub_West,7,RoadRunner,Van,Standard,Clear,38.6,65.0,0.735,8,4.7,6.97,5.57,303.98
SH104340,2025-01-19,Hub_East,5,roadrunner,Van,Express,Clear,92.8,36.1,0.28,6,5.3,8.44,6.21,716.95
SH104341,2025-06-02,Hub_West,3,SwiftLine,Van,Standard,Rain,41.0,28.7,0.209,3,3.9,5.56,4.01,282.03
SH104342,2025-06-20,Hub_East,2,RoadRunner,Van,Express,Clear,47.3,21.2,0.207,7,3.8,7.0,4.66,485.1
SH104343,2025-04-04,Hub_South,8,SwiftLine,Truck,Express,Clear,65.6,10.8,0.108,2,7.3,6.67,4.05,694.0
SH104344,2025-05-17,Hub_East,5,SwiftLine,Van,Standard,Clear,168.8,5.9,0.04,2,8.4,10.14,8.89,1034.92
SH104345,2025-07-03,Hub_North,8,SwiftLine,Van,Standard,Rain,57.3,23.7,0.185,8,5.4,7.69,6.49,379.3
SH104346,2025-01-19,Hub_North,5,SwiftLine,Truck,Standard,Clear,64.6,,0.147,7,1.9,8.13,6.4,610.97
SH104347,2025-02-25,Hub_South,5,cargoplus,Bike,Express,Clear,75.9,20.2,0.1,2,,8.7,6.73,450.48
SH104348,2025-10-07,Hub_North,1,CargoPlus,Truck,Standard,Clear,64.0,86.0,0.586,7,4.1,8.1,6.49,703.54
SH104349,2025-05-09,Hub_West,4,CargoPlus,Truck,Standard,Clear,38.5,3.9,0.031,2,6.2,5.44,4.13,351.46
SH104350,2025-08-11,Hub_West,5,SwiftLine,Bike,Standard,Clear,117.6,22.3,0.117,3,6.1,11.75,57.12,428.44
SH104351,2025-07-26,Hub_South,1,CargoPlus,Bike,Standard,Clear,54.3,4.0,0.021,8,1.7,9.08,8.03,206.93
SH104352,2025-07-21,Hub_East,2,RoadRunner,Van,Standard,Clear,31.7,19.4,0.097,3,,5.21,4.35,224.18
SH104353,2025-05-31,Hub_South,5,SwiftLine,Bike,Standard,Rain,79.3,17.9,0.197,1,6.7,8.63,8.53,339.08
SH104354,2025-06-26,Hub_North,2,CargoPlus,Truck,Express,Clear,121.2,7.1,0.068,8,5.3,10.99,9.58,1202.29
SH104355,2025-10-28,Hub_South,6,CargoPlus,Bike,Standard,Clear,44.3,12.1,0.062,1,3.3,6.32,3.8,210.27
SH104356,2025-12-19,Hub_North,4,SwiftLine,Bike,Express,Rain,60.0,20.1,0.187,8,6.8,9.45,7.35,369.67
SH104357,04/04/2025,Hub_South,4,CargoPlus,Bike,Standard,Clear,66.9,21.2,0.167,4,2.2,8.71,6.04,299.87
SH104358,2025-09-02,Hub_North,1,SwiftLine,Truck,Express,Rain,52.1,15.0,0.128,3,6.0,6.36,5.64,606.5
SH104359,2025-12-20,Hub_North,4,RoadRunner,Van,Standard,Rain,68.1,55.5,0.59,3,4.4,6.6,6.74,469.22
SH104360,2025-01-03,Hub_North,5,SwiftLine,Truck,Standard,Clear,144.1,45.6,0.356,2,6.4,10.23,8.98,1315.96
SH104361,2025-10-14,Hub_West,5,SwiftLine,Truck,Express,Rain,68.8,9.5,0.06,7,5.0,8.32,6.02,793.71
SH104362,2025-07-01,Hub_North,3,CargoPlus,Van,Standard,Clear,87.6,9.2,0.094,8,6.5,8.84,7.51,520.28
SH104363,2025-12-20,Hub_South,1,RoadRunner,Bike,Standard,Rain,56.1,13.2,0.07,6,8.2,8.6,7.81,224.73
SH104364,2025-07-31,Hub_South,8,SwiftLine,Bike,Standard,Rain,78.3,29.4,0.335,2,6.9,8.86,8.52,337.18
SH104365,2025-11-02,Hub_South,8,CargoPlus,Truck,Standard,Clear,83.2,18.2,0.21,5,6.9,8.37,7.6,769.41
SH104366,2025-03-02,Hub_South,8,CargoPlus,Bike,Standard,Clear,99.7,26.8,0.181,6,6.7,11.47,11.12,369.37
SH104367,2025-02-21,Hub_North,3,cargoplus,Truck,Standard,Clear,53.3,46.6,0.474,1,2.1,5.82,5.01,528.76
SH104368,2025-12-05,Hub_East,5,CargoPlus,Truck,Express,Clear,61.2,11.9,0.135,6,5.7,7.67,6.47,715.58
SH104369,2025-07-12,Hub_East,2,CargoPlus,Van,Standard,Clear,104.7,5.1,0.058,3,6.0,8.0,7.21,593.28
SH104370,2025-07-23,Hub_East,8,RoadRunner,Van,Standard,Clear,55.8,33.1,0.163,6,6.6,7.03,6.52,415.35
SH104371,2025-03-04,Hub_East,1,SwiftLine,Truck,Standard,Clear,38.5,11.8,0.063,8,5.3,7.24,5.65,372.09
SH104372,2025-03-24,Hub_South,4,CargoPlus,Truck,Standard,Clear,52.2,31.7,0.251,3,6.9,6.37,5.37,470.0
SH104373,2025-10-26,Hub_South,7,SwiftLine,Van,Standard,Clear,103.0,28.4,0.239,2,3.6,7.63,5.73,662.43
SH104374,2025-04-21,Hub_North,6,swiftline,Van,Express,Clear,110.6,49.9,0.337,4,9.5,8.52,7.25,858.2
SH104375,2025-08-02,Hub_South,7,RoadRunner,Van,Standard,Clear,94.1,30.2,0.139,1,6.6,6.99,5.79,614.38
SH104376,2025-04-26,Hub_North,4,SwiftLine,Van,Standard,Clear,119.5,24.8,0.184,3,3.7,8.56,6.24,720.32
SH104377,2025-04-07,Hub_South,1,RoadRunner,Truck,Standard,Clear,138.5,23.8,0.149,2,8.2,9.98,9.91,1241.68
SH104378,2025-03-02,Hub_East,1,CargoPlus,Van,Standard,Rain,177.5,72.1,0.547,1,3.3,10.17,9.98,1105.82
SH104379,2025-12-06,Hub_North,2,RoadRunner,Truck,Standard,Clear,96.5,27.0,0.167,7,5.5,9.57,8.67,880.03
SH104380,2025-12-10,Hub_North,1,RoadRunner,Bike,Standard,Clear,63.9,,0.147,4,5.7,8.51,7.1,278.94
SH104381,2025-02-12,Hub_East,4,RoadRunner,Truck,Standard,Rain,32.7,16.2,0.141,7,4.7,6.68,6.67,335.5
SH104382,2025-05-09,Hub_South,1,RoadRunner,Van,Standard,Rain,37.1,33.1,0.228,3,,5.42,5.47,278.78
SH104383,2025-07-25,Hub_West,2,SwiftLine,Van,Standard,Clear,45.8,65.3,0.371,3,5.6,5.75,3.89,365.52
SH104384,2025-05-20,Hub_West,4,SwiftLine,Bike,Standard,Clear,112.6,37.4,0.268,4,3.4,11.72,8.82,456.37
SH104385,2025-09-21,Hub_West,6,RoadRunner,Truck,Standard,Rain,47.4,,0.355,2,6.0,5.85,5.24,556.35
SH104386,2025-04-05,Hub_South,6,RoadRunner,Van,Standard,Clear,47.2,39.2,0.177,7,5.5,7.0,5.12,357.45
SH104387,2025-01-22,Hub_North,1,RoadRunner,Van,Standard,Clear,49.7,7.6,0.069,7,9.4,7.1,7.51,290.11
SH104388,2025-05-03,Hub_East,8,SwiftLine,Van,Standard,Clear,67.9,90.2,0.818,6,8.5,7.49,7.63,539.12
SH104389,2025-08-07,Hub_East,5,SwiftLine,Van,Standard,Clear,79.3,28.9,0.189,2,4.0,6.73,5.41,528.64
SH104390,07/03/2025,Hub_East,3,RoadRunner,Van,Standard,Clear,79.2,72.8,0.85,7,5.2,8.22,7.5,595.27
SH104391,2025-10-25,Hub_South,4,RoadRunner,Bike,Standard,Storm,50.5,,0.6,3,4.1,7.33,8.15,295.98
SH104392,2025-01-05,Hub_North,7,RoadRunner,Van,Standard,Storm,109.1,6.7,0.075,8,5.0,9.66,9.62,652.78
SH104393,2025-01-25,Hub_North,4,CargoPlus,Van,Express,Clear,65.5,24.3,0.188,4,7.2,6.8,5.33,622.04
SH104394,2025-07-05,Hub_North,2,roadrunner,Van,Standard,Rain,101.8,14.5,0.119,5,5.3,8.48,7.29,590.44
SH104395,2025-07-06,Hub_North,4,SwiftLine,Van,Standard,Rain,70.0,12.8,0.122,4,,6.97,6.1,480.16
SH104396,2025-04-18,Hub_West,1,RoadRunner,Van,Standard,Storm,49.6,31.4,0.273,8,6.7,7.39,8.66,370.6
SH104397,2025-04-05,Hub_North,2,SwiftLine,Bike,Standard,Rain,56.9,43.7,0.408,1,1.6,7.15,6.11,340.61
SH104398,2025-01-26,Hub_East,3,swiftline,Truck,Standard,Rain,44.5,9.2,0.069,8,4.7,7.52,6.33,394.91
SH104399,2025-08-30,Hub_West,2,roadrunner,Van,Standard,Clear,31.0,8.2,0.042,7,8.2,6.38,4.01,260.4
SH104400,2025-05-19,Hub_South,3,SwiftLine,Van,Express,Clear,74.1,26.2,0.275,1,8.3,6.23,4.12,645.18
SH104401,2025-02-13,Hub_South,1,SwiftLine,Truck,Standard,Clear,41.2,39.3,0.279,2,8.1,5.57,4.4,441.29
SH104402,2025-05-26,Hub_East,5,CargoPlus,Truck,Standard,Clear,34.9,48.8,0.433,3,3.0,5.58,4.91,383.71
SH104403,2025-12-09,Hub_South,1,RoadRunner,Van,Standard,Rain,99.4,70.0,0.487,3,3.0,7.79,6.87,737.78
SH104404,2025-04-06,Hub_South,2,CargoPlus,Van,Standard,Storm,123.2,64.6,0.508,5,4.5,9.3,10.52,787.44
SH104405,2025-11-23,Hub_West,8,CargoPlus,Truck,Standard,Rain,47.3,34.6,0.315,6,5.5,7.04,6.57,516.66
SH104406,2025-04-05,Hub_East,1,SwiftLine,Truck,Standard,Rain,261.8,38.9,0.336,2,4.0,15.56,12.42,2357.14
SH104407,2025-03-09,Hub_West,3,RoadRunner,Bike,Standard,Clear,98.0,47.0,0.241,7,2.1,11.66,9.22,415.38
SH104408,06/04/2025,Hub_West,5,SwiftLine,Van,Express,Clear,73.8,8.6,0.051,1,7.4,6.22,4.38,573.76
SH104409,2025-04-28,Hub_South,3,RoadRunner,Truck,Express,Clear,25.2,23.0,0.124,5,7.0,5.74,3.62,450.53
SH104410,2025-02-14,Hub_East,3,SwiftLine,Truck,Standard,Clear,86.9,58.2,0.501,6,4.3,8.84,6.25,852.45
SH104411,2025-08-03,Hub_East,2,SwiftLine,Bike,Standard,Rain,38.6,12.7,0.091,3,6.9,6.54,6.17,167.36
SH104412,2025-05-02,Hub_East,4,SwiftLine,Van,Standard,Clear,41.7,6.7,0.04,4,7.4,5.89,4.87,211.26
SH104413,20/09/2025,Hub_East,7,CargoPlus,Van,Standard,Clear,91.3,13.0,0.057,1,1.0,6.88,4.82,588.39
SH104414,2025-06-29,Hub_East,5,SwiftLine,Van,Standard,Clear,161.4,16.0,0.162,2,6.8,9.86,7.63,940.76
SH104415,2025-06-11,Hub_West,8,RoadRunner,Van,Standard,Clear,75.4,26.3,0.117,4,,7.18,5.73,511.09
SH104416,2025-06-21,Hub_South,6,CargoPlus,Van,Express,Rain,108.5,38.5,0.271,1,1.0,7.54,6.19,806.97
SH104417,2025-02-27,Hub_East,7,RoadRunner,Van,Standard,Rain,159.9,47.9,0.366,5,7.5,10.7,10.53,1019.9
SH104418,2025-09-18,Hub_North,4,RoadRunner,Van,Standard,Clear,30.8,35.3,0.269,8,5.7,6.68,4.48,293.2
SH104419,2025-02-08,Hub_East,5,SwiftLine,Truck,Express,Rain,92.0,61.0,0.312,3,2.3,8.17,6.76,1002.51
SH104420,2025-09-21,Hub_East,5,CargoPlus,Truck,Express,Clear,125.2,15.5,0.15,6,6.3,10.57,9.12,1234.3
SH104421,2025-12-31,Hub_East,7,roadrunner,Truck,Express,Clear,115.8,,0.088,6,5.9,10.15,8.97,1179.97
SH104422,2025-10-06,Hub_South,5,RoadRunner,Truck,Standard,Clear,120.8,10.1,0.091,6,6.6,10.37,9.03,1116.12
SH104423,2025-06-16,Hub_South,4,CargoPlus,Truck,Standard,Rain,534.0,24.6,0.173,7,1.6,7.62,7.85,531.16
SH104424,25/04/2025,Hub_South,1,SwiftLine,Van,Standard,Rain,80.7,14.1,0.115,6,4.9,7.98,6.54,508.95
SH104425,2025-11-15,Hub_North,7,RoadRunner,Bike,Standard,Clear,125.9,50.7,0.386,1,3.5,11.7,9.25,522.57
SH104426,2025-04-04,Hub_North,4,SwiftLine,Truck,Standard,Rain,90.4,8.2,0.095,7,5.2,9.3,7.6,797.99
SH104427,2025-06-26,Hub_West,7,SwiftLine,Van,Standard,Rain,36.2,58.6,0.397,7,2.1,6.58,6.73,309.8
SH104428,2025-10-09,Hub_South,6,SwiftLine,Van,Express,,39.8,12.5,0.065,4,3.3,5.82,5.42,391.77
SH104429,2025-12-03,Hub_West,1,RoadRunner,Truck,Express,Clear,117.5,53.7,0.37,5,8.6,9.92,9.87,1258.95
SH104430,2025-12-03,Hub_North,6,swiftline,Van,Standard,Clear,,16.0,0.128,7,7.8,5.84,3.73,199.67
SH104431,2025-02-02,Hub_East,4,RoadRunner,Truck,Standard,Clear,93.1,42.9,0.194,3,,8.22,6.55,868.66
SH104432,2025-11-24,Hub_East,2,CargoPlus,Van,Standard,Rain,101.9,26.6,0.302,2,8.4,7.59,8.4,655.73
SH104433,2025-02-11,Hub_East,3,CargoPlus,Bike,Standard,,85.1,41.5,0.232,6,1.8,10.51,8.17,375.88
SH104434,2025-08-02,Hub_East,6,SwiftLine,Truck,Standard,Clear,1021.0,4.9,0.056,3,5.4,8.63,6.67,902.17
SH104435,2025-12-06,Hub_East,1,CargoPlus,Truck,Express,Storm,101.7,20.8,0.15,6,6.0,9.51,10.42,1029.58
SH104436,2025-08-28,Hub_West,5,SwiftLine,Van,Standard,Clear,19.6,55.9,0.472,4,4.7,5.05,3.68,231.78
SH104437,2025-12-12,Hub_East,7,RoadRunner,Van,Standard,Clear,26.3,23.9,0.226,7,1.8,6.2,5.67,203.49
SH104438,2025-05-06,Hub_North,1,SwiftLine,Bike,Standard,Storm,47.6,15.1,0.068,2,7.3,6.84,7.73,222.78
SH104439,2025-04-25,Hub_North,1,RoadRunner,Bike,Standard,Clear,84.9,7.8,0.057,4,6.7,9.9,8.64,297.55
SH104440,2025-04-30,Hub_East,1,SwiftLine,Bike,Standard,Clear,80.5,13.4,0.084,5,4.3,9.91,7.28,288.76
SH104441,2025-05-10,Hub_South,6,RoadRunner,Bike,Standard,Clear,40.4,61.6,0.329,5,7.2,7.26,6.8,282.4
SH104442,2025-09-07,Hub_South,7,SwiftLine,Van,Standard,Clear,129.2,36.6,0.342,7,5.7,10.13,8.55,806.72
SH104443,2025-06-15,Hub_East,8,SwiftLine,Van,Standard,Clear,181.5,43.7,0.233,4,6.8,11.23,9.57,1103.73
SH104444,27/09/2025,Hub_South,1,RoadRunner,Bike,Standard,Clear,101.7,19.8,0.172,8,3.7,12.2,10.52,380.51
SH104445,2025-06-01,Hub_East,4,SwiftLine,Van,Standard,Clear,79.8,18.6,0.132,3,6.0,7.04,5.09,523.9
SH104446,2025-04-23,Hub_East,1,RoadRunner,Van,Express,Clear,85.6,43.5,0.514,7,6.0,8.47,7.04,687.13
SH104447,2025-03-11,Hub_East,3,RoadRunner,Van,Express,Rain,50.0,51.6,0.581,2,5.0,5.61,3.96,526.69
SH104448,2025-07-21,Hub_East ,3,RoadRunner,Truck,Express,Clear,35.3,17.2,0.07,4,1.0,5.9,4.12,472.79
SH104449,2025-11-24,Hub_West,5,RoadRunner,Truck,Express,Rain,110.0,37.3,0.391,8,5.8,10.48,8.92,1120.66
SH104450,10/11/2025,Hub_East,8,cargoplus,Truck,Express,Storm,101.2,32.5,0.174,8,6.0,10.09,11.36,1047.53
SH104451,2025-04-03,Hub_West,7,CargoPlus,Bike,Express,Rain,110.6,7.2,0.056,2,3.6,10.99,9.99,534.58
SH104452,2025-06-24,Hub_North,1,SwiftLine,Van,Standard,Clear,83.4,31.2,0.327,3,6.6,7.18,5.81,517.67
SH104453,2025-09-15,Hub_East,2,RoadRunner,Bike,Standard,Clear,34.0,,0.16,6,6.0,7.14,6.52,229.65
SH104454,2025-08-12,Hub_East,3,RoadRunner,Van,Standard,Clear,32.8,8.5,0.084,1,6.3,4.65,2.66,198.28
SH104455,2025-01-25,Hub_South,3,SwiftLine,Truck,Express,Clear,41.0,41.0,0.243,4,4.7,6.16,3.78,562.16
SH104456,2025-08-04,Hub_North,3,SwiftLine,Van,Express,Clear,138.1,11.0,0.121,8,2.1,10.77,6.73,964.72
SH104457,2025-01-15,Hub_East,5,SwiftLine,Truck,Standard,Storm,31.3,15.5,0.116,7,2.1,6.62,6.44,334.89
SH104458,2025-02-12,Hub_South,6,RoadRunner,Van,Express,Clear,64.7,131.0,0.733,4,6.9,6.77,5.11,690.43
SH104459,2025-08-27,Hub_West,8,SwiftLine,Van,Standard,Clear,52.7,14.7,0.065,4,3.3,6.31,4.22,379.19
SH104460,2025-02-07,Hub_South,6,RoadRunner,Bike,Standard,Rain,33.4,20.3,0.18,3,3.9,6.2,6.04,152.08
SH104461,2025-05-04,Hub_North,3,RoadRunner,Truck,Standard,Storm,88.4,7.0,0.066,2,7.2,7.71,9.64,793.99
SH104462,2025-08-03,Hub_East,2,RoadRunner,Van,Standard,Rain,140.3,86.7,0.819,6,1.2,10.25,8.42,892.6
SH104463,2025-08-28,Hub_South,4,SwiftLine,Bike,Standard,Clear,67.6,64.5,0.515,2,2.3,8.16,5.68,368.72
SH104464,2025-06-12,Hub_North,7,CargoPlus,Bike,Standard,Clear,28.5,3.5,0.025,6,7.1,6.78,5.31,150.1
SH104465,2025-02-04,Hub_East,8,RoadRunner,Truck,Standard,Clear,59.2,119.1,1.066,4,5.7,6.98,6.11,724.0
SH104466,2025-10-19,Hub_South,4,SwiftLine,Bike,Standard,Clear,51.1,77.5,0.331,7,1.5,8.57,6.32,315.27
SH104467,2025-12-13,Hub_North,2,SwiftLine,Truck,Express,Clear,59.4,29.0,0.172,5,4.6,7.29,4.76,707.53
SH104468,2025-11-21,Hub_East,1,SwiftLine,Van,Standard,Rain,62.7,12.9,0.078,8,5.9,7.89,6.53,405.61
SH104469,2025-10-01,Hub_East,1,CargoPlus,Van,Standard,Clear,151.7,60.9,0.623,6,3.3,10.69,8.47,967.23
SH104470,27/05/2025,Hub_East,6,SwiftLine,Van,Standard,,85.9,43.5,0.328,8,2.6,8.78,9.53,576.61
SH104471,2025-11-16,Hub_South,5,SwiftLine,Truck,Express,Clear,85.4,94.1,0.411,7,2.1,9.07,6.67,994.35
SH104472,2025-06-28,Hub_North,6,SwiftLine,Van,Standard,Clear,50.6,88.0,0.982,6,7.2,6.83,6.0,385.04
SH104473,2025-02-19,Hub_West,1,SwiftLine,Bike,Standard,Rain,108.2,25.8,0.183,3,7.6,11.13,10.9,474.56
SH104474,2025-11-07,Hub_East,4,RoadRunner,Bike,Standard,Clear,114.9,29.4,0.136,1,7.0,10.97,10.43,432.63
SH104475,2025-04-27,Hub_North ,2,CargoPlus,Truck,Standard,Clear,94.2,12.0,0.088,7,8.0,9.47,8.86,853.11
SH104476,2025-12-09,Hub_West,3,roadrunner,Van,Standard,Clear,90.0,13.2,0.153,5,8.1,8.03,6.44,581.32
SH104477,2025-05-15,Hub_North,5,CargoPlus,Van,Standard,Clear,32.6,23.2,0.242,2,2.5,4.94,4.81,260.2
SH104478,2025-11-14,Hub_East,3,SwiftLine,Bike,Express,Clear,84.0,40.7,0.356,1,7.5,8.94,7.49,450.02
SH104479,2025-07-16,Hub_East,6,RoadRunner,Van,Standard,Rain,133.9,93.2,0.939,8,5.7,10.61,10.06,877.81
SH104480,2025-06-20,Hub_West,3,CargoPlus,Truck,Express,Clear,86.0,13.6,0.111,5,9.3,8.5,6.94,932.05
SH104481,2025-04-19,Hub_West,5,RoadRunner,Bike,Standard,Storm,101.0,24.2,0.252,1,10.0,10.06,13.62,412.0
SH104482,2025-11-02,Hub_North,4,CargoPlus,Truck,Standard,Rain,59.5,47.4,0.508,7,5.1,7.9,7.76,599.2
SH104483,2025-01-23,Hub_East,4,SwiftLine,Truck,Standard,Rain,,29.0,0.194,7,4.9,7.4,5.88,492.67
SH104484,2025-06-21,Hub_South,2,RoadRunner,Van,Standard,Rain,38.6,38.4,0.29,4,4.7,5.77,5.04,307.02
SH104485,2025-05-15,Hub_East,5,RoadRunner,Truck,Standard,Rain,123.2,27.4,0.159,3,5.6,9.58,9.24,1131.75
SH104486,2025-07-18,Hub_East,8,SwiftLine,Van,Express,Clear,65.8,9.3,0.088,2,6.0,6.21,3.43,545.44
SH104487,2025-04-03,Hub_North,6,CargoPlus,Van,Standard,Rain,115.4,59.4,0.303,6,10.0,9.3,10.42,748.14
SH104488,2025-08-31,Hub_North,6,swiftline,Bike,Express,Clear,55.8,39.0,0.303,2,,7.38,6.5,410.68
SH104489,2025-05-21,Hub_North,7,SwiftLine,Truck,Standard,,119.2,16.8,0.197,5,4.6,10.0,6.75,1091.57
SH104490,2025-03-10,Hub_North,1,CargoPlus,Van,Standard,Clear,72.7,22.1,0.171,1,5.5,6.17,5.01,492.59
SH104491,2025-03-13,Hub_North,7,RoadRunner,Truck,Standard,Clear,59.2,15.4,0.07,5,3.9,7.28,5.65,584.03
SH104492,2025-09-12,Hub_West,2,CargoPlus,Van,Standard,Clear,59.5,42.5,0.176,4,2.1,6.57,4.38,445.38
SH104493,2025-04-06,Hub_South,6,CargoPlus,Van,Standard,,106.2,6.1,0.071,8,5.2,9.55,10.92,621.27
SH104494,2025-04-23,Hub_East,8,SwiftLine,Truck,Standard,Clear,85.9,14.9,0.144,6,10.0,8.79,8.13,787.91
SH104495,2025-08-17,Hub_West,8,RoadRunner,Van,Standard,Clear,106.5,20.0,0.194,5,7.3,8.66,6.7,632.47
SH104496,2025-05-01,Hub_East,4,CargoPlus,Bike,Standard,Clear,133.0,20.2,0.141,4,4.5,13.07,11.32,498.91
SH104497,2025-05-22,Hub_South,7,SwiftLine,Truck,Standard,Clear,63.4,11.3,0.091,2,6.2,6.57,4.82,574.68
SH104498,2025-03-31,Hub_West,5,RoadRunner,Bike,Standard,,95.1,27.0,0.229,6,10.0,11.17,11.34,393.87
SH104499,2025-05-07,Hub_East,2,CargoPlus,Truck,Standard,Clear,67.8,6.2,0.063,4,5.9,7.37,7.88,654.97
SH104500,2025-09-10,Hub_East,2,SwiftLine,Truck,Standard,Rain,571.0,43.1,0.348,2,3.7,6.29,4.79,585.67
SH104501,2025-07-14,Hub_West ,8,CargoPlus,Bike,Standard,Clear,86.5,73.7,0.476,1,5.6,9.1,8.91,406.45
SH104502,2025-12-31,Hub_East,8,RoadRunner,Van,Express,Clear,15.3,33.1,0.273,5,6.8,5.18,3.35,302.84
SH104503,2025-10-09,Hub_South,8,CargoPlus,Truck,Express,Clear,32.5,11.4,0.108,3,6.3,5.47,3.74,478.02
SH104504,2025-01-07,Hub_West,4,RoadRunner,Truck,Standard,Clear,112.0,40.3,0.18,1,8.4,8.48,7.95,1029.73
SH104505,2025-05-19,Hub_South,3,RoadRunner,Van,Express,Clear,81.7,20.5,0.16,3,5.7,7.12,5.4,640.94
SH104506,2025-04-16,Hub_West,7,CargoPlus,Van,Standard,Clear,49.7,33.0,0.223,8,1.0,7.4,6.08,367.39
SH104507,2025-08-03,Hub_North,1,SwiftLine,Van,Standard,Clear,82.6,27.8,0.311,6,6.4,8.05,6.47,526.27
SH104508,2025-04-07,Hub_North,8,RoadRunner,Bike,Express,Clear,27.6,46.6,0.331,1,6.3,5.22,3.61,326.38
SH104509,2025-12-19,Hub_South,5,CargoPlus,Van,Standard,Clear,38.0,32.6,0.294,8,6.2,6.95,5.54,253.7
SH104510,2025-04-20,Hub_North ,6,CargoPlus,Van,Standard,Clear,38.1,19.1,0.146,8,3.8,6.95,6.3,284.89
SH104511,2025-07-10,Hub_West,4,CargoPlus,Van,Standard,,36.0,14.3,0.15,3,9.5,5.37,5.28,302.86
SH104512,2025-02-14,Hub_North,8,RoadRunner,Van,Express,Clear,64.3,21.4,0.245,4,3.3,6.75,5.11,557.62
SH104513,2025-11-29,Hub_East,6,RoadRunner,Truck,Standard,Rain,82.4,50.9,0.238,7,3.5,8.93,8.58,812.62
SH104514,2025-11-29,Hub_North,1,RoadRunner,Bike,Express,Clear,215.1,20.9,0.087,4,5.0,18.48,15.16,847.18
SH104515,2025-10-17,Hub_West,5,RoadRunner,Van,Standard,Rain,120.4,37.8,0.364,8,8.2,10.09,9.53,746.54
SH104516,09/05/2025,Hub_South,7,RoadRunner,Bike,Express,Clear,23.9,39.5,0.358,5,8.2,6.18,5.15,299.5
SH104517,2025-01-22,Hub_North,1,SwiftLine,Bike,Standard,Clear,153.7,23.0,0.194,6,6.8,15.03,12.7,566.37
SH104518,2025-09-17,Hub_North,6,SwiftLine,Truck,Standard,Clear,50.0,21.7,0.162,7,7.3,7.47,5.33,464.53
SH104519,2025-06-06,Hub_East,2,RoadRunner,Van,Express,,91.6,25.0,0.25,6,2.9,8.4,9.62,705.03
SH104520,2025-12-28,Hub_West,5,SwiftLine,Bike,Standard,Clear,652.0,6.9,0.066,1,2.1,7.7,5.25,236.86
SH104521,2025-09-12,Hub_West,8,SwiftLine,Truck,Standard,Rain,158.7,35.5,0.26,7,,12.39,11.04,1424.29
SH104522,2025-07-16,Hub_South,4,SwiftLine,Bike,Express,Rain,115.4,17.8,0.117,1,7.3,11.01,8.67,576.62
SH104523,2025-12-27,Hub_South,1,CargoPlus,Van,Express,Clear,147.3,30.2,0.353,3,7.3,9.62,8.1,1006.46
SH104524,20/10/2025,Hub_North,1,CargoPlus,Truck,Standard,Clear,94.1,,0.12,1,3.8,7.66,6.77,846.8
SH104525,2025-06-17,Hub_South,6,RoadRunner,Truck,Standard,Clear,55.7,63.7,0.361,8,,8.02,5.85,578.01
SH104526,2025-01-07,Hub_East,8,CargoPlus,Bike,Standard,Rain,100.9,64.5,0.753,5,7.8,11.25,12.28,435.3
SH104527,2025-02-03,Hub_North,3,CargoPlus,Van,Standard,Clear,133.0,39.5,0.381,4,5.9,9.38,7.73,813.31
SH104528,2025-06-11,Hub_East,8,SwiftLine,Van,Standard,Storm,45.9,3.0,0.025,7,1.4,6.95,6.54,318.1
SH104529,2025-07-25,Hub_West,4,SwiftLine,Van,Express,Clear,88.3,23.7,0.24,1,3.3,6.77,3.03,678.03
SH104530,2025-01-12,Hub_North,1,SwiftLine,Van,Standard,Rain,109.1,46.8,0.27,2,,7.86,7.26,735.67
SH104531,2025-02-16,Hub_North,5,SwiftLine,Truck,Standard,Clear,53.1,101.8,0.862,6,,7.31,4.9,604.66
SH104532,2025-09-15,Hub_North,8,roadrunner,Van,Standard,Clear,59.7,9.0,0.056,8,3.5,7.78,5.94,413.22
SH104533,2025-10-02,Hub_North,3,SwiftLine,Van,Express,Clear,68.1,3.2,0.035,3,3.6,6.6,4.1,535.29
SH104534,2025-01-11,Hub_North,8,CargoPlus,Truck,Standard,Rain,88.7,17.8,0.091,6,7.2,8.92,9.05,813.22
SH104535,2025-07-05,Hub_East,6,RoadRunner,Truck,Standard,Clear,72.8,16.1,0.092,1,5.5,6.7,5.57,675.4
SH104536,2025-01-30,Hub_North,4,SwiftLine,Truck,Standard,Rain,76.5,39.3,0.234,2,8.9,7.17,6.97,801.76
SH104537,2025-09-22,Hub_East,6,CargoPlus,Van,Standard,Clear,167.2,11.0,0.083,2,,10.08,8.53,963.08
SH104538,2025-11-01,Hub_West,4,CargoPlus,Bike,Standard,Clear,71.4,16.8,0.085,4,,9.01,7.75,343.77
SH104539,2025-11-14,Hub_West ,1,CargoPlus,Van,Standard,Clear,141.9,18.2,0.152,3,6.2,9.41,8.65,867.52
SH104540,2025-08-07,Hub_East,7,CargoPlus,Bike,Standard,Rain,204.1,30.8,0.304,1,4.3,16.85,14.9,708.61
SH104541,2025-08-18,Hub_North,3,CargoPlus,Van,Standard,Clear,48.1,37.8,0.154,2,2.3,5.54,4.27,333.43
SH104542,2025-12-05,Hub_North,5,RoadRunner,Van,Standard,Rain,117.0,14.7,0.163,1,4.8,7.86,8.26,708.88
SH104543,2025-08-12,Hub_North,6,CargoPlus,Van,Standard,Rain,57.6,31.0,0.335,2,4.0,5.9,6.0,402.79
SH104544,2025-06-12,Hub_West,1,SwiftLine,Bike,Standard,,114.4,3.5,0.015,6,5.2,12.44,13.16,401.02
SH104545,2025-10-03,Hub_West,6,RoadRunner,Truck,Standard,Clear,56.6,67.4,0.306,2,4.3,6.26,5.44,602.08
SH104546,2025-08-04,Hub_South,3,RoadRunner,Van,Standard,Clear,22.5,12.5,0.107,1,6.4,4.26,2.52,219.97
SH104547,2025-11-04,Hub_South,5,SwiftLine,Van,Standard,Clear,105.9,53.9,0.351,6,4.8,8.94,6.96,701.76
SH104548,2025-07-11,Hub_South,4,SwiftLine,Van,Standard,Clear,77.7,16.1,0.128,6,2.3,7.86,4.37,501.65
SH104549,2025-11-14,Hub_North,7,SwiftLine,Bike,Express,Clear,135.6,38.9,0.332,2,4.3,12.64,10.39,651.31
SH104550,2025-01-17,Hub_West,2,SwiftLine,Van,Standard,Rain,56.1,20.5,0.187,3,3.1,6.14,5.38,378.33
SH104551,2025-01-14,Hub_North,1,SwiftLine,Bike,Standard,Clear,71.0,44.7,0.44,7,9.3,9.88,8.43,383.64
SH104552,2025-02-06,Hub_South,4,RoadRunner,Van,Express,Clear,54.7,,0.559,2,5.6,5.79,4.64,547.28
SH104553,2025-07-23,Hub_South,1,CargoPlus,Bike,Standard,Clear,37.3,63.0,0.558,7,6.8,7.66,7.6,313.32
SH104554,2025-09-16,Hub_North,2,RoadRunner,Bike,Express,Rain,87.0,34.8,0.168,5,5.3,10.33,9.12,506.58
SH104555,2025-03-20,Hub_South,6,RoadRunner,Bike,Express,Clear,71.2,4.9,0.025,6,9.2,9.59,8.44,378.39
SH104556,2025-02-26,Hub_West,7,SwiftLine,Bike,Standard,Rain,27.0,11.4,0.102,7,3.0,6.98,5.9,173.45
SH104557,2025-11-11,Hub_North ,6,CargoPlus,Truck,Standard,Clear,137.9,64.9,0.628,2,3.9,9.95,9.03,1301.09
SH104558,2025-10-01,Hub_East,3,SwiftLine,Truck,Express,Clear,75.7,22.7,0.228,2,7.7,7.13,5.12,873.35
SH104559,2025-08-25,Hub_South,7,SwiftLine,Bike,Standard,Storm,53.9,21.5,0.175,5,4.5,8.15,8.49,225.68
SH104560,2025-06-28,Hub_North,4,RoadRunner,Bike,Standard,Clear,106.7,40.3,0.355,7,,12.23,9.93,398.24
SH104561,2025-06-03,Hub_North,2,CargoPlus,Truck,Standard,Clear,122.1,36.2,0.427,1,4.4,8.93,8.28,1131.08
SH104562,2025-01-08,Hub_North,7,CargoPlus,Bike,Standard,Rain,39.4,88.1,0.598,5,9.4,7.2,9.34,326.12
SH104563,2025-03-10,Hub_North,5,CargoPlus,Van,Express,Clear,36.2,24.9,0.142,8,9.6,6.88,4.91,378.19
SH104564,2025-11-24,Hub_South,3,RoadRunner,Bike,Standard,Clear,59.7,22.3,0.262,5,6.3,8.53,7.25,276.76
SH104565,2025-05-04,Hub_West,6,RoadRunner,Van,Standard,Storm,89.9,50.2,0.57,1,5.9,6.83,7.83,587.88
SH104566,2025-09-15,Hub_East,6,RoadRunner,Truck,Standard,Clear,150.0,41.6,0.169,2,7.1,10.5,10.02,1396.84
SH104567,2025-09-14,Hub_West,2,SwiftLine,Bike,Standard,Storm,16.4,,0.065,2,6.3,4.78,5.58,95.95
SH104568,2025-04-23,Hub_South,1,SwiftLine,Truck,Standard,Rain,172.8,,0.224,4,5.9,12.13,11.06,1547.29
SH104569,2025-03-16,Hub_East,5,CargoPlus,Truck,Standard,Clear,79.6,92.1,0.499,1,4.6,7.01,6.23,837.21
SH104570,2025-09-10,Hub_East,1,CargoPlus,Truck,Standard,Clear,132.8,13.7,0.058,7,4.3,11.22,9.31,1169.22
SH104571,2025-02-04,Hub_North,6,SwiftLine,Truck,Standard,Clear,128.2,21.9,0.094,8,6.5,11.31,9.03,1112.29
SH104572,2025-06-30,Hub_South,4,SwiftLine,Truck,Express,Clear,71.2,77.8,0.663,4,5.8,7.53,4.59,841.62
SH104573,2025-11-21,Hub_South,2,SwiftLine,Van,Standard,Clear,59.0,76.8,0.449,1,8.4,5.65,5.45,465.06
SH104574,2025-09-17,Hub_East,5,RoadRunner,Truck,Standard,Rain,93.1,59.3,0.36,6,5.0,9.12,9.1,925.59
SH104575,2025-10-06,Hub_South,4,SwiftLine,Bike,Standard,Storm,80.7,,0.082,1,3.6,8.72,9.44,372.31
SH104576,2025-01-31,Hub_North,4,RoadRunner,Van,Standard,Storm,52.3,,0.151,3,2.6,6.0,6.51,336.21
SH104577,2025-03-14,Hub_West,2,SwiftLine,Van,Standard,Storm,71.3,,0.529,1,4.0,6.12,7.07,485.11
SH104578,2025-04-11,Hub_North,6,SwiftLine,Bike,Standard,Clear,62.1,67.0,0.661,6,2.6,8.99,6.38,299.4
SH104579,2025-04-17,Hub_West,8,swiftline,Van,Standard,Clear,74.6,24.6,0.125,8,7.8,8.35,6.38,506.13
SH104580,2025-03-12,Hub_West,5,CargoPlus,Bike,Standard,Clear,122.0,34.2,0.399,4,4.6,12.34,12.12,492.57
SH104581,2025-12-21,Hub_West,2,SwiftLine,Van,Standard,Clear,61.8,14.5,0.17,4,4.0,6.66,4.32,411.39
SH104582,2025-03-02,Hub_East,7,RoadRunner,Bike,Standard,Storm,84.7,7.3,0.044,5,6.5,10.18,11.74,329.88
SH104583,2025-09-16,Hub_North ,1,RoadRunner,Van,Standard,Rain,70.6,7.9,0.094,8,9.4,8.19,8.05,430.03
SH104584,2025-08-03,Hub_East,3,CargoPlus,Van,Standard,Rain,70.2,24.8,0.187,6,4.6,7.58,6.43,494.78
SH104585,2025-08-11,Hub_East,1,SwiftLine,Van,Express,Clear,65.0,13.3,0.058,8,3.2,7.98,4.99,516.7
SH104586,2025-03-20,Hub_East,7,RoadRunner,Bike,Standard,Clear,94.4,32.5,0.28,3,4.7,10.22,8.79,375.73
SH104587,2025-04-23,Hub_North,1,SwiftLine,Bike,Standard,Clear,18.7,15.3,0.126,6,1.8,6.13,4.42,95.85
SH104588,2025-08-10,Hub_North,5,RoadRunner,Van,Standard,Clear,95.2,57.3,0.623,8,6.5,9.13,7.09,640.6
SH104589,2025-04-20,Hub_South,2,RoadRunner,Van,Standard,Clear,82.0,18.9,0.129,2,6.7,6.83,5.04,498.08
SH104590,2025-09-11,Hub_South,2,cargoplus,Bike,Standard,Rain,79.3,21.1,0.214,4,4.6,9.53,9.18,307.57
SH104591,2025-01-15,Hub_East,5,CargoPlus,Truck,Standard,Clear,102.0,65.0,0.669,8,3.3,10.12,8.35,968.0
SH104592,2025-01-27,Hub_West,7,CargoPlus,Van,Standard,Rain,28.8,30.4,0.13,5,10.0,5.7,6.62,217.0
SH104593,2025-09-23,Hub_East,1,CargoPlus,Van,Express,Rain,,32.9,0.309,4,3.0,8.88,7.53,825.85
SH104594,2025-08-14,Hub_East,2,SwiftLine,Van,Standard,Clear,64.0,21.5,0.168,5,4.0,7.04,5.26,431.05
SH104595,2025-01-16,Hub_North,3,RoadRunner,Truck,Standard,Clear,62.2,28.1,0.158,4,5.6,7.12,6.58,586.48
SH104596,2025-11-25,Hub_South,8,SwiftLine,Van,Standard,Rain,46.5,10.3,0.076,4,,6.07,4.33,350.45
SH104597,2025-01-02,Hub_South,1,SwiftLine,Bike,Standard,Storm,49.6,50.2,0.545,6,,8.17,9.13,292.67
SH104598,2025-12-15,Hub_North,2,RoadRunner,Van,Standard,Clear,28.2,16.4,0.156,2,5.6,4.78,3.54,219.8
SH104599,2025-09-24,Hub_North,4,RoadRunner,Van,Standard,Clear,76.1,8.7,0.078,6,,7.8,6.51,484.98
SH104600,2025-12-27,Hub_South,3,RoadRunner,Van,Standard,Clear,55.9,50.0,0.233,7,10.0,7.33,6.53,438.91
SH104601,2025-12-13,Hub_North,1,CargoPlus,Truck,Standard,Clear,110.5,36.4,0.34,8,4.3,10.51,9.29,1017.84
SH104602,2025-04-25,Hub_East,5,RoadRunner,Truck,Standard,Clear,87.0,40.0,0.403,7,4.5,9.14,5.88,830.41
SH104603,2025-10-04,Hub_North,5,CargoPlus,Van,Standard,Clear,80.7,26.1,0.303,8,5.3,8.58,8.26,547.34
SH104604,2025-03-18,Hub_North,2,CargoPlus,Bike,Standard,Clear,58.9,68.9,0.715,5,6.9,8.48,7.36,353.51
SH104605,2025-06-22,Hub_North,6,CargoPlus,Van,Standard,Clear,66.7,15.8,0.073,4,10.0,6.85,7.43,409.69
SH104606,2025-03-29,Hub_East,1,SwiftLine,Truck,Standard,Clear,147.5,24.3,0.281,6,5.3,11.58,8.87,1385.17
SH104607,2025-06-27,Hub_East,6,RoadRunner,Truck,Standard,Clear,58.5,4.2,0.043,2,6.6,6.35,4.38,509.31
SH104608,2025-11-15,Hub_South,3,RoadRunner,Bike,Standard,Rain,17.4,1.8,0.007,4,1.2,5.45,4.74,41.06
SH104609,2025-06-09,Hub_North,2,CargoPlus,Bike,Standard,Clear,65.2,30.6,0.297,8,5.6,9.8,8.93,334.54
SH104610,2025-02-03,Hub_West,2,SwiftLine,Bike,Standard,Clear,43.4,,0.237,1,5.5,6.26,4.85,248.76
SH104611,2025-04-29,Hub_East,7,SwiftLine,Truck,Standard,Clear,62.6,,0.257,1,7.5,6.24,4.97,617.47
SH104612,2025-10-15,Hub_East,5,SwiftLine,Van,Standard,Clear,74.1,37.0,0.232,6,4.5,7.73,5.73,519.6
SH104613,2025-07-10,Hub_South,6,SwiftLine,Van,Standard,Clear,43.8,49.2,0.484,5,3.1,6.27,4.27,332.8
SH104614,2025-07-24,Hub_West,2,CargoPlus,Van,Express,Rain,27.1,24.2,0.133,7,6.0,6.23,5.86,299.48
SH104615,2025-06-07,Hub_West,1,SwiftLine,Van,Standard,Clear,65.8,20.5,0.219,2,2.4,6.21,3.57,419.36
SH104616,2025-04-17,Hub_South,1,SwiftLine,Truck,Standard,Clear,137.6,11.8,0.054,4,3.9,10.53,7.98,1208.69
SH104617,2025-08-07,Hub_East,4,RoadRunner,Van,Standard,Clear,72.3,32.5,0.136,3,5.6,6.76,4.5,458.44
SH104618,2025-08-20,Hub_North,3,RoadRunner,Bike,Standard,Rain,83.2,53.5,0.27,8,1.0,10.98,9.47,366.07
SH104619,2025-11-24,Hub_East,7,SwiftLine,Van,Standard,Clear,60.9,42.0,0.297,5,5.0,6.92,5.24,419.03
SH104620,2025-08-14,Hub_South,7,RoadRunner,Van,Standard,Clear,90.5,87.7,0.812,1,8.7,6.85,6.66,648.73
SH104621,2025-12-30,Hub_North,3,RoadRunner,Van,Standard,Clear,102.7,27.6,0.217,6,2.3,8.82,7.82,653.02
SH104622,2025-10-29,Hub_West,4,CargoPlus,Truck,Standard,Rain,125.0,18.8,0.147,5,4.1,10.26,10.41,1142.77
SH104623,2025-01-29,Hub_West,4,RoadRunner,Bike,Standard,Rain,143.3,,0.255,8,6.7,14.94,15.09,538.67
SH104624,2025-05-24,Hub_North,6,CargoPlus,Bike,Standard,Clear,85.9,44.7,0.379,4,7.1,9.96,10.05,313.94
SH104625,2025-05-21,Hub_West,6,SwiftLine,Bike,Standard,Clear,126.8,36.8,0.297,8,5.6,13.86,11.89,471.85
SH104626,2025-01-02,Hub_South,6,CargoPlus,Van,Standard,Rain,110.8,16.4,0.121,3,5.1,8.23,8.05,647.27
SH104627,2025-03-07,Hub_South,1,RoadRunner,Truck,Standard,,91.6,31.3,0.37,5,8.8,8.75,8.3,892.34
SH104628,2025-10-06,Hub_West,3,RoadRunner,Van,Standard,Clear,71.5,15.0,0.089,3,5.9,6.73,5.71,433.04
SH104629,2025-05-09,Hub_South,8,RoadRunner,Truck,Standard,Rain,23.3,37.0,0.194,3,3.4,5.06,4.65,242.42
SH104630,2025-02-23,Hub_South ,3,SwiftLine,Van,Standard,Clear,184.3,5.4,0.043,5,5.7,11.63,9.76,1078.43
SH104631,2025-04-15,Hub_East,2,SwiftLine,Truck,Express,Clear,76.7,7.1,0.067,5,5.2,8.08,5.38,824.17
SH104632,2025-04-11,Hub_North,2,CargoPlus,Van,Standard,Clear,57.8,8.8,0.037,8,4.6,7.71,6.69,433.08
SH104633,2025-03-05,Hub_South,1,CargoPlus,Bike,Express,Clear,57.9,12.2,0.132,3,2.1,7.82,6.03,327.83
SH104634,2025-02-06,Hub_South,7,SwiftLine,Truck,Standard,Clear,102.0,34.6,0.217,5,5.5,9.22,6.97,949.99
SH104635,2025-10-06,Hub_East,1,RoadRunner,Truck,Standard,Clear,38.5,44.0,0.403,4,6.7,6.04,5.11,402.92
SH104636,2025-10-28,Hub_North,5,RoadRunner,Van,Standard,Clear,137.4,25.4,0.137,7,7.0,10.44,9.35,805.38
SH104637,2025-07-01,Hub_North,4,RoadRunner,Truck,Standard,Clear,85.3,8.7,0.095,8,5.5,9.37,7.11,756.66
SH104638,13/08/2025,Hub_East,1,SwiftLine,Van,Express,Clear,51.8,50.6,0.348,3,5.6,5.98,4.68,488.28
SH104639,2025-12-02,Hub_North,8,CargoPlus,Van,Standard,Clear,95.3,23.9,0.131,5,4.4,8.24,6.52,602.26
SH104640,2025-11-04,Hub_South,6,RoadRunner,Van,Standard,Clear,,57.7,0.24,3,7.4,8.06,8.22,707.0
SH104641,2025-01-12,Hub_East,7,roadrunner,Van,Express,Clear,50.7,27.5,0.178,1,3.1,5.33,2.47,476.56
SH104642,2025-12-14,Hub_East,8,RoadRunner,Bike,Standard,Clear,93.7,6.3,0.044,8,4.5,11.68,8.71,380.37
SH104643,2025-01-25,Hub_North,8,RoadRunner,Bike,Standard,Clear,61.3,13.9,0.06,6,3.9,8.94,6.86,269.57
SH104644,2025-01-10,Hub_West,6,SwiftLine,Bike,Standard,Clear,134.4,5.4,0.046,8,5.3,14.36,12.11,498.53
SH104645,2025-05-28,Hub_East,5,CargoPlus,Van,Express,Storm,61.9,2.8,0.021,3,8.1,6.36,7.56,508.41
SH104646,2025-09-30,Hub_South,6,SwiftLine,Truck,Standard,Clear,,19.2,0.153,3,3.1,6.95,5.49,628.81
SH104647,2025-01-30,Hub_East,4,CargoPlus,Van,Standard,Rain,18.5,27.8,0.141,2,6.1,4.41,3.97,203.86
SH104648,2025-04-17,Hub_East,2,CargoPlus,Van,Standard,Clear,120.2,34.9,0.247,3,6.1,8.59,8.36,721.38
SH104649,2025-04-06,Hub_East,4,RoadRunner,Bike,Express,Rain,62.5,45.8,0.538,7,3.6,9.32,6.88,407.77
SH104650,2025-05-26,Hub_East,4,RoadRunner,Van,Express,Clear,61.4,17.1,0.117,7,5.1,7.54,4.84,523.47
SH104651,2025-12-26,Hub_East,1,SwiftLine,Van,Standard,Rain,128.3,8.9,0.092,2,3.7,8.6,6.74,759.15
SH104652,2025-05-01,Hub_West ,7,RoadRunner,Van,Standard,Storm,89.0,27.4,0.137,1,5.7,6.8,7.27,532.33
SH104653,2025-03-18,Hub_East,8,RoadRunner,Truck,Standard,Clear,47.9,17.2,0.086,5,5.3,6.77,5.65,490.28
SH104654,2025-02-14,Hub_West,4,SwiftLine,Van,Express,Rain,83.1,42.6,0.511,2,8.5,6.87,5.48,712.68
SH104655,2025-03-14,Hub_East,4,SwiftLine,Van,Standard,Clear,90.5,17.8,0.164,7,4.0,8.65,6.99,596.76
SH104656,2025-02-18,Hub_West,7,CargoPlus,Van,Express,Rain,66.8,35.0,0.326,1,5.2,5.95,5.85,559.07
SH104657,2025-07-29,Hub_West,4,SwiftLine,Bike,Standard,Clear,160.2,76.6,0.567,3,4.8,14.56,12.13,681.13
SH104658,2025-06-03,Hub_North,6,SwiftLine,Van,Standard,Clear,65.5,41.3,0.417,3,8.2,6.5,4.95,447.99
SH104659,2025-07-01,Hub_North,5,SwiftLine,Bike,Standard,Rain,72.7,62.0,0.708,4,4.5,9.09,8.03,361.2
SH104660,2025-10-31,Hub_East,3,RoadRunner,Van,Standard,Clear,74.1,6.6,0.031,7,3.7,8.03,6.99,484.34
SH104661,2025-07-31,Hub_South,7,RoadRunner,Truck,Standard,Clear,102.9,8.2,0.044,5,3.9,9.26,6.71,959.65
SH104662,2025-02-26,Hub_East,2,CargoPlus,Van,Standard,Clear,45.5,28.6,0.313,3,3.9,5.74,3.33,319.24
SH104663,2025-05-18,Hub_East,2,RoadRunner,Van,Standard,Clear,109.5,,0.19,6,4.3,9.08,7.29,686.81
SH104664,2025-04-25,Hub_West,6,SwiftLine,Bike,Standard,Rain,193.3,34.2,0.235,5,3.8,17.34,14.31,743.9
SH104665,2025-10-29,Hub_South,6,RoadRunner,Van,Standard,Rain,34.0,13.2,0.062,8,5.5,6.8,5.19,242.96
SH104666,2025-04-23,Hub_East,8,SwiftLine,Truck,Standard,Rain,47.1,39.1,0.284,8,2.9,7.63,6.38,-420.07
SH104667,2025-02-20,Hub_North,6,CargoPlus,Van,Standard,Rain,31.4,30.2,0.229,8,6.7,6.7,5.95,265.98
SH104668,2025-09-26,Hub_South ,1,SwiftLine,Van,Standard,Clear,21.5,17.7,0.096,2,5.6,4.52,2.93,163.0
SH104669,2025-06-06,Hub_North,7,SwiftLine,Bike,Standard,Storm,46.4,59.4,0.276,2,8.7,6.76,7.43,264.53
SH104670,2025-02-04,Hub_South,4,RoadRunner,Bike,Standard,Clear,48.0,,0.3,2,6.4,6.86,7.6,265.69
SH104671,09/09/2025,Hub_South,1,SwiftLine,Van,Express,Clear,106.6,53.8,0.437,5,6.2,8.67,7.2,775.4
SH104672,2025-03-18,Hub_East,5,roadrunner,Truck,Standard,Rain,126.7,28.7,0.284,7,9.5,10.94,10.9,1176.24
SH104673,2025-11-13,Hub_East,2,RoadRunner,Bike,Express,Rain,82.8,37.4,0.367,2,6.4,9.16,7.82,439.44
SH104674,2025-10-31,Hub_South,4,cargoplus,Van,Standard,Rain,119.2,33.9,0.155,8,5.1,10.05,9.62,724.49
SH104675,2025-05-15,Hub_North,4,SwiftLine,Bike,Standard,Clear,102.1,5.8,0.044,1,3.8,10.13,7.86,382.79
SH104676,2025-07-22,Hub_North,1,RoadRunner,Van,Standard,Clear,53.2,25.8,0.277,5,8.4,6.63,5.31,337.96
SH104677,2025-07-27,Hub_West,7,RoadRunner,Van,Standard,Clear,87.9,32.5,0.285,3,3.5,7.35,5.05,538.28
SH104678,2025-08-27,Hub_West,5,SwiftLine,Van,Standard,Rain,43.4,47.9,0.519,8,3.2,7.16,5.25,354.13
SH104679,2025-01-26,Hub_South,8,RoadRunner,Van,Express,Clear,72.7,13.3,0.154,3,3.2,6.77,4.4,591.7
SH104680,2025-04-29,Hub_North,4,CargoPlus,Bike,Standard,Clear,80.5,27.1,0.181,2,4.0,9.01,7.18,331.1
SH104681,04/03/2025,Hub_South,5,CargoPlus,Truck,Express,Clear,96.4,57.1,0.289,5,5.6,8.97,7.83,1074.83
SH104682,12/09/2025,Hub_East,7,CargoPlus,Van,Standard,Clear,151.7,21.4,0.1,1,5.0,9.19,6.71,1005.02
SH104683,26/01/2025,Hub_South,2,RoadRunner,Bike,Standard,Clear,37.3,7.0,0.035,6,6.6,7.36,6.21,131.91
SH104684,2025-07-08,Hub_North,8,SwiftLine,Van,Standard,Clear,71.7,40.6,0.384,2,3.3,6.44,4.3,435.21
SH104685,2025-09-23,Hub_South,2,CargoPlus,Bike,Standard,Clear,138.3,,0.143,4,3.8,13.42,10.41,550.96
SH104686,2025-12-13,Hub_North,8,SwiftLine,Van,Standard,Clear,51.2,5.3,0.062,5,5.8,6.55,4.76,299.46
SH104687,2025-04-16,Hub_South,6,RoadRunner,Van,Standard,Rain,44.4,22.9,0.212,7,3.6,6.89,6.45,325.5
SH104688,2025-01-03,Hub_North,5,CargoPlus,Bike,Express,Clear,101.1,26.4,0.307,6,2.8,11.56,8.46,535.66
SH104689,2025-09-22,Hub_East,2,cargoplus,Van,Standard,Rain,93.6,21.5,0.183,7,,8.77,8.34,584.03
SH104690,2025-01-01,Hub_South,5,CargoPlus,Van,Standard,Clear,,27.7,0.156,7,5.4,6.41,4.66,259.53
SH104691,2025-01-25,Hub_North,5,SwiftLine,Truck,Standard,Clear,55.2,29.7,0.159,6,5.4,7.4,4.18,593.51
SH104692,2025-12-28,Hub_East,8,RoadRunner,Van,Standard,Clear,40.8,31.2,0.316,3,5.3,5.56,4.22,292.78
SH104693,2025-11-11,Hub_South,7,SwiftLine,Van,Standard,Clear,40.9,24.0,0.096,3,,5.56,3.42,330.47
SH104694,2025-09-16,Hub_East ,4,CargoPlus,Truck,Standard,Clear,,43.3,0.476,7,6.1,9.29,7.77,835.42
SH104695,2025-11-01,Hub_West,4,RoadRunner,Van,Standard,Clear,90.2,42.3,0.179,2,5.5,7.14,6.31,604.09
SH104696,2025-01-28,Hub_North,4,SwiftLine,Van,Express,Clear,71.9,16.3,0.144,7,8.2,7.94,5.83,590.44
SH104697,2025-02-02,Hub_West,4,CargoPlus,Bike,Express,Rain,37.0,65.7,0.467,1,7.5,5.84,6.79,368.47
SH104698,2025-04-20,Hub_East,1,RoadRunner,Bike,Standard,Clear,41.6,15.2,0.135,7,4.0,7.94,6.48,218.66
SH104699,2025-01-09,Hub_East,1,RoadRunner,Van,Standard,Clear,86.6,,0.319,3,7.2,7.3,6.61,560.92
SH104700,2025-11-21,Hub_South,7,cargoplus,Bike,Standard,Rain,33.5,32.8,0.161,6,9.0,7.11,6.87,201.43
SH104701,2025-01-21,Hub_South,3,RoadRunner,Van,Standard,Clear,26.6,9.9,0.115,8,9.1,6.52,3.9,182.51
SH104702,18/07/2025,Hub_North,4,RoadRunner,Van,Standard,Clear,57.3,8.0,0.07,8,7.5,7.69,7.51,341.39
SH104703,2025-11-08,Hub_West,6,SwiftLine,Bike,Express,Clear,72.1,17.5,0.123,4,6.3,9.05,6.91,389.64
SH104704,2025-09-26,Hub_East,5,SwiftLine,Van,Express,Clear,28.7,39.4,0.466,2,6.1,4.8,3.59,357.68
SH104705,2025-03-27,Hub_South,3,swiftline,Van,Standard,Clear,88.4,2.4,0.025,4,8.4,7.67,5.33,497.53
SH104706,2025-06-21,Hub_South,7,SwiftLine,Van,Standard,Rain,68.2,19.9,0.105,5,2.8,7.2,6.35,489.65
SH104707,2025-07-20,Hub_North,2,SwiftLine,Truck,Standard,Clear,39.7,9.3,0.044,4,8.0,6.1,4.52,382.77
SH104708,2025-10-08,Hub_North,4,RoadRunner,Van,Standard,Clear,75.3,46.7,0.532,7,5.8,8.07,7.55,519.3
SH104709,2025-06-05,Hub_East,1,RoadRunner,Truck,Standard,Rain,23.5,19.4,0.168,6,3.7,5.96,5.65,238.22
SH104710,2025-04-15,Hub_South,5,SwiftLine,Van,Express,Clear,59.6,33.2,0.256,1,3.1,5.67,2.98,585.39
SH104711,2025-10-18,Hub_East,1,RoadRunner,Bike,Express,Storm,60.9,24.5,0.113,8,,9.51,9.33,382.81
SH104712,2025-11-20,Hub_East,8,CargoPlus,Van,Standard,Rain,72.5,42.8,0.357,3,6.6,6.77,6.75,483.94
SH104713,2025-06-28,Hub_East,6,SwiftLine,Bike,Express,Clear,76.9,18.7,0.115,1,9.3,8.47,7.34,419.83
SH104714,2025-01-11,Hub_West,2,RoadRunner,Bike,Standard,Clear,103.5,15.5,0.086,2,4.5,10.52,8.12,387.63
SH104715,2025-07-02,Hub_North,5,SwiftLine,Van,Standard,Clear,70.5,9.2,0.066,7,,7.89,5.18,433.03
SH104716,2025-11-21,Hub_East,3,RoadRunner,Truck,Express,Clear,32.8,,0.129,7,7.9,6.69,4.86,447.29
SH104717,2025-12-28,Hub_East,5,RoadRunner,Truck,Standard,Clear,44.5,39.6,0.348,4,5.7,6.32,5.53,495.2
SH104718,2025-05-27,Hub_North,2,SwiftLine,Truck,Standard,Clear,220.6,11.3,0.101,5,8.0,14.6,13.5,1903.07
SH104719,2025-02-24,Hub_North,5,SwiftLine,Van,Standard,Clear,28.6,23.6,0.226,3,3.5,5.09,3.02,250.58
SH104720,2025-07-28,Hub_North,1,CargoPlus,Van,Standard,Clear,173.0,65.0,0.272,8,6.8,12.1,12.34,1049.24
SH104721,2025-10-31,Hub_North,2,SwiftLine,Truck,Standard,Rain,160.4,20.0,0.108,5,9.1,11.87,12.16,1435.73
SH104722,2025-12-11,Hub_South,5,RoadRunner,Van,Standard,Clear,32.5,10.4,0.106,1,3.4,4.64,2.87,207.7
SH104723,2025-01-19,Hub_North,5,RoadRunner,Van,Standard,Clear,112.6,19.4,0.167,5,4.9,8.9,6.65,668.27
SH104724,2025-04-17,Hub_East,3,SwiftLine,Bike,Standard,Clear,87.7,,0.076,1,4.8,9.18,6.89,358.71
SH104725,2025-06-24,Hub_North,1,RoadRunner,Van,Standard,Clear,122.6,41.9,0.413,2,,8.38,7.11,802.48
SH104726,2025-02-05,Hub_North,4,RoadRunner,Van,Standard,Clear,45.5,27.8,0.204,2,8.0,5.44,3.94,374.73
SH104727,2025-11-20,Hub_South,8,SwiftLine,Van,Express,Clear,87.9,5.3,0.032,1,4.1,6.75,4.36,660.2
SH104728,2025-02-10,Hub_North,6,CargoPlus,Bike,Standard,Clear,50.7,49.6,0.498,7,10.0,8.54,9.15,271.54
SH104729,31/08/2025,Hub_West,1,RoadRunner,Van,Standard,Clear,40.0,13.4,0.092,6,5.6,6.43,4.94,254.68
SH104730,2025-12-02,Hub_South,8,roadrunner,Van,Express,Clear,74.9,9.7,0.074,5,4.4,7.46,5.17,540.8
SH104731,2025-09-08,Hub_North,4,swiftline,Bike,Express,Clear,101.8,24.4,0.266,6,8.4,11.61,9.43,535.43
SH104732,2025-10-06,Hub_North,5,SwiftLine,Van,Standard,Clear,,15.5,0.081,5,5.8,8.31,5.71,589.97
SH104733,2025-04-07,Hub_South ,1,RoadRunner,Truck,Standard,Rain,116.6,44.5,0.379,5,4.7,9.88,9.66,1093.63
SH104734,2025-10-30,Hub_East,3,RoadRunner,Van,Standard,Clear,47.3,29.1,0.141,5,4.4,6.4,4.26,330.94
SH104735,2025-06-02,Hub_East,7,SwiftLine,Van,Standard,Clear,159.8,19.5,0.231,3,9.7,10.1,8.92,928.25
SH104736,2025-01-23,Hub_South,3,RoadRunner,Van,Standard,Rain,73.9,13.5,0.088,1,3.5,6.22,4.95,482.27
SH104737,2025-05-14,Hub_East,2,roadrunner,Truck,Standard,Clear,38.9,66.9,0.755,5,7.8,6.36,5.9,506.93
SH104738,2025-05-08,Hub_South,1,SwiftLine,Van,Standard,Clear,112.3,,0.391,7,3.9,9.49,7.37,706.47
SH104739,2025-07-10,Hub_West,8,CargoPlus,Van,Standard,Clear,68.9,23.8,0.256,8,,8.13,6.6,405.42
SH104740,2025-04-07,Hub_East,7,RoadRunner,Van,Standard,Clear,46.5,4.9,0.05,2,5.3,5.47,4.8,296.74
SH104741,18/06/2025,Hub_North,1,RoadRunner,Truck,Standard,,54.0,19.3,0.113,8,6.4,7.95,7.55,508.08
SH104742,2025-06-06,Hub_East ,8,CargoPlus,Bike,Express,Clear,69.1,41.3,0.379,1,2.2,7.95,6.05,468.53
SH104743,2025-04-30,Hub_West,7,RoadRunner,Bike,Standard,,26.2,11.9,0.07,2,4.4,5.43,6.42,153.15
SH104744,2025-09-12,Hub_South,3,CargoPlus,Bike,Standard,Clear,144.0,70.4,0.292,7,7.6,14.69,14.49,646.75
SH104745,2025-04-22,Hub_West,6,CargoPlus,Van,Standard,Clear,93.0,64.4,0.412,1,7.5,6.95,6.75,668.61
SH104746,2025-10-07,Hub_West,3,SwiftLine,Van,Standard,Storm,73.9,16.0,0.155,4,4.9,7.12,6.77,471.47
SH104747,2025-04-02,Hub_North,2,RoadRunner,Van,Standard,Clear,61.4,12.9,0.07,6,3.1,7.24,6.07,399.45
SH104748,2025-11-12,Hub_East,6,CargoPlus,Van,Standard,Storm,119.4,45.9,0.414,1,5.9,7.96,9.6,770.74
SH104749,2025-05-14,Hub_East,2,CargoPlus,Truck,Standard,Storm,148.1,35.1,0.355,2,7.2,10.41,11.96,1325.24
SH104750,2025-01-15,Hub_South,3,SwiftLine,Bike,Standard,Storm,36.6,20.6,0.134,4,5.9,6.71,7.08,196.84
SH104751,2025-02-24,Hub_South,3,SwiftLine,Van,Standard,Clear,73.9,48.1,0.232,7,8.3,8.02,7.14,548.06
SH104752,22/10/2025,Hub_West,2,SwiftLine,Bike,Standard,Clear,85.1,9.0,0.079,7,5.0,10.81,8.32,309.12
SH104753,2025-11-15,Hub_East,7,CargoPlus,Truck,Standard,Rain,118.9,22.7,0.115,3,2.9,9.39,7.96,1076.38
SH104754,2025-03-19,Hub_South,6,CargoPlus,Van,Standard,,99.8,56.8,0.228,4,4.3,8.11,5.95,684.84
SH104755,2025-08-08,Hub_North ,7,CargoPlus,Van,Standard,Clear,87.9,39.5,0.199,2,5.5,7.05,6.21,616.22
SH104756,2025-07-29,Hub_South,5,SwiftLine,Bike,Express,Clear,70.5,45.6,0.28,4,4.1,8.95,6.53,430.88
SH104757,2025-02-18,Hub_West,2,CargoPlus,Van,Standard,Clear,34.3,109.8,1.034,7,4.5,6.51,6.05,388.48
SH104758,2025-06-14,Hub_East,3,SwiftLine,Van,Standard,Rain,76.5,32.5,0.216,1,7.4,6.32,5.18,505.47
SH104759,2025-09-11,Hub_North,3,RoadRunner,Van,Standard,Storm,62.8,33.0,0.375,2,3.9,6.1,6.42,424.75
SH104760,2025-12-20,Hub_West,8,SwiftLine,Truck,Standard,Clear,36.5,9.6,0.095,3,2.8,5.65,3.27,317.21
SH104761,2025-11-06,Hub_West,2,RoadRunner,Van,Express,Clear,148.3,19.3,0.23,1,7.1,9.06,6.75,984.07
SH104762,2025-02-05,Hub_South,6,RoadRunner,Van,Standard,Clear,73.3,37.9,0.353,8,6.8,8.3,6.49,465.52
SH104763,2025-03-28,Hub_North,1,SwiftLine,Truck,Express,Clear,98.4,36.4,0.152,7,3.4,9.66,6.44,1044.0
SH104764,2025-06-09,Hub_East ,8,SwiftLine,Van,Standard,Clear,64.2,47.2,0.245,3,6.9,6.45,6.15,447.85
SH104765,2025-02-24,Hub_North,6,CargoPlus,Truck,Standard,Rain,42.2,26.6,0.164,1,3.2,5.31,6.46,406.21
SH104766,2025-07-28,Hub_South,4,SwiftLine,Van,Standard,Clear,102.0,26.2,0.252,5,4.1,8.49,42.12,631.02
SH104767,2025-01-04,Hub_East,3,RoadRunner,Van,Express,Rain,153.3,22.9,0.21,4,3.3,10.15,8.6,1081.85
SH104768,2025-02-11,Hub_West,3,SwiftLine,Truck,Standard,Clear,118.1,5.3,0.03,2,4.6,9.05,5.53,1034.7
SH104769,2025-01-18,Hub_South,2,SwiftLine,Bike,Standard,Clear,89.7,10.1,0.097,4,6.6,10.21,9.99,331.49
SH104770,2025-04-18,Hub_West,5,SwiftLine,Bike,Express,Rain,632.0,22.3,0.139,8,6.0,9.67,8.18,387.81
SH104771,2025-10-06,Hub_West,7,RoadRunner,Bike,Standard,Clear,81.4,,0.487,2,3.9,9.06,6.83,355.21
SH104772,2025-03-06,Hub_North,2,RoadRunner,Van,Standard,Clear,100.4,27.5,0.178,8,5.9,9.33,9.56,591.26
SH104773,2025-12-27,Hub_North,6,SwiftLine,Van,Standard,Clear,60.5,23.3,0.132,1,6.3,5.71,3.95,450.6
SH104774,2025-04-09,Hub_East,5,CargoPlus,Bike,Express,Clear,99.7,,0.197,4,7.4,10.87,10.25,467.85
SH104775,2025-01-17,Hub_East,7,SwiftLine,Bike,Standard,Clear,65.7,21.5,0.255,1,6.2,7.73,5.79,237.48
SH104776,2025-05-03,Hub_South,7,CargoPlus,Van,Standard,Rain,22.6,21.3,0.195,6,7.0,5.76,6.02,212.84
SH104777,2025-10-01,Hub_East,1,SwiftLine,Van,Express,Clear,43.5,14.3,0.097,4,5.6,5.96,3.87,368.04
SH104778,2025-02-08,Hub_East,1,CargoPlus,Bike,Standard,Clear,67.4,29.9,0.244,5,3.9,9.04,8.22,316.82
SH104779,2025-01-27,Hub_East,8,SwiftLine,Bike,Standard,Clear,76.4,52.4,0.393,8,5.8,10.54,9.62,379.37
SH104780,2025-11-07,Hub_East,2,roadrunner,Truck,Standard,Rain,16.5,,0.111,8,7.9,6.25,5.89,196.75
SH104781,2025-08-05,Hub_North,5,RoadRunner,Van,Standard,Clear,112.3,31.9,0.3,6,8.0,9.19,8.44,703.35
SH104782,06/05/2025,Hub_North,7,RoadRunner,Van,Standard,Rain,83.9,27.6,0.156,3,1.0,7.2,5.95,538.83
SH104783,2025-10-03,Hub_North,5,CargoPlus,Van,Standard,Clear,29.7,36.4,0.301,6,6.8,6.03,4.67,234.18
SH104784,2025-11-05,Hub_West,1,SwiftLine,Bike,Standard,Rain,100.4,22.7,0.104,5,4.5,11.22,9.09,377.68
SH104785,2025-05-12,Hub_West,1,RoadRunner,Van,Standard,Rain,61.7,5.0,0.052,6,,7.25,6.38,382.43
SH104786,2025-07-24,Hub_East,6,CargoPlus,Van,Standard,Rain,34.1,13.2,0.055,6,2.8,6.2,6.54,234.35
SH104787,2025-01-04,Hub_North,8,CargoPlus,Truck,Standard,Rain,99.9,23.8,0.156,7,4.6,9.73,9.51,936.86
SH104788,2025-04-22,Hub_East,3,RoadRunner,Van,Standard,Clear,,73.6,0.52,6,2.3,9.01,7.35,731.08
SH104789,2025-08-06,Hub_North,5,RoadRunner,Van,Standard,Clear,78.5,14.2,0.145,5,4.6,7.6,5.81,502.91
SH104790,2025-03-13,Hub_South,8,CargoPlus,Bike,Standard,Clear,85.9,17.0,0.2,2,6.7,9.36,7.87,328.99
SH104791,2025-12-28,Hub_North,7,CargoPlus,Van,Standard,Clear,77.2,16.3,0.09,8,6.4,8.45,6.91,503.42
SH104792,2025-12-21,Hub_West,5,CargoPlus,Truck,Express,Clear,98.3,6.0,0.031,1,9.8,7.85,7.11,1026.05
SH104793,2025-04-05,Hub_North,6,CargoPlus,Bike,Express,Clear,66.5,24.2,0.217,5,4.5,8.98,7.12,357.18
SH104794,2025-05-25,Hub_East,8,RoadRunner,Truck,Express,Clear,21.5,4.3,0.025,2,3.7,4.67,3.02,358.22
SH104795,2025-03-11,Hub_West,7,RoadRunner,Bike,Standard,Storm,43.8,30.2,0.127,6,8.3,7.79,9.1,205.07
SH104796,2025-07-03,Hub_East,4,RoadRunner,Van,Standard,Rain,48.2,37.0,0.217,4,2.1,6.14,5.79,345.93
SH104797,15/02/2025,Hub_North,6,SwiftLine,Bike,Standard,Clear,61.9,3.8,0.022,1,5.9,7.48,4.57,251.22
SH104798,2025-05-23,Hub_West,3,CargoPlus,Van,Standard,Clear,65.2,109.8,0.924,8,6.5,7.99,7.36,555.38
SH104799,2025-07-22,Hub_East,8,RoadRunner,Bike,Standard,Clear,141.1,7.5,0.057,7,1.0,14.5,10.76,496.18
SH104800,2025-08-12,Hub_South,1,SwiftLine,Van,Standard,Clear,72.7,11.3,0.075,3,3.3,6.77,4.52,472.2
SH104801,2025-08-06,Hub_East,2,RoadRunner,Van,Standard,Clear,85.9,86.6,0.547,3,2.8,7.28,6.55,638.17
SH104802,2025-03-22,Hub_West,3,SwiftLine,Van,Standard,Clear,67.8,7.0,0.043,5,7.2,7.19,6.06,403.74
SH104803,2025-10-17,Hub_South,2,SwiftLine,Van,Standard,Clear,77.3,26.6,0.29,7,4.2,8.15,6.79,529.86
SH104804,10/09/2025,Hub_South,5,RoadRunner,Bike,Standard,Clear,85.5,33.1,0.254,8,5.0,11.14,10.47,386.55
SH104805,2025-10-02,Hub_South,6,RoadRunner,Van,Express,Clear,118.3,20.2,0.219,7,2.3,9.71,7.97,839.26
SH104806,2025-06-20,Hub_North,8,RoadRunner,Bike,Standard,Clear,,20.2,0.242,1,3.9,11.11,8.74,428.72
SH104807,2025-11-22,Hub_East,5,SwiftLine,Van,Standard,Clear,33.5,32.7,0.26,1,3.9,4.68,4.31,250.74
SH104808,2025-05-23,Hub_North,5,RoadRunner,Bike,Standard,Clear,49.1,54.8,0.626,2,5.1,6.94,7.57,315.66
SH104809,2025-10-22,Hub_South,5,SwiftLine,Van,Standard,Rain,61.6,26.6,0.144,4,4.9,6.65,4.78,411.43
SH104810,2025-03-16,Hub_South,1,CargoPlus,Van,Express,Clear,112.5,76.9,0.498,1,8.4,7.69,6.9,890.05
SH104811,2025-04-01,Hub_North,6,SwiftLine,Truck,Standard,Clear,81.6,7.0,0.065,8,6.9,9.2,7.51,753.96
SH104812,2025-07-12,Hub_South,1,cargoplus,Van,Express,Storm,65.1,75.4,0.445,6,1.9,7.38,8.41,554.55
SH104813,2025-07-22,Hub_East,5,SwiftLine,Bike,Standard,Clear,38.1,18.7,0.163,2,7.5,6.21,3.58,165.2
SH104814,2025-09-30,Hub_South,8,SwiftLine,Van,Standard,Clear,102.4,74.9,0.838,7,7.3,9.11,7.41,763.1
SH104815,2025-04-19,Hub_North,7,RoadRunner,Bike,Standard,Rain,120.9,38.6,0.455,6,5.6,12.87,12.35,411.0
SH104816,2025-11-15,Hub_West,5,CargoPlus,Van,Standard,Rain,44.9,11.7,0.097,3,7.5,5.71,5.53,265.92
SH104817,2025-05-01,Hub_West,3,CargoPlus,Van,Standard,,29.2,30.4,0.301,3,7.9,5.11,4.81,231.92
SH104818,2025-07-14,Hub_South,7,RoadRunner,Truck,Standard,Clear,69.9,4.9,0.043,6,4.5,8.07,7.47,616.21
SH104819,2025-12-07,Hub_South,7,SwiftLine,Truck,Express,Rain,70.7,14.7,0.108,5,3.1,7.8,4.89,762.76
SH104820,2025-07-16,Hub_North,3,SwiftLine,Truck,Standard,Clear,137.5,20.3,0.139,8,6.6,11.73,11.31,1208.29
SH104821,2025-09-06,Hub_North,1,RoadRunner,Bike,Standard,Clear,53.4,,0.217,8,3.9,9.02,8.4,240.74
SH104822,2025-11-28,Hub_South,5,SwiftLine,Bike,Standard,Rain,,56.0,0.379,8,6.0,8.72,6.92,283.81
SH104823,2025-12-22,Hub_West,6,cargoplus,Truck,Standard,Rain,47.9,16.8,0.168,6,3.4,7.07,5.88,480.69
SH104824,2025-07-02,Hub_East,8,RoadRunner,Van,Express,Clear,39.6,13.0,0.065,7,7.4,6.71,4.53,375.45
SH104825,2025-06-02,Hub_South,8,cargoplus,Van,Standard,Clear,65.9,12.4,0.121,4,4.0,6.81,4.99,444.12
SH104826,2025-03-13,Hub_West,2,CargoPlus,Truck,Standard,Clear,105.4,29.2,0.236,7,5.1,9.98,9.17,980.36
SH104827,2025-07-16,Hub_South,3,SwiftLine,Bike,Standard,Rain,107.6,42.6,0.198,6,4.9,11.99,11.06,470.74
SH104828,02/12/2025,Hub_North,8,RoadRunner,Van,Standard,Rain,40.5,15.2,0.163,5,2.7,6.15,5.4,291.24
SH104829,2025-06-27,Hub_South,3,CargoPlus,Truck,Express,Rain,114.8,29.3,0.246,2,7.7,8.9,8.9,1170.28
SH104830,2025-05-08,Hub_North,4,RoadRunner,Van,Standard,Clear,73.3,17.6,0.174,8,8.1,8.3,7.06,461.87
SH104831,2025-02-09,Hub_West,3,RoadRunner,Truck,Standard,Storm,25.3,5.6,0.028,1,5.2,4.55,5.75,271.7
SH104832,2025-05-23,Hub_South,4,CargoPlus,Van,Express,Clear,99.6,70.4,0.369,1,4.0,7.2,6.99,837.92
SH104833,2025-03-28,Hub_East,5,SwiftLine,Van,Standard,Clear,117.8,72.0,0.794,5,,9.1,6.07,791.83
SH104834,2025-12-23,Hub_South,3,CargoPlus,Truck,Standard,Rain,55.1,28.7,0.222,4,4.5,6.8,6.58,553.75
SH104835,2025-07-12,Hub_West ,4,SwiftLine,Truck,Standard,Clear,72.5,6.6,0.042,7,5.5,8.49,6.64,679.62
SH104836,2025-02-20,Hub_East,3,RoadRunner,Truck,Standard,Clear,64.8,8.2,0.067,1,4.9,6.34,4.72,557.9
SH104837,2025-01-25,Hub_South,1,SwiftLine,Van,Express,Clear,75.7,27.5,0.192,6,3.7,7.79,5.25,579.09
SH104838,2025-11-07,Hub_North,7,RoadRunner,Van,Standard,Rain,63.8,26.8,0.316,2,7.8,6.13,39.839999999999996,433.87
SH104839,06/12/2025,Hub_West,8,SwiftLine,Van,Standard,Clear,79.4,5.0,0.028,5,5.1,7.63,5.18,459.79
SH104840,2025-10-06,Hub_South,4,SwiftLine,Van,Standard,Clear,20.9,16.4,0.135,4,9.4,5.1,4.72,171.31
SH104841,2025-02-15,Hub_North,2,RoadRunner,Truck,Standard,Clear,,22.9,0.152,2,5.7,6.15,3.96,530.73
SH104842,2025-02-05,Hub_West,6,SwiftLine,Truck,Standard,Rain,67.5,57.0,0.303,4,4.7,7.36,6.87,753.87
SH104843,2025-03-14,Hub_North,5,RoadRunner,Van,Standard,Rain,94.0,34.3,0.324,1,4.9,6.99,6.44,600.6
SH104844,2025-10-02,Hub_South,5,SwiftLine,Truck,Standard,Clear,21.0,17.4,0.089,7,4.8,6.15,4.37,190.0
SH104845,2025-10-07,Hub_South,5,SwiftLine,Van,Standard,Rain,118.1,60.3,0.374,3,5.3,8.51,8.16,779.07
SH104846,2025-11-02,Hub_South,6,SwiftLine,Truck,Standard,Clear,72.7,68.1,0.538,1,5.9,6.69,5.0,778.73
SH104847,2025-02-05,Hub_South,1,RoadRunner,Van,Standard,,113.4,41.6,0.307,8,3.3,9.83,8.69,735.25
SH104848,2025-02-25,Hub_North,1,SwiftLine,Van,Express,Clear,84.8,6.5,0.073,5,3.5,7.84,6.03,647.12
SH104849,2025-11-25,Hub_North,1,SwiftLine,Van,Standard,Clear,132.4,21.1,0.194,4,7.1,9.35,7.57,779.32
SH104850,2025-12-05,Hub_North,2,RoadRunner,Van,Express,Clear,87.4,16.5,0.075,4,6.5,7.64,5.42,653.29
SH104851,2025-09-22,Hub_North,8,RoadRunner,Truck,Standard,Clear,30.1,14.7,0.076,7,2.3,6.56,5.66,295.2
SH104852,2025-02-08,Hub_West,6,RoadRunner,Van,Standard,Clear,96.1,61.9,0.538,4,6.5,7.97,7.71,636.84
SH104853,2025-01-26,Hub_East,6,swiftline,Truck,Standard,Rain,76.2,66.1,0.384,1,7.2,6.85,5.58,775.03
SH104854,2025-01-21,Hub_South ,6,CargoPlus,Bike,Express,Clear,52.2,17.1,0.095,6,6.0,8.34,7.05,373.98
SH104855,2025-09-10,Hub_South,1,RoadRunner,Bike,Express,Rain,77.8,20.1,0.239,4,2.2,9.43,7.77,509.12
SH104856,2025-11-05,Hub_East,2,RoadRunner,Van,Standard,Rain,88.4,7.9,0.076,1,2.8,6.77,5.61,540.92
SH104857,2025-08-19,Hub_North,7,SwiftLine,Truck,Standard,Clear,79.9,57.2,0.367,2,5.4,7.32,6.67,812.74
SH104858,2025-04-06,Hub_North,4,SwiftLine,Truck,Standard,Rain,33.9,48.3,0.204,3,9.3,5.54,4.11,335.46
SH104859,2025-10-04,Hub_East ,5,RoadRunner,Van,Standard,Clear,138.7,13.7,0.142,8,4.4,10.79,7.56,811.04
SH104860,2025-01-22,Hub_South,7,SwiftLine,Bike,Standard,Clear,102.9,15.1,0.13,7,6.7,11.98,10.82,428.71
SH104861,2025-10-30,Hub_East,1,RoadRunner,Van,Standard,Rain,70.5,32.8,0.213,2,4.2,6.39,5.3,476.01
SH104862,2025-11-22,Hub_West,7,SwiftLine,Truck,Express,Clear,61.6,32.4,0.266,2,8.9,6.49,4.59,726.34
SH104863,2025-09-20,Hub_West,6,SwiftLine,Truck,Standard,Clear,134.3,24.8,0.277,1,5.6,9.49,6.89,1288.79
SH104864,2025-11-17,Hub_North,4,SwiftLine,Truck,Standard,Rain,79.5,45.7,0.206,2,3.1,7.3,6.55,809.47
SH104865,2025-08-02,Hub_North,4,SwiftLine,Van,Standard,Rain,35.0,36.2,0.357,2,3.9,5.04,4.3,302.47
SH104866,20/06/2025,Hub_North,1,roadrunner,Truck,Standard,Clear,134.6,29.6,0.323,5,3.7,10.7,8.61,1223.95
SH104867,2025-04-28,Hub_East,2,SwiftLine,Bike,Standard,Clear,57.0,16.5,0.135,1,5.7,7.16,4.53,252.3
SH104868,2025-12-03,Hub_West,2,RoadRunner,Truck,Standard,Rain,34.8,37.0,0.432,5,4.1,6.18,5.57,441.05
SH104869,2025-09-12,Hub_West,8,SwiftLine,Van,Standard,Storm,80.3,29.5,0.173,3,4.5,7.06,7.71,578.76
SH104870,2025-03-11,Hub_North,1,RoadRunner,Van,Standard,Clear,50.7,17.6,0.172,6,9.4,6.83,5.45,330.06
SH104871,2025-12-16,Hub_West,3,CargoPlus,Van,Standard,Rain,67.0,18.7,0.138,8,4.3,8.06,7.32,394.08
SH104872,2025-01-22,Hub_South,2,CargoPlus,Truck,Standard,Clear,86.5,13.7,0.096,8,5.9,9.42,8.3,795.67
SH104873,2025-08-03,Hub_West,3,RoadRunner,Bike,Standard,Clear,14.6,27.6,0.251,8,5.0,6.46,5.52,144.45
SH104874,2025-03-11,Hub_South,1,RoadRunner,Bike,Express,Rain,75.5,41.9,0.372,5,5.4,9.58,8.7,505.42
SH104875,2025-08-31,Hub_North,3,RoadRunner,Van,Express,Clear,120.6,9.8,0.068,5,6.8,9.2,7.99,834.39
SH104876,2025-05-31,Hub_North,6,CargoPlus,Truck,Standard,Clear,36.5,18.1,0.127,5,1.1,6.25,4.86,366.87
SH104877,09/06/2025,Hub_West,7,RoadRunner,Van,Standard,Clear,19.0,43.6,0.342,7,5.8,5.93,5.41,233.34
SH104878,2025-09-03,Hub_South,4,SwiftLine,Bike,Express,Clear,104.7,20.4,0.244,3,4.7,10.9,7.27,500.53
SH104879,2025-10-03,Hub_South,6,CargoPlus,Van,Standard,Clear,73.8,25.3,0.263,4,5.9,7.12,6.46,475.38
SH104880,2025-05-19,Hub_South,5,SwiftLine,Bike,Standard,Clear,91.5,11.9,0.082,3,5.1,10.03,8.01,349.6
SH104881,2025-12-31,Hub_South,8,CargoPlus,Van,Express,Clear,57.3,,0.076,8,5.1,7.69,7.31,488.76
SH104882,01/07/2025,Hub_West,7,SwiftLine,Bike,Standard,Clear,79.2,17.5,0.196,2,6.1,8.92,6.67,349.92
SH104883,2025-02-28,Hub_North,2,SwiftLine,Van,Express,Clear,135.4,21.5,0.22,2,4.4,8.87,5.31,948.19
SH104884,2025-01-03,Hub_North,5,CargoPlus,Van,Express,Clear,92.1,32.1,0.296,3,9.4,7.51,6.22,697.98
SH104885,2025-03-15,Hub_East,7,RoadRunner,Bike,Standard,Rain,38.7,61.6,0.598,4,3.6,6.85,6.06,244.2
SH104886,2025-09-10,Hub_South,3,RoadRunner,Van,Standard,Clear,115.7,10.9,0.049,6,8.4,9.31,8.57,761.55
SH104887,2025-07-16,Hub_North,5,CargoPlus,Van,Express,Clear,68.5,7.0,0.033,1,3.0,6.01,3.27,510.46
SH104888,2025-05-04,Hub_North,4,CargoPlus,Van,Standard,Rain,22.3,6.4,0.042,2,5.0,4.55,4.52,124.65
SH104889,2025-06-25,Hub_North,3,RoadRunner,Bike,Standard,Rain,462.0,27.3,0.212,8,6.1,8.54,8.03,195.03
SH104890,2025-11-02,Hub_North,2,CargoPlus,Van,Standard,Rain,41.2,32.3,0.313,6,3.6,6.47,6.81,319.42
SH104891,2025-07-28,Hub_North,1,SwiftLine,Truck,Standard,Storm,66.9,14.6,0.15,3,3.5,7.03,7.56,657.51
SH104892,2025-01-22,Hub_North,6,SwiftLine,Truck,Standard,Clear,117.3,26.0,0.288,8,4.9,10.82,9.12,1070.57
SH104893,2025-01-18,Hub_East,7,CargoPlus,Van,Express,Rain,102.3,46.3,0.286,2,7.3,7.6,7.69,773.37
SH104894,2025-06-25,Hub_West,6,RoadRunner,Van,Standard,Clear,51.6,20.2,0.202,6,5.7,6.87,6.18,333.72
SH104895,2025-05-28,Hub_West,2,CargoPlus,Truck,Standard,Clear,87.9,19.0,0.227,2,9.3,7.68,6.49,770.42
SH104896,2025-11-07,Hub_South,1,SwiftLine,Van,Standard,Clear,55.2,9.4,0.053,6,6.6,7.01,4.22,396.74
SH104897,2025-08-01,Hub_South,6,SwiftLine,Van,Express,Rain,61.3,,0.142,4,4.6,6.64,4.95,535.63
SH104898,2025-10-04,Hub_West,2,SwiftLine,Bike,Standard,Clear,82.4,13.6,0.152,2,1.0,9.13,5.95,328.28
SH104899,2025-08-02,Hub_East,5,RoadRunner,Van,Standard,Rain,36.4,,0.185,5,2.4,5.99,4.77,312.62
SH104900,2025-05-07,Hub_South,8,CargoPlus,Van,Standard,Clear,,19.8,0.193,4,5.0,6.74,6.02,453.84
SH104901,2025-08-28,Hub_North,1,RoadRunner,Van,Standard,Rain,64.4,21.4,0.152,6,2.4,7.36,5.59,418.51
SH104902,2025-08-15,Hub_South,5,SwiftLine,Truck,Standard,Clear,48.5,5.1,0.035,8,5.1,7.7,5.39,436.59
SH104903,2025-09-20,Hub_South ,8,SwiftLine,Bike,Express,,87.2,47.2,0.544,7,5.9,10.95,8.62,504.58
SH104904,2025-03-11,Hub_South,3,SwiftLine,Van,Standard,Clear,87.6,40.6,0.276,3,4.9,7.34,5.89,575.35
SH104905,2025-08-23,Hub_North,7,RoadRunner,Truck,Express,Clear,43.0,13.3,0.097,6,5.0,6.85,4.42,530.18
SH104906,2025-04-15,Hub_West,7,RoadRunner,Van,Standard,Rain,35.8,36.9,0.152,5,9.4,5.97,6.56,257.0
SH104907,2025-10-16,Hub_East,4,SwiftLine,Bike,Standard,Clear,68.9,10.6,0.058,4,5.6,8.84,7.79,285.05
SH104908,2025-10-19,Hub_East,3,RoadRunner,Truck,Standard,Clear,45.4,37.3,0.257,2,,5.76,5.49,511.25
SH104909,2025-08-17,Hub_North,6,RoadRunner,Van,Standard,Clear,57.8,32.7,0.305,5,3.5,6.81,6.41,447.47
SH104910,2025-12-12,Hub_East,5,SwiftLine,Bike,Standard,Clear,13.9,58.9,0.266,3,5.5,4.92,4.14,148.03
SH104911,2025-07-16,Hub_East,4,roadrunner,Van,Standard,Clear,64.1,32.1,0.218,8,4.5,7.95,6.85,481.46
SH104912,2025-01-10,Hub_North,2,RoadRunner,Bike,Standard,Clear,59.1,12.4,0.086,4,9.1,8.2,6.89,218.96
SH104913,2025-08-10,Hub_East,6,RoadRunner,Truck,Standard,Clear,37.1,26.1,0.27,4,6.6,5.98,4.44,-395.62
SH104914,2025-10-11,Hub_East,2,swiftline,Bike,Standard,Rain,99.5,19.5,0.121,1,8.3,9.96,10.19,411.84
SH104915,2025-02-06,Hub_West,2,SwiftLine,Truck,Standard,Clear,58.4,56.7,0.631,3,5.9,6.65,4.12,629.59
SH104916,2025-02-08,Hub_North,1,CargoPlus,Bike,Standard,Clear,72.9,7.4,0.085,8,8.0,10.3,10.38,318.94
SH104917,2025-04-10,Hub_West,4,SwiftLine,Truck,Standard,Clear,97.0,25.4,0.147,6,3.5,9.3,6.54,874.44
SH104918,2025-11-05,Hub_South,1,CargoPlus,Bike,Standard,Clear,89.9,12.0,0.084,6,6.0,10.83,9.38,339.91
SH104919,2025-07-12,Hub_North,3,RoadRunner,Truck,Standard,Clear,32.1,,0.652,6,3.8,6.35,5.78,400.31
SH104920,2025-12-23,Hub_North,2,RoadRunner,Bike,Standard,Clear,74.6,27.3,0.168,4,4.6,9.22,7.74,345.42
SH104921,2025-11-15,Hub_North,4,CargoPlus,Truck,Standard,Rain,48.1,34.1,0.362,8,5.6,7.68,7.32,490.8
SH104922,2025-07-22,Hub_North,7,SwiftLine,Truck,Standard,Clear,112.8,19.7,0.232,3,3.6,9.11,6.1,1032.22
SH104923,2025-09-05,Hub_South,4,SwiftLine,Van,Standard,Rain,149.5,37.7,0.341,3,2.6,9.7,6.97,908.57
SH104924,2025-05-01,Hub_East,5,SwiftLine,Bike,Express,Rain,120.0,12.4,0.066,6,7.5,12.81,10.22,570.41
SH104925,2025-02-02,Hub_North,2,RoadRunner,Van,Standard,Clear,98.5,13.1,0.053,5,2.1,8.36,7.08,581.31
SH104926,2025-05-26,Hub_West,1,RoadRunner,Van,Standard,Clear,67.2,56.2,0.409,4,8.9,6.86,6.12,460.29
SH104927,2025-08-05,Hub_North,8,CargoPlus,Van,Standard,Rain,102.5,95.7,0.557,5,3.9,8.51,8.16,725.26
SH104928,2025-03-08,Hub_East,5,RoadRunner,Van,Standard,Clear,26.9,,0.057,7,6.6,6.23,5.2,172.83
SH104929,2025-03-22,Hub_West,1,RoadRunner,Truck,Standard,Rain,50.9,15.8,0.123,6,6.8,7.21,6.22,489.7
SH104930,2025-01-06,Hub_West,5,SwiftLine,Truck,Express,Clear,88.1,46.0,0.417,4,3.3,8.29,5.11,992.79
SH104931,2025-09-25,Hub_East,1,SwiftLine,Van,Standard,Clear,63.3,32.6,0.289,1,6.4,5.82,4.93,400.35
SH104932,2025-11-25,Hub_East,1,CargoPlus,Bike,Standard,Rain,40.0,13.7,0.059,7,5.8,7.84,8.0,176.83
SH104933,2025-10-30,Hub_North,3,SwiftLine,Bike,Express,Rain,87.0,18.9,0.183,8,6.8,11.23,9.78,519.12
SH104934,2025-05-19,Hub_North,6,CargoPlus,Van,Express,Clear,1311.0,14.6,0.155,6,7.9,9.9,8.35,-856.62
SH104935,2025-08-05,Hub_South,5,SwiftLine,Truck,Standard,Clear,125.6,35.8,0.278,2,7.1,9.39,8.13,1129.8
SH104936,2025-12-17,Hub_North,7,RoadRunner,Van,Standard,Clear,51.2,13.7,0.119,7,3.8,7.15,5.85,348.33
SH104937,2025-08-04,Hub_South,2,SwiftLine,Bike,Standard,Clear,142.1,19.1,0.098,2,5.2,13.07,10.92,481.36
SH104938,2025-04-18,Hub_North,2,CargoPlus,Van,Standard,Rain,55.9,40.1,0.372,7,3.9,7.33,7.86,400.31
SH104939,2025-05-04,Hub_West,5,SwiftLine,Van,Standard,Clear,75.5,29.3,0.337,6,4.3,7.78,5.16,538.1
SH104940,2025-09-23,Hub_West,7,RoadRunner,Truck,Express,Clear,110.1,49.9,0.484,5,6.5,9.59,7.85,1150.06
SH104941,2025-06-12,Hub_West,6,CargoPlus,Van,Standard,Clear,20.6,13.4,0.055,2,6.7,4.49,3.92,149.67
SH104942,2025-11-02,Hub_East,6,RoadRunner,Bike,Standard,Rain,73.3,18.6,0.12,4,6.7,9.13,8.36,259.89
SH104943,2025-11-12,Hub_North,1,SwiftLine,Van,Standard,Clear,44.8,12.2,0.142,2,6.1,5.41,4.14,281.46
SH104944,2025-01-14,Hub_North,8,CargoPlus,Bike,Standard,Clear,59.3,16.6,0.155,6,6.4,8.81,8.65,246.99
SH104945,2025-09-22,Hub_East,8,RoadRunner,Van,Standard,Rain,110.1,8.3,0.055,8,4.6,9.7,8.69,710.54
SH104946,2025-05-16,Hub_East,5,SwiftLine,Van,Standard,Rain,55.7,2.9,0.026,7,8.2,7.33,6.53,345.74
SH104947,2025-07-09,Hub_South,3,roadrunner,Bike,Standard,Clear,67.4,7.3,0.039,6,6.8,9.34,7.85,262.42
SH104948,2025-04-07,Hub_South,6,CargoPlus,Van,Express,Clear,69.1,41.2,0.47,8,5.5,8.14,6.49,596.51
SH104949,2025-05-15,Hub_South,6,RoadRunner,Truck,Standard,Storm,95.8,7.8,0.056,8,7.8,9.84,11.82,843.4
SH104950,2025-05-01,Hub_North,8,CargoPlus,Truck,Standard,Clear,106.9,31.7,0.176,8,4.5,10.34,8.55,934.02
SH104951,2025-01-19,Hub_South,1,roadrunner,Van,Express,Clear,80.4,17.3,0.08,1,5.7,6.47,5.01,662.5
SH104952,2025-10-13,Hub_South,5,RoadRunner,Van,Standard,Clear,58.3,19.5,0.083,8,7.3,7.72,6.16,403.04
SH104953,2025-02-22,Hub_East,6,SwiftLine,Truck,Standard,Rain,77.4,8.5,0.078,1,3.1,6.91,4.8,737.56
SH104954,2025-05-18,Hub_West,3,roadrunner,Van,Standard,Rain,57.1,15.0,0.142,4,9.9,6.48,6.92,380.92
SH104955,2025-03-12,Hub_South,7,swiftline,Truck,Standard,Clear,147.9,,0.256,3,4.3,10.7,8.75,1364.76
SH104956,2025-02-28,Hub_East,1,SwiftLine,Bike,Standard,Clear,67.4,7.9,0.051,7,4.6,9.64,6.9,228.15
SH104957,2025-05-17,Hub_West,1,SwiftLine,Bike,Standard,Rain,118.5,14.3,0.148,1,5.5,11.21,9.78,440.49
SH104958,2025-12-02,Hub_North,7,CargoPlus,Bike,Standard,Clear,118.9,24.7,0.265,8,7.0,13.34,12.57,467.96
SH104959,2025-12-11,Hub_East,2,SwiftLine,Truck,Standard,Rain,80.5,32.2,0.284,4,7.2,7.95,7.37,802.29
SH104960,2025-05-20,Hub_South,4,SwiftLine,Van,Standard,Clear,85.4,20.0,0.178,1,8.5,6.66,4.97,548.1
SH104961,2025-07-04,Hub_East,3,SwiftLine,Bike,Standard,Clear,85.5,67.5,0.374,8,5.4,11.14,10.51,418.52
SH104962,2025-12-26,Hub_North,6,SwiftLine,Truck,Standard,Clear,93.5,23.9,0.26,1,6.2,7.64,5.24,873.86
SH104963,2025-03-27,Hub_West,1,CargoPlus,Truck,Standard,Clear,38.9,37.0,0.173,3,2.4,5.76,3.82,385.49
SH104964,2025-12-11,Hub_West,3,RoadRunner,Bike,Standard,Clear,180.0,27.7,0.289,3,3.4,15.86,12.88,639.94
SH104965,08/02/2025,Hub_North,8,RoadRunner,Van,Standard,Rain,76.9,17.6,0.129,6,5.3,7.83,5.94,474.97
SH104966,2025-03-24,Hub_North,3,CargoPlus,Van,Standard,Clear,130.7,4.7,0.022,2,6.2,8.69,7.17,786.26
SH104967,2025-05-04,Hub_North,5,SwiftLine,Bike,Express,,77.6,40.2,0.181,6,5.4,10.01,7.16,477.44
SH104968,2025-01-14,Hub_East,8,CargoPlus,Van,Express,Clear,79.8,39.9,0.475,1,6.5,6.44,5.24,692.41
SH104969,2025-10-25,Hub_East,5,CargoPlus,Bike,Standard,Clear,52.4,65.9,0.564,1,5.4,6.85,6.2,312.14
SH104970,2025-11-09,Hub_North,7,RoadRunner,Truck,Standard,Clear,56.3,17.7,0.134,1,5.0,5.95,4.67,538.0
SH104971,2025-05-20,Hub_West,8,roadrunner,Truck,Standard,Clear,24.9,82.1,0.936,2,10.0,4.83,3.94,-398.65
SH104972,2025-11-02,Hub_South,5,RoadRunner,Truck,Express,,163.4,38.4,0.296,4,5.0,11.7,9.27,1571.55
SH104973,2025-10-09,Hub_South,7,CargoPlus,Truck,Standard,Rain,120.3,50.2,0.541,6,7.5,10.35,11.16,1125.56
SH104974,2025-10-20,Hub_South,5,SwiftLine,Bike,Standard,Clear,52.3,9.0,0.097,5,2.9,8.05,4.19,196.28
SH104975,2025-10-20,Hub_South ,7,RoadRunner,Van,Express,Clear,74.0,25.5,0.255,1,5.7,6.22,4.61,574.68
SH104976,2025-07-29,Hub_South,6,SwiftLine,Van,Standard,Clear,94.2,59.4,0.283,3,4.2,7.59,4.55,614.09
SH104977,2025-02-10,Hub_North,3,RoadRunner,Van,Standard,Clear,40.5,8.9,0.104,4,9.5,5.85,4.69,258.67
SH104978,2025-12-04,Hub_South,5,CargoPlus,Van,Standard,Clear,49.9,1.4,0.013,4,4.4,6.2,5.26,321.17
SH104979,2025-08-11,Hub_West,3,RoadRunner,Van,Standard,Clear,69.1,16.7,0.121,6,5.4,7.54,6.24,434.66
SH104980,2025-11-25,Hub_South,4,SwiftLine,Bike,Standard,Clear,135.1,68.0,0.689,4,3.9,13.2,10.45,574.01
SH104981,2025-12-17,Hub_West,3,RoadRunner,Van,Standard,Clear,51.6,53.5,0.246,3,3.7,5.97,4.94,404.23
SH104982,2025-03-10,Hub_East,4,CargoPlus,Van,Standard,,95.4,23.7,0.129,2,5.3,7.34,5.77,539.46
SH104983,2025-05-27,Hub_East ,3,RoadRunner,Van,Standard,Clear,159.3,14.5,0.137,3,6.2,10.08,9.53,940.32
SH104984,2025-03-12,Hub_North,6,CargoPlus,Van,Express,Clear,121.0,34.5,0.312,7,7.6,9.82,9.18,855.05
SH104985,2025-01-19,Hub_East,3,CargoPlus,Van,Standard,Clear,38.1,,0.439,6,4.3,6.35,5.05,283.53
SH104986,2025-12-19,Hub_North,4,CargoPlus,Truck,Standard,Clear,57.2,38.4,0.361,4,4.3,6.89,6.76,585.62
SH104987,2025-12-04,Hub_North,2,SwiftLine,Van,Standard,Clear,69.4,,0.681,4,8.1,6.95,5.89,505.47
SH104988,2025-12-07,Hub_North,4,RoadRunner,Van,Standard,Storm,48.0,58.9,0.297,3,8.7,5.83,6.88,390.14
SH104989,2025-11-19,Hub_North,3,CargoPlus,Van,Standard,Rain,25.5,32.4,0.218,5,5.3,5.57,6.24,242.95
SH104990,2025-08-25,Hub_West,8,CargoPlus,Van,Express,Clear,111.7,39.8,0.253,8,6.4,9.76,9.38,813.03
SH104991,2025-07-10,Hub_West,4,SwiftLine,Bike,Standard,Storm,36.2,27.7,0.318,2,8.8,6.09,6.94,169.81
SH104992,2025-12-28,Hub_East ,1,SwiftLine,Van,Standard,Clear,52.1,5.2,0.029,5,10.0,6.59,5.2,332.81
SH104993,2025-07-21,Hub_North,3,SwiftLine,Bike,Standard,Clear,85.0,28.3,0.196,7,6.3,10.8,9.0,340.07
SH104994,2025-08-23,Hub_West,6,CargoPlus,Truck,Standard,Storm,72.0,9.1,0.102,1,7.0,6.66,8.57,732.2
SH104995,2025-03-19,Hub_East,2,CargoPlus,Truck,Standard,Rain,47.7,8.0,0.075,5,5.8,6.76,6.95,452.66
SH104996,2025-09-30,Hub_South,2,RoadRunner,Van,Standard,Clear,142.3,,0.195,5,2.5,10.03,8.55,886.26
SH104997,2025-10-27,Hub_South,3,SwiftLine,Truck,Standard,Clear,41.8,15.9,0.186,8,6.2,7.39,4.36,394.68
SH104998,2025-09-05,Hub_East,3,SwiftLine,Van,Standard,,104.0,20.6,0.092,4,,8.27,8.92,613.76
SH104999,2025-07-01,Hub_North,4,CargoPlus,Bike,Standard,Clear,92.1,11.3,0.092,7,4.0,11.27,10.11,307.6
SH102764,2025-03-16,Hub_South,7,RoadRunner,Bike,Standard,Rain,67.0,23.1,0.18,5,5.7,9.02,8.69,270.47
SH104767,2025-01-04,Hub_East,3,RoadRunner,Van,Express,Rain,153.3,22.9,0.21,4,3.3,10.15,8.6,1081.85
SH103814,2025-05-20,Hub_East,6,RoadRunner,Van,Standard,Clear,101.6,13.3,0.053,1,8.2,7.28,6.08,622.78
SH103499,14/06/2025,Hub_West,7,RoadRunner,Van,Standard,Clear,26.7,22.8,0.211,4,,5.32,4.29,210.32
SH102735,2025-02-20,Hub_East,4,CargoPlus,Truck,Standard,Rain,79.8,30.4,0.242,3,7.5,7.62,7.52,807.82
SH103922,2025-06-25,Hub_East,3,RoadRunner,Truck,Standard,Clear,66.2,12.7,0.063,6,5.4,7.9,4.86,630.34
SH102701,2025-10-18,Hub_North,4,RoadRunner,Truck,Standard,Clear,30.0,19.6,0.198,6,10.0,6.26,5.75,314.97
SH101179,2025-01-10,Hub_North,1,RoadRunner,Truck,Express,Clear,57.3,26.9,0.139,6,,7.5,34.74,688.49
SH100932,2025-04-04,Hub_West,6,RoadRunner,Bike,Express,Clear,84.9,64.0,0.533,6,1.3,10.5,6.01,543.89
SH100792,2025-09-21,Hub_East,4,RoadRunner,Truck,Express,Clear,89.0,6.8,0.057,5,8.4,8.63,5.56,915.8
SH101852,2025-06-15,Hub_East,5,swiftline,Bike,Standard,Clear,127.2,,0.032,8,6.5,13.88,11.9,490.96
SH101185,2025-04-23,Hub_North,3,SwiftLine,Bike,Standard,Clear,20.6,24.5,0.281,1,5.1,4.76,3.66,121.53
SH101724,2025-07-14,Hub_North,4,SwiftLine,Truck,Standard,Clear,44.4,21.5,0.166,2,4.4,5.71,3.84,443.25
SH104080,2025-11-26,Hub_West,2,RoadRunner,Van,Standard,Clear,68.1,22.7,0.174,3,3.5,6.6,4.32,450.66
SH103823,2025-03-07,Hub_North,3,CargoPlus,Van,Standard,Storm,40.3,89.9,0.542,3,3.8,5.54,8.35,370.63
SH104054,2025-01-03,Hub_North,1,SwiftLine,Bike,Express,Rain,109.8,87.7,0.784,7,6.9,12.44,10.86,666.94
SH102721,2025-09-01,Hub_East,2,SwiftLine,Bike,Standard,Clear,1631.0,5.9,0.064,1,5.1,14.15,10.92,554.0
SH103903,2025-01-05,Hub_South,3,RoadRunner,Truck,Express,Clear,94.4,46.7,0.401,1,4.2,7.68,4.46,1048.56
SH101865,2025-05-28,Hub_North,8,RoadRunner,Van,Standard,Clear,73.1,11.5,0.096,6,8.9,7.69,7.56,439.36
SH100759,2025-09-24,Hub_North,8,CargoPlus,Van,Standard,Storm,24.8,63.9,0.311,6,3.7,5.85,8.5,-279.16
SH102416,2025-08-15,Hub_East,5,CargoPlus,Bike,Express,Clear,133.8,57.4,0.232,3,7.0,12.82,12.48,624.62
SH103670,22/02/2025,Hub_West,2,cargoplus,Truck,Standard,Clear,102.1,14.7,0.172,4,2.3,8.93,5.96,875.93
SH104838,2025-11-07,Hub_North,7,RoadRunner,Van,Standard,Rain,63.8,26.8,0.316,2,7.8,6.13,39.839999999999996,433.87
SH103090,06/05/2025,Hub_South,1,SwiftLine,Truck,Standard,Rain,135.6,18.7,0.149,6,4.8,11.04,9.79,1219.87
SH101546,2025-09-08,Hub_North,6,RoadRunner,Van,Express,Clear,123.0,56.0,0.493,6,8.8,9.59,8.89,925.81
SH101132,2025-10-17,Hub_East,1,SwiftLine,Van,Standard,Rain,35.3,47.8,0.415,5,7.3,5.95,6.51,302.55
SH104703,2025-11-08,Hub_West,6,SwiftLine,Bike,Express,Clear,72.1,17.5,0.123,4,6.3,9.05,6.91,389.64
SH104494,2025-04-23,Hub_East,8,SwiftLine,Truck,Standard,Clear,85.9,14.9,0.144,6,10.0,8.79,8.13,787.91
SH102775,2025-04-21,Hub_East,5,SwiftLine,Van,Standard,Rain,50.1,17.8,0.076,8,4.7,7.41,5.85,364.46
SH103185,2025-12-13,Hub_North,2,SwiftLine,Bike,Standard,Clear,56.9,52.6,0.485,7,6.1,8.95,7.52,321.77
SH101213,2025-11-13,Hub_East,3,SwiftLine,Bike,Standard,Clear,93.2,19.9,0.228,3,7.2,10.14,9.66,395.29
SH103289,2025-03-09,Hub_South,1,CargoPlus,Truck,Standard,Storm,68.2,28.4,0.215,7,7.3,8.29,10.03,663.47
SH100763,2025-12-08,Hub_South,1,CargoPlus,Van,Express,Clear,131.4,65.6,0.502,5,7.9,9.61,9.96,1008.53
SH101216,2025-07-05,Hub_East,2,CargoPlus,Van,Standard,Clear,73.6,31.0,0.36,3,8.1,6.81,7.21,476.86
SH100348,2025-03-07,Hub_East,3,swiftline,Van,Standard,Clear,17.9,3.0,0.022,1,6.7,4.08,2.24,138.39
SH102982,2025-10-20,Hub_South,8,RoadRunner,Truck,Standard,Clear,74.2,,0.392,6,2.0,8.26,6.79,687.52
SH102916,2025-08-15,Hub_North,5,RoadRunner,Van,Express,Rain,90.1,11.4,0.094,6,5.2,8.34,7.26,676.3
SH102971,2025-01-19,Hub_North,6,SwiftLine,Van,Standard,Clear,105.2,44.9,0.325,6,7.4,8.91,6.85,724.36
SH101355,2025-07-01,Hub_North,5,SwiftLine,Van,Standard,Clear,187.3,36.7,0.221,8,5.6,12.65,10.96,1126.16
SH102330,2025-01-24,Hub_East,4,SwiftLine,Van,Standard,Clear,62.3,12.0,0.119,5,7.2,6.98,4.24,376.22
SH101513,2025-05-01,Hub_North,7,SwiftLine,Truck,Standard,Clear,39.5,54.6,0.456,8,6.6,7.29,6.14,415.29
SH102181,2025-03-29,Hub_North ,5,CargoPlus,Van,Standard,Clear,39.3,5.7,0.054,4,1.5,5.8,5.08,261.2
SH103347,2025-02-16,Hub_North,2,CargoPlus,Van,Express,Clear,64.9,34.8,0.143,3,5.4,6.48,5.31,588.42
SH101660,2025-08-15,Hub_South,3,CargoPlus,Bike,Standard,Clear,158.1,8.7,0.093,8,4.4,15.92,12.83,544.36
SH104377,2025-04-07,Hub_South,1,RoadRunner,Truck,Standard,Clear,138.5,23.8,0.149,2,8.2,9.98,9.91,1241.68
SH100804,2025-09-27,Hub_East,7,RoadRunner,Van,Standard,Clear,68.1,22.2,0.117,2,7.8,6.3,4.51,428.76
SH101441,2025-07-07,Hub_North,3,SwiftLine,Truck,Standard,Clear,44.2,9.8,0.068,1,5.3,5.4,17.580000000000002,468.04
SH101094,2025-04-30,Hub_North,2,SwiftLine,Truck,Standard,Rain,79.0,27.6,0.172,8,,9.08,8.11,766.23
SH103988,2025-06-01,Hub_North,6,CargoPlus,Van,Standard,Clear,76.0,23.4,0.098,3,2.6,6.9,4.3,493.92
SH103705,2025-07-02,Hub_East,3,CargoPlus,Van,Standard,Rain,65.8,112.4,0.779,5,2.7,7.11,8.51,590.86
SH103743,2025-06-10,Hub_East,1,RoadRunner,Truck,Standard,Clear,57.5,46.8,0.194,1,6.0,6.01,5.53,623.58
SH103271,2025-05-31,Hub_West,6,RoadRunner,Truck,Express,Clear,65.8,4.6,0.03,2,4.8,6.68,4.44,746.35
SH101453,2025-03-31,Hub_East,6,SwiftLine,Van,Standard,Clear,38.8,29.2,0.222,2,8.2,5.18,3.74,259.97
SH102513,2025-10-03,Hub_East,3,RoadRunner,Van,Standard,Clear,70.9,20.5,0.109,1,6.4,6.11,5.72,435.9
SH102000,2025-11-17,Hub_North,8,RoadRunner,Van,Standard,Clear,75.5,12.6,0.129,8,3.7,8.38,6.09,500.36
SH104133,2025-07-03,Hub_East,2,RoadRunner,Van,Standard,Rain,33.8,,0.312,8,5.0,6.79,6.83,330.09
SH104077,2025-08-08,Hub_East,6,SwiftLine,Van,Standard,Rain,125.4,6.8,0.064,5,,9.38,8.21,733.45
SH100988,2025-03-31,Hub_North,5,SwiftLine,Bike,Standard,Clear,52.3,48.3,0.56,3,6.8,7.45,6.23,275.81
SH101621,2025-01-02,Hub_East,8,SwiftLine,Van,Standard,Storm,44.8,22.2,0.118,3,5.4,5.71,7.18,270.68
SH104198,2025-12-14,Hub_East,5,CargoPlus,Van,Standard,Clear,50.7,31.5,0.135,1,6.0,5.33,3.83,385.01
